track_id,title,artist_name,tempo,loudness,duration,,,,,,,,,,,,
TRAAAAW128F429D538,I Didn't Mean To,Casual,92.198,-11.197,218.93179,,,,,,,,,,,,
TRAAABD128F429CF47,Soul Deep,The Box Tops,121.274,-9.843,148.03546,,,,,,,,,,,,
TRAAADZ128F9348C2E,Amor De Cabaret,Sonora Santanera,100.07,-9.689,177.47546,,,,,,,,,,,,
TRAAAEF128F4273421,Something Girls,Adam Ant,119.293,-9.013,233.40363,,,,,,,,,,,,
TRAAAFD128F92F423A,Face the Ashes,Gob,129.738,-4.501,209.60608,,,,,,,,,,,,
TRAAAMO128F1481E7F,The Moon And I (Ordinary Day Album Version),Jeff And Sheri Easter,147.782,-9.323,267.7024,,,,,,,,,,,,
TRAAAMQ128F1460CD3,Keepin It Real (Skit),Rated R,111.787,-17.302,114.78159,,,,,,,,,,,,
TRAAAPK128E0786D96,Drop of Rain,Tweeterfriendly Music,101.43,-11.642,189.57016,,,,,,,,,,,,
TRAAARJ128F9320760,Pink World,Planet P Project,86.643,-13.496,269.81832,,,,,,,,,,,,
TRAAAVG12903CFA543,Insatiable (Instrumental Version),Clp,114.041,-6.697,266.39628,,,,,,,,,,,,
TRAAAVO128F93133D4,Young Boy Blues,JennyAnyKind,146.765,-10.021,218.77506,,,,,,,,,,,,
TRAABCL128F4286650,The Urgency (LP Version),Wayne Watson,117.975,-7.545,245.21098,,,,,,,,,,,,
TRAABDL12903CAABBA,La Culpa,Andy Andy,130.04,-6.632,226.35057,,,,,,,,,,,,
TRAABJL12903CDCF1A,Auguri Cha Cha,Bob Azzam,137.334,-7.75,191.84281,,,,,,,,,,,,
TRAABJV128F1460C49,Tonight Will Be Alright,Lionel Richie,125.197,-8.346,307.3824,,,,,,,,,,,,
TRAABLR128F423B7E3,Floating,Blue Rodeo,119.826,-8.576,491.12771,,,,,,,,,,,,
TRAABNV128F425CEE1,High Tide,Richard Souther,127.756,-16.11,228.5971,,,,,,,,,,,,
TRAABRB128F9306DD5,Sohna Nee Sohna Data,Faiz Ali Faiz,99.273,-8.032,599.24853,,,,,,,,,,,,
TRAABVM128F92CA9DC,Caught In A Dream,Tesla,150.062,-5.271,290.29832,,,,,,,,,,,,
TRAABXG128F9318EBD,Synthetic Dream,lextrical,138.331,-6.787,165.69424,,,,,,,,,,,,
TRAABYN12903CFD305,Broken-Down Merry-Go-Round,Jimmy Wakely,86.186,-15.221,151.84934,,,,,,,,,,,,
TRAABYW128F4244559,Kassie Jones,Alice Stuart,110.382,-8.514,220.78649,,,,,,,,,,,,
TRAACCG128F92E8A55,Setanta matins,Elena,111.874,-8.05,269.58322,,,,,,,,,,,,
TRAACER128F4290F96,Setting Fire to Sleeping Giants,The Dillinger Escape Plan,166.862,-4.264,207.77751,,,,,,,,,,,,
TRAACFV128F935E50B,James (Hold The Ladder Steady),SUE THOMPSON,137.522,-12.332,124.86485,,,,,,,,,,,,
TRAACHN128F1489601,Made Like This (Live),Five Bolt Main,164.672,-5.908,225.09669,,,,,,,,,,,,
TRAACIW12903CC0F6D,Superconfidential,Clp,125.006,-6.486,338.31138,,,,,,,,,,,,
TRAACLV128F427E123,I Think My Wife Is Running Around On Me (Taco Hell),Tim Wilson,90.022,-4.516,186.48771,,,,,,,,,,,,
TRAACNS128F14A2DF5,Spanish Grease,Willie Bobo,127.025,-9.616,168.25424,,,,,,,,,,,,
TRAACOW128F933E35F,Crazy Mixed Up World,Faye Adams,95.957,-18.051,156.39465,,,,,,,,,,,,
TRAACPE128F421C1B9,Do You Finally Need A Friend,Terry Callier,110.189,-11.939,342.56934,,,,,,,,,,,,
TRAACQT128F9331780,The Emperor Falls,John Wesley,138.007,-15.335,484.62322,,,,,,,,,,,,
TRAACSL128F93462F4,Twist and Shout,The Shangri-Las,130.1,-10.922,164.80608,,,,,,,,,,,,
TRAACTB12903CAAF15,It Makes No Difference Now,Billie Jo Spears,160.839,-9.983,133.32853,,,,,,,,,,,,
TRAACVS128E078BE39,Laws Patrolling (Album Version),Mike Jones (Featuring CJ_ Mello & Lil' Bran),41.993,-7.762,173.66159,,,,,,,,,,,,
TRAACZK128F4243829,¿Dónde va Chichi?,Sierra Maestra,189.646,-9.512,313.12934,,,,,,,,,,,,
TRAADDS128F425C68B,"Barking Dogs (From ""Piouhgd"")",Butthole Surfers,130.586,-9.063,450.84689,,,,,,,,,,,,
TRAADED128F42741FD,OUTE ENA EFHARISTO,Despina Vandi,128.292,-8.879,303.09832,,,,,,,,,,,,
TRAADEV128F9348C0A,Midnight Swim,Javier Navarrete,90.932,-17.699,128.83546,,,,,,,,,,,,
TRAADHS12903CE70A9,In A Subtle Way,Jacob Young,89.667,-19.478,456.30649,,,,,,,,,,,,
TRAADIV12903CB15C1,Spin,Scarlet's Remains,115.061,-7.469,198.73914,,,,,,,,,,,,
TRAADLH12903CA70EE,Burning In The Aftermath,The Suicide Machines,115.887,-2.022,95.68608,,,,,,,,,,,,
TRAADLN128F14832E9,Angie (1993 Digital Remaster),The Rolling Stones,139.333,-10.358,271.49016,,,,,,,,,,,,
TRAADLR12903CF8D7E,Sabor Guajiro,Roberto Torres,117.271,-12.716,226.66404,,,,,,,,,,,,
TRAADLX128F1469250,Human Cannonball,Loudon Wainwright III,102.428,-15.663,190.48444,,,,,,,,,,,,
TRAADMH128F9343E59,Glory Be,R.L. Burnside,89.984,-6.944,277.78567,,,,,,,,,,,,
TRAADNA128F9331246,Crossfire,Stevie Ray Vaughan,116.721,-7.805,248.78975,,,,,,,,,,,,
TRAADOF12903CAA1C1,I Can't Be Satisfied,John Hammond,123.142,-10.7,195.3171,,,,,,,,,,,,
TRAADQX128F422B4CF,Nashville Parthenon,Casiotone For The Painfully Alone,141.919,-10.93,175.72526,,,,,,,,,,,,
TRAADRN128F932D607,Cocain Ducks,Ec8or,95.596,-9.493,217.23383,,,,,,,,,,,,
TRAADVH128EF34DE7A,Human Being,The New York Dolls,154.953,-9.253,344.05832,,,,,,,,,,,,
TRAADYB128F92D7E73,The More I See You,Eliane Elias,86.091,-12.009,251.42812,,,,,,,,,,,,
TRAADYI128E078FB38,Certain Things We Do,Lost Boyz,90.218,-11.043,269.7922,,,,,,,,,,,,
TRAAEAM128F934B199,Forming,The Germs,133.144,-11.506,206.05342,,,,,,,,,,,,
TRAAEDJ12903CCE390,Mafuá,Yamandu Costa,205.317,-14.179,190.04036,,,,,,,,,,,,
TRAAEEH128E0795DFE,Driving Home For Christmas,Chris Rea,180.149,-8.531,241.162,,,,,,,,,,,,
TRAAELO128F9302DD1,Spooks In Space,Perrey And Kingsley,102.538,-8.541,122.64444,,,,,,,,,,,,
TRAAEMJ128F425A917,Tous Les Garçons Et Les Filles,Eurythmics,84.164,-6.629,207.0722,,,,,,,,,,,,
TRAAENC128F1451DE9,Too Much Saturn,Francis Dunnery,124.175,-13.33,300.79955,,,,,,,,,,,,
TRAAENP128F147BF32,Movement 4 [from Kiss] (Album Version),John Cale,137.004,-12.412,228.46649,,,,,,,,,,,,
TRAAEOU128F9309DE0,Stream,Suzanne Ciani,106.33,-21.552,239.59465,,,,,,,,,,,,
TRAAERU128F930674F,Make Me Over,Vickie Winans,107.961,-8.686,228.93669,,,,,,,,,,,,
TRAAEUB12903CDD3EA,Deform (live),The Berzerker,174.287,-6.222,165.61587,,,,,,,,,,,,
TRAAEWG128F930B3A4,Wicker Chair,Kings Of Leon,116.823,-5.907,187.92444,,,,,,,,,,,,
TRAAEXM128F92D47C8,An ti chans',Edith Lefel,101.972,-4.638,276.50567,,,,,,,,,,,,
TRAAFEB128F92F8694,I Will Love Again (JJ's Club Radio),Taras,127.97,-5.884,200.25424,,,,,,,,,,,,
TRAAFJW128F428A424,Stickin In My Eye,NOFX,152.622,-7.787,144.50893,,,,,,,,,,,,
TRAAFKJ12903D02552,Ota kiinni,Murskahumppa,110.787,-8.488,285.17832,,,,,,,,,,,,
TRAAFMS128F933AB23,Entre Caníbales,Soda Stereo,112.903,-9.603,246.69995,,,,,,,,,,,,
TRAAFON128F42926FB,Rosemary Recalls,Bruce Rowland,115.642,-26.266,84.03546,,,,,,,,,,,,
TRAAFRU128F9339158,Sudanese Dance,Xcultures,125.013,-6.305,273.52771,,,,,,,,,,,,
TRAAFSM128F425A2C5,Where The Thunder Roars (Tales Of Wonder Album Version),White Heart,113.277,-9.998,298.84036,,,,,,,,,,,,
TRAAFUJ128F933F42B,Wanna Be A Player,Heavy D / McGruff,96.979,-9.161,161.38404,,,,,,,,,,,,
TRAAFYL128E07856A7,Panama (Remastered Album Version),Van Halen,140.995,-4.865,209.29261,,,,,,,,,,,,
TRAAGCZ128F93210FD,Let's Get It Started,Black Eyed Peas,105.206,-4.882,229.61587,,,,,,,,,,,,
TRAAGEC128E079252C,Metal,Nine Inch Nails,63.017,-12.951,426.89261,,,,,,,,,,,,
TRAAGGE128F9325E2C,She Fell Away (2009 Digital Remaster),Nick Cave & The Bad Seeds,144.603,-11.751,269.26975,,,,,,,,,,,,
TRAAGHM128EF35CF8E,Next Time,Nadine Renee,167.92,-6.693,249.41669,,,,,,,,,,,,
TRAAGJV128F1464090,It's My Party,Lesley Gore,129.122,-9.091,136.48934,,,,,,,,,,,,
TRAAGKF128F932D5A2,Complicate It,Smartbomb,132.022,-2.658,233.27302,,,,,,,,,,,,
TRAAGKQ128F92EAF39,Monde De Fou,Suburbs,183.92,-4.42,187.24526,,,,,,,,,,,,
TRAAGKS128F9314884,Opus a Satana (Part 2),Emperor,89.867,-11.051,72.61995,,,,,,,,,,,,
TRAAGMJ12903CAD7D4,This Melody (Live),Julien Clerc,119.896,-9.97,272.63955,,,,,,,,,,,,
TRAAGNL128F4299BF1,I'm Gone This Time,Glen Campbell,137.29,-11.335,142.75873,,,,,,,,,,,,
TRAAGOH128F42593CE,You Feel Good All Over,T.G. Sheppard,82.343,-15.581,194.11546,,,,,,,,,,,,
TRAAGPF12903CE027E,Indian Love Call,Slim Whitman,91.487,-11.98,195.91791,,,,,,,,,,,,
TRAAGPH128F4273C8D,You Can Still Be Free,Savage Garden,84.69,-11.215,118.33424,,,,,,,,,,,,
TRAAGPJ128F428CD1B,I Never Came,Queens Of The Stone Age,115.606,-8.165,288.41751,,,,,,,,,,,,
TRAAGUA128F93236E8,Dixie,Hank Penny & The Lincoln Penny Orchestra,126.523,-12.69,123.21914,,,,,,,,,,,,
TRAAGVF128E0789785,Commercial Reign,Inspiral Carpets,113.677,-8.7,283.76771,,,,,,,,,,,,
TRAAGVM128E0784D95,Hourglass,Borialis,86.938,-5.758,239.3073,,,,,,,,,,,,
TRAAGXN128F92DE52C,Wake,The Dirty Skirts,141.936,-4.907,206.75873,,,,,,,,,,,,
TRAAGZU128EF360F47,Caricia Y Herida,Flor Silvestre,106.049,-8.133,134.81751,,,,,,,,,,,,
TRAAHDH128F93094B6,Le tortillard,Bézu,126.88,-9.093,285.64853,,,,,,,,,,,,
TRAAHEG128E07861C3,WKYA (drop),Redman,85.008,-10.296,124.18567,,,,,,,,,,,,
TRAAHEH128F427FCEF,Teräslintu,Solistiyhtye Suomi,133.699,-12.839,134.08608,,,,,,,,,,,,
TRAAHEQ128F93057B4,Now's The Time To Fall In Love,Eddie Cantor,118.975,-13.71,155.61098,,,,,,,,,,,,
TRAAHER128F92E3FE9,Grim Prospects (Gross Prospects - Bad Trip Remix),Schizoid,102.408,-2.119,275.40853,,,,,,,,,,,,
TRAAHJX128F9312B83,Mangos,Kai Winding,112.006,-14.438,223.4771,,,,,,,,,,,,
TRAAHKE128F421389B,A Distant Voice,Sonny Simmons,45.527,-13.002,443.24526,,,,,,,,,,,,
TRAAHMO128F92DE7C9,Openbare Weg,Mira,85.621,-12.004,177.81506,,,,,,,,,,,,
TRAAHPZ12903CB4643,President Johnson,Citizen Kaned,108.061,-8.37,385.33179,,,,,,,,,,,,
TRAAHRF128F92FE234,Lead Me Lord,The Brooklyn Tabernacle Choir,216.195,-11.829,324.44036,,,,,,,,,,,,
TRAAHTH12903CCFFE1,Spontanous Combustion,Ellen McIlwaine,132.428,-6.29,275.12118,,,,,,,,,,,,
TRAAHVY128F92E25D6,Choro,Vince Guaraldi / Bola Sete,168.307,-15.761,294.66077,,,,,,,,,,,,
TRAAHXN128F9326097,Ma Louise,Maurice Chevalier,140.956,-27.433,193.20118,,,,,,,,,,,,
TRAAHYV128F932A425,I Want You (Forever),Carl Cox Vs Yousef,130.016,-5.701,357.82485,,,,,,,,,,,,
TRAAHZP12903CA25F4,Hate,Organized Konfusion,175.769,-8.709,198.3473,,,,,,,,,,,,
TRAAIAE128F42AC53D,I Can't Stop Loving You,Martina McBride,100.194,-13.627,261.95546,,,,,,,,,,,,
TRAAIAN12903CFF16D,Thank You Lord,Horace Andy,151.911,-11.479,176.27383,,,,,,,,,,,,
TRAAIAX128F930531B,How Can You Call That Beautiful (Stewkey Vocal),Nazz,119.691,-6.302,220.89098,,,,,,,,,,,,
TRAAIBB12903CECB35,Cheatin' In The Next Room,Tyrone Davis,161.976,-10.466,235.91138,,,,,,,,,,,,
TRAAIDY128F92CA454,Candy Man,Hot Tuna,172.398,-9.275,239.59465,,,,,,,,,,,,
TRAAIFG12903CB0BCB,I See The Boys Of Summer,Richard Burton,109.823,-37.398,171.49342,,,,,,,,,,,,
TRAAIGD12903CA2F3C,Three Is a Crowd,Rory Block,90.101,-13.836,266.05669,,,,,,,,,,,,
TRAAIHL128F92E6DDA,On Bended Knee,Boyz II Men,116.473,-7.103,329.27302,,,,,,,,,,,,
TRAAIIE128F4288BB1,My Four Reasons,Howard Armstrong,126.821,-13.495,198.922,,,,,,,,,,,,
TRAAIII128F427D5D8,Little Girl (LP Version),Donny Hathaway,111.191,-15.144,283.21914,,,,,,,,,,,,
TRAAILM128F93480BB,Eternamente Amame,Miguel Gallardo,125.508,-12.991,238.68036,,,,,,,,,,,,
TRAAINT128F933BBE0,Niev nietch nievitch,Les Ogres De Barback,137.888,-6.01,254.06649,,,,,,,,,,,,
TRAAIRG128F93265E8,Come Over,DJ X-Change featuring DJ Joey A,150.012,-5.58,184.31955,,,,,,,,,,,,
TRAAIXN128F428027A,Blue Taxi,Morel,108.367,-4.313,311.40526,,,,,,,,,,,,
TRAAIXU128F4241E5C,I Want Love (Tween You & Me) (Album Version),Tony Joe White,173.482,-17.285,162.53342,,,,,,,,,,,,
TRAAIYR12903CD290D,White Feather,Wolfmother,110.745,-5.931,212.37506,,,,,,,,,,,,
TRAAJAC128F148B530,Christlike Roche,The Roches,130.027,-14.248,338.33751,,,,,,,,,,,,
TRAAJBU128F9326C02,You Rascal You,Bob Margolin,110.168,-12.651,126.51057,,,,,,,,,,,,
TRAAJBU12903CE2831,Sympathy,Thomas Battenstein,97.976,-16.056,205.58322,,,,,,,,,,,,
TRAAJEK128F422F55A,They Say (Album),Jupiter Rising,119.979,-5.913,193.4624,,,,,,,,,,,,
TRAAJEK12903CE351A,Simon's Folly,Dharma Bums,156.968,-5.541,127.4771,,,,,,,,,,,,
TRAAJJA12903CC518A,Crawl Before You Ball (Album Version),Saafir,188.886,-6.019,234.762,,,,,,,,,,,,
TRAAJJG128F4284B27,Medicate Myself,The Verve Pipe,133.306,-4.953,292.8322,,,,,,,,,,,,
TRAAJJV128F42A2F99,Biding Her Time,Bob Neuwirth,152.267,-18.114,241.10975,,,,,,,,,,,,
TRAAJMH128E0785407,More And More  (LP Version),Marvin Sapp,166.275,-11.061,270.68036,,,,,,,,,,,,
TRAAJNM12903CF4750,Cowboy Ways,James Hunter,114.971,-7.04,188.73424,,,,,,,,,,,,
TRAAJSX128F4275A1D,Brasas Vivas,Nelson Ned,144.651,-15.358,211.80036,,,,,,,,,,,,
TRAAJVJ128F42570AD,Kolomeyke,Mish Mash,152.005,-11.213,254.32771,,,,,,,,,,,,
TRAAJXQ128F92E65BF,In This Life,Cama,155.074,-5.904,210.36363,,,,,,,,,,,,
TRAAJYX128F4255568,Groovin' In The Midnight,Maxi Priest,61.971,-8.095,301.81832,,,,,,,,,,,,
TRAAKAS128F4246013,Waiting,Porcupine Tree,124.04,-7.982,416.80934,,,,,,,,,,,,
TRAAKAV128F931BE25,A'chek Ouyounik (2009 Digital Remaster),Ragheb Alama,191.196,-8.804,413.36118,,,,,,,,,,,,
TRAAKDF128F92FA302,Hell,Foo Fighters,152.127,-5.699,117.002,,,,,,,,,,,,
TRAAKDG128F42A0ECB,Hips Don't Lie (featuring Wyclef Jean),Shakira Featuring Wyclef Jean,100.023,-5.152,217.36444,,,,,,,,,,,,
TRAAKJJ128F4228346,Juoksuhauta-twist (Elämä juoksuhaudoissa),The Avengers,192.688,-9.965,122.72281,,,,,,,,,,,,
TRAAKNS12903CC5198,I Got Over It (Album Version),Robben Ford,154.322,-11.976,203.98975,,,,,,,,,,,,
TRAAKQS128F4224DE1,One Less Bell To Answer,Brazilian Tropical Orchestra,236.006,-10.229,192.44363,,,,,,,,,,,,
TRAAKSB128F934D73A,Festa,Gil Semedo,150.666,-6.284,285.36118,,,,,,,,,,,,
TRAAKTK128F9343DCC,Te Hacen Falta Vitaminas,Soda Stereo,175.421,-3.818,225.12281,,,,,,,,,,,,
TRAAKVA128F934E69E,Sense And Trick,Xmilk,104.153,-4.633,123.66322,,,,,,,,,,,,
TRAAKVD12903CE8474,Fire (Oscar G Space Vocal Mix),Dolce; Oscar G.,127.278,-5.602,525.16526,,,,,,,,,,,,
TRAAKVZ12903D074BB,Hanging On (Medium Key Performance Track Without Background Vocals),Britt Nicole,160.165,-5.157,204.06812,,,,,,,,,,,,
TRAAKXN128F92E71B1,Grim Prospects (Version 2 Remix),Schizoid,86.091,-1.925,166.00771,,,,,,,,,,,,
TRAALCM128F4264370,Christmas In Jamaica,Toni Braxton Featuring Shaggy,149.94,-5.21,219.01016,,,,,,,,,,,,
TRAALDU128F930D56B,Gossippo Perpetuo,Perrey And Kingsley,135.78,-12.717,127.9473,,,,,,,,,,,,
TRAALEO128F42A7AEA,2190 Dias Contigo,Sven Tasnadi,122.967,-12.28,570.90567,,,,,,,,,,,,
TRAALHD12903D0BD6A,No Control,Eddie,142.024,-9.748,230.00771,,,,,,,,,,,,
TRAALNG12903D014E9,The Vitalized Shell,Enthroned,135.535,-4.878,240.74404,,,,,,,,,,,,
TRAALRZ128F429024E,Mozart,Suzanne Ciani,139.189,-23.988,192.20853,,,,,,,,,,,,
TRAALSV128F4282B9B,Ciao Milan,Milan Band,128.598,-9.414,152.0322,,,,,,,,,,,,
TRAALUX12903CFD50B,Lend Me Your Chopper,Johnny Osbourne,163.445,-9.741,215.30077,,,,,,,,,,,,
TRAALZC128F92E11A6,Letter To Heaven,Dolly Parton,114.027,-11.965,155.21914,,,,,,,,,,,,
TRAALZN128F932D457,Heaven is Where The Heart Is,Rance Allen Group,111.316,-12.779,207.12444,,,,,,,,,,,,
TRAAMES128F42AF068,Inside Job,Pearl Jam,105.994,-8.403,428.56444,,,,,,,,,,,,
TRAAMFG128F92FDEA2,Take A Look  (LP Version),Natalie Cole,88.489,-13.251,185.7824,,,,,,,,,,,,
TRAAMFT128F93128AD,The Czar: Usurper/Escape/Martyr/Spiral (Album Version),Mastodon,118.433,-5.884,654.28853,,,,,,,,,,,,
TRAAMGJ12903CD315C,Bulgarian Dream,Kiril Valeri,96.007,-6.929,306.72934,,,,,,,,,,,,
TRAAMII128F933B583,Amalgama,Word,187.807,-4.198,229.51138,,,,,,,,,,,,
TRAAMJY128F92F5919,Born and Raised In Compton,DJ Quik,181.115,-6.998,205.58322,,,,,,,,,,,,
TRAAMKI128F428537A,We're Gonna Go Fishin',Hank Locklin,148.357,-12.772,127.05914,,,,,,,,,,,,
TRAAMKL128F9347D8A,Robbers Kill Cop,BT,136.164,-18.147,44.35546,,,,,,,,,,,,
TRAAMKP12903CC74F4,Relax,2-4 Grooves feat. Reki D.,126.941,-7.661,203.83302,,,,,,,,,,,,
TRAAMKW128F4249CF0,Sweet By And By,The Jordanaires,159.582,-17.308,176.50893,,,,,,,,,,,,
TRAAMPA128F92E7D0D,Orgofart,Descendents,89.495,-28.347,140.66893,,,,,,,,,,,,
TRAAMSO128EF348DCC,Bitch Is Back,L.A. Guns,102.259,-2.869,201.09016,,,,,,,,,,,,
TRAAMXP128F4264F6A,Naked Albino,Bare Jr.,107.529,-7.309,254.79791,,,,,,,,,,,,
TRAAMYQ128F148B753,Johnny Loves Me (LP Version),Shelley Fabares,99.408,-15.351,143.0722,,,,,,,,,,,,
TRAAMZB12903CAB002,Dearly Beloved,Norrie Paramor,79.731,-25.694,163.49995,,,,,,,,,,,,
TRAAMZR128F9315DCC,The Look Of Love,Gary Hobbs,188.502,-9.435,289.64526,,,,,,,,,,,,
TRAANBH128F9345A6C,Cooler Than You,Diesel Boy,133.729,-4.793,124.15955,,,,,,,,,,,,
TRAANKK128F42531BC,Taryns Deepest Fear,Angelo Badalamenti,139.136,-17.623,167.3922,,,,,,,,,,,,
TRAANLO128F422AE37,Summer Dying Fast,Cradle Of Filth,193.693,-6.2,321.35791,,,,,,,,,,,,
TRAANLZ128F934EC42,Still,Jim Chappell,76.693,-19.821,263.94077,,,,,,,,,,,,
TRAANMF12903CEAFEF,Snapshot,Ladybug,126.95,-9.632,341.36771,,,,,,,,,,,,
TRAANRI12903CD0A9C,End Of The Road (Head Hornys Remix),Bandido,144.812,-5.671,333.13914,,,,,,,,,,,,
TRAANTD128F9323B23,7 Miles,Brixx,138.003,-11.708,349.12608,,,,,,,,,,,,
TRAANTZ128E0792529,The Frail,Nine Inch Nails,130.284,-16.968,168.56771,,,,,,,,,,,,
TRAAODT12903D0D16E,Para Milladoiro,Susana Seivane,152.013,-13.038,350.71955,,,,,,,,,,,,
TRAAOEH128F426A82F,Stone Cold Fingers (Bonus Track),Leland Martin,159.968,-10.647,175.62077,,,,,,,,,,,,
TRAAOIN128F9303790,Snowball,Test Icicles,75.031,-4.172,190.24934,,,,,,,,,,,,
TRAAOJI128F1458DCD,(We Don't Need This) Fascist Groove Thang,Heaven 17,150.837,-10.756,255.16363,,,,,,,,,,,,
TRAAOPW128F428AE31,Drunk Alone,React,143.231,-3.422,120.2673,,,,,,,,,,,,
TRAAORY128F934984F,Charisma,Sven Tasnadi,123.993,-12.26,557.26975,,,,,,,,,,,,
TRAAOTD128F42322FC,Going Down Slow,Mance Lipscomb,97.981,-23.527,187.53261,,,,,,,,,,,,
TRAAOTT128F14AE002,All Rise,Scott Wesley Brown,137.288,-9.435,295.60118,,,,,,,,,,,,
TRAAOTT128F9342E04,Jogo Limpo,Flávio José,168.323,-8.639,252.02893,,,,,,,,,,,,
TRAAOXM12903CFB3B0,Silent Hill,Moss,111.079,-7.672,329.35138,,,,,,,,,,,,
TRAAOYG128F9314996,Our Love Is Here To Stay,Pery Ribeiro,133.009,-13.668,180.00934,,,,,,,,,,,,
TRAAPCC128F42519A7,Everything Changes,Soular,146.577,-6.885,244.45342,,,,,,,,,,,,
TRAAPFQ128F42684DB,Master Of Disharmony,Dimmu Borgir,140.458,-4.2,282.53995,,,,,,,,,,,,
TRAAPGF128F1458F8B,(This Is Not A) Love Song (Live),Public Image Ltd,132.506,-16.433,388.28363,,,,,,,,,,,,
TRAAPIV128F1493132,What Are We Here For,Gary Moore,153.862,-6.951,345.93914,,,,,,,,,,,,
TRAAPLS12903CB2D40,Une petite pause,Pascal Sangla,93.238,-14.737,243.1473,,,,,,,,,,,,
TRAAPPQ128F14961F5,Wig,The B-52's,124.086,-9.628,261.74649,,,,,,,,,,,,
TRAAPQQ128F427C750,Perasmena Mesanihta,Dakis,66.765,-8.46,172.25098,,,,,,,,,,,,
TRAAPSQ12903CAE86A,God Save the Queen (Live),Sex Pistols,145.518,-3.736,216.60689,,,,,,,,,,,,
TRAAPVV128F425D64C,Forever,Chris Brown,139.998,-4.376,363.59791,,,,,,,,,,,,
TRAAPWD128F931ACD4,Sun Is Shining,Deekline & Wizard,90.648,-6.947,271.77751,,,,,,,,,,,,
TRAAPXK128F934DF25,New Age,Daniela Dessì,140.334,-12.279,330.65751,,,,,,,,,,,,
TRAAQBF12903CF796B,Have Yourself A Merry Little Christmas,Hem,89.86,-15.736,133.27628,,,,,,,,,,,,
TRAAQCK128F92E8C33,U Killed It,Lily Allen,156.097,-5.871,264.69832,,,,,,,,,,,,
TRAAQDJ128F92F95E0,Rain And Snow,Pentangle,179.501,-12.053,228.51873,,,,,,,,,,,,
TRAAQDL12903CA8FB5,Gerra De De,DJ Dips,86.689,-6.248,240.3522,,,,,,,,,,,,
TRAAQEV12903CB5459,Kako mi je pitas sad,Ana Bekuta,160.261,-13.703,145.57995,,,,,,,,,,,,
TRAAQFC128F425ED83,Voices On The Corner,Jason Miles,101.03,-9.716,235.80689,,,,,,,,,,,,
TRAAQIH128F428BDEA,(Bloody Paw On The) Kill Floor,Busdriver,155.038,-6.258,192.1824,,,,,,,,,,,,
TRAAQLE128F424AE71,I Wish My Mother Was Here,Byther Smith,117.168,-11.702,418.87302,,,,,,,,,,,,
TRAAQLJ128F428E870,Inolvidable,Bebo & Cigala,132.967,-14.509,198.26893,,,,,,,,,,,,
TRAAQOH128F4265CE6,Miracle,Bizarre Inc,139.91,-9.062,420.10077,,,,,,,,,,,,
TRAAQPS128F429161D,Witch Weed (Live),Bongzilla,95.882,-6.788,397.26975,,,,,,,,,,,,
TRAAQUC128F9322A82,Not Buried Deep Enough,The Gone Jackals,135.175,-12.772,229.79873,,,,,,,,,,,,
TRAAQUF12903CDF4A4,Give Me 40 Acres (To Turn This Rig Around),The Willis Brothers,121.983,-9.258,150.64771,,,,,,,,,,,,
TRAAQWF128F92D1AAD,Ernesto Nazareth,Laurindo Almeida / Carlos Barbosa-Lima / Charlie Byrd,169.775,-24.597,286.14485,,,,,,,,,,,,
TRAAQYN128F92ED77E,The Cube (Live),S.U.P,137.862,-8.161,384.70485,,,,,,,,,,,,
TRAAQYU12903CE68CE,Get Back Down,Boogie Pimps,83.326,-6.751,415.03302,,,,,,,,,,,,
TRAAQZF12903CEDCB8,Battle Of The Rosebud / Cries,Brian Keane,117.667,-29.295,133.53751,,,,,,,,,,,,
TRAAQZQ128EF35C51A,Beyond the Light,Aberdeen,90.908,-12.658,266.70975,,,,,,,,,,,,
TRAARHS128F931689D,Spaceman,The Killers,151.953,-6.546,284.3424,,,,,,,,,,,,
TRAARRG12903CDB456,Pulecenella 'e mò,Gloriana,161.054,-17.522,179.06893,,,,,,,,,,,,
TRAARSF12903CD1B12,Iskorosten' (instr.),Butterfly Temple,159.895,-10.777,100.5971,,,,,,,,,,,,
TRAARUN128F932B1A0,Big Stax/High Volts (Album Version),Grant Geissman,128.219,-9.993,320.60036,,,,,,,,,,,,
TRAASDM12903CD474E,It Goes On,20/20,101.229,-12.99,302.36689,,,,,,,,,,,,
TRAASEO128F9337C48,Pecado De Amor,José Augusto,98.859,-8.339,284.70812,,,,,,,,,,,,
TRAASFP128F42980BD,Illuminate,Orbital,125.975,-6.531,327.8624,,,,,,,,,,,,
TRAASGM128EF34DBB0,Never Forget Me,Bone Thugs-N-Harmony / Akon,154.09,-6.933,286.30159,,,,,,,,,,,,
TRAASIG128F92C3A6B,Ukkosenjumalan poika,Moonsorrow,124.237,-4.178,356.49261,,,,,,,,,,,,
TRAASKO128F427CE1C,A B***** Is A B***** (Edited),N.W.A.,97.099,-8.91,168.75057,,,,,,,,,,,,
TRAASKQ128F4265E04,Kick Out The Jams,Rage Against The Machine,140.63,-2.069,201.56036,,,,,,,,,,,,
TRAASOD128F428154C,Me And My Buddy,Jazz Gillum,101.41,-16.844,185.67791,,,,,,,,,,,,
TRAASQC128F93480F0,Amber Changing,Rise Against,186.254,-3.803,218.8273,,,,,,,,,,,,
TRAASSO12903CDD2FF,Murder Academy,Ultraviolence,210.47,-10.57,303.04608,,,,,,,,,,,,
TRAASUZ128F9314950,Hey Daddy,Korn,94.057,-6.694,224.522,,,,,,,,,,,,
TRAASYO128F4263883,4 Sea Interludes Op. 33a: Storm,Sir Neville Marriner,100.349,-16.753,315.27138,,,,,,,,,,,,
TRAASZE128F93499AE,I Need You Now,Agnes,124.009,-4.376,275.06893,,,,,,,,,,,,
TRAATBN128F14ACE82,Atmosphere Station,James Horner,90.084,-38.525,191.81669,,,,,,,,,,,,
TRAATGM12903C9CD7C,Walk Away,Tantric,106.698,-1.843,177.24036,,,,,,,,,,,,
TRAATIU128F4291A84,Shadows That Move,Mastodon,89.78,-3.937,233.58649,,,,,,,,,,,,
TRAATJK128F9339179,Smile,Xcultures,107.177,-16.006,38.3473,,,,,,,,,,,,
TRAATLC12903D0172B,Mountains Of Mourne,The Irish Tenors,152.258,-19.794,100.85832,,,,,,,,,,,,
TRAATMY128F149562F,Kite Live from Sydney,U2,134.083,-7.614,485.19791,,,,,,,,,,,,
TRAATMY128F9334DAC,Loco (Crazy),Little Joe,106.398,-10.274,239.01995,,,,,,,,,,,,
TRAATNJ128F42631BA,Ever Be,Korn,160.022,-5.912,288.49587,,,,,,,,,,,,
TRAATNN128F92FD35F,Oh Look Misery,Blind Blake & The Royal Victoria Hotel Calypsos,101.492,-7.108,151.53587,,,,,,,,,,,,
TRAATOA12903CAD615,Yesterdays,Percy Faith,86.141,-15.578,160.28689,,,,,,,,,,,,
TRAATPA128F146753C,Teacher's Pet,Extreme,120.097,-9.334,181.55057,,,,,,,,,,,,
TRAATQC128F425AF61,Palmer enquête,Alexandre Desplat,128.173,-16.942,70.26893,,,,,,,,,,,,
TRAATWQ12903CC5BA8,Go To Hell,Prozak,88.835,-6.021,173.24363,,,,,,,,,,,,
TRAATXO128F92D97A6,Moon River - Original,Jerry Butler,105.24,-13.135,155.74159,,,,,,,,,,,,
TRAATZQ128F425E5F1,La Plus Bath Des Javas,Yvette Horner,162.385,-6.893,148.03546,,,,,,,,,,,,
TRAAUDN128F933F20D,Infidel,Delta 9,109.636,-9.506,94.06649,,,,,,,,,,,,
TRAAUEO128E0780CB9,English Summer Rain,Placebo,108.264,-7.255,241.52771,,,,,,,,,,,,
TRAAUGD128F42734DA,Spanish Shuffle (Album Version),Tam Tam Go!,119.524,-7.684,226.82077,,,,,,,,,,,,
TRAAUGZ128F9307F78,Intro,Gertrudis,97.76,-12.385,106.52689,,,,,,,,,,,,
TRAAUIH128F4254C9D,Empress So Divine,Warrior King,241.877,-4.779,224.28689,,,,,,,,,,,,
TRAAUKK128F933A680,Terapia De Amor Intensiva,Soda Stereo,91.328,-11.356,340.29669,,,,,,,,,,,,
TRAAUMJ128F933BDB6,Haunting,LORE,130.062,-8.147,216.55465,,,,,,,,,,,,
TRAAUMN128F4273561,Lies Of Hate,Soul Asylum,68.734,-6.582,279.2224,,,,,,,,,,,,
TRAAUMZ12903CA97DC,The First Noel,Carl Doy with NZSO,94.658,-16.527,158.56281,,,,,,,,,,,,
TRAAUSW128F426646E,Musical Episode,Horace Andy,102.055,-10.173,234.44853,,,,,,,,,,,,
TRAAUWD128F930DD4E,Beautiful Brown eyes,Jimmy Wakely,109.065,-14.123,155.95057,,,,,,,,,,,,
TRAAUZI12903CAFD53,Drop the Bass,The Nightraver & The Magican,184.981,-5.483,233.53424,,,,,,,,,,,,
TRAAUZX128F92F3D53,The Last Word (Amended Version),Rah Digga (Featuring Outsidaz),201.802,-7.307,256.80934,,,,,,,,,,,,
TRAAVAH128F4284D7C,Hard Times,RUN-DMC,119.67,-12.75,234.65751,,,,,,,,,,,,
TRAAVDZ128F148C948,Just As Much As Ever,Bert Kaempfert And His Orchestra,105.181,-10.328,163.76118,,,,,,,,,,,,
TRAAVGB12903CFAA99,Filipino Baby,Hank Locklin,165.668,-9.668,159.03302,,,,,,,,,,,,
TRAAVIH12903CFAC90,The Boss,Lady May,188.056,-5.444,214.04689,,,,,,,,,,,,
TRAAVIT128F92E657C,Escapist,Nightwish,143.97,-4.144,301.06077,,,,,,,,,,,,
TRAAVJL128F14ACADD,Jeffrey's Dark Side,Angelo Badalamenti,61.883,-18.349,109.37424,,,,,,,,,,,,
TRAAVKY12903CBBB93,Someone to Watch Over Me,Frank Chacksfield,0,-20.964,151.82322,,,,,,,,,,,,
TRAAVNN128F428A85D,Milagre Dos Peixes/ Musica Incidental: Cais/ Music Incidental: San Vicente,Cesar Camargo Mariano/Helio Delmiro,163.167,-11.877,287.11138,,,,,,,,,,,,
TRAAVOK12903CC4773,Pinned To The Ground (album version),Buzzhorn,144.836,-5.627,239.98649,,,,,,,,,,,,
TRAAVOU128F422F292,Always And Never (Album Version),Silverstein,108.499,-1.998,229.642,,,,,,,,,,,,
TRAAVRJ128F92FF90A,Myth Takes,!!!,193.978,-7.901,143.98649,,,,,,,,,,,,
TRAAWAD128F92FA59F,Carpe PM,The Secret Life of Teenage Girls,88.935,-8.798,153.20771,,,,,,,,,,,,
TRAAWDK128F92E2A17,Who Shot Ya (Amended Album Version),The Notorious B.I.G.,91.69,-5.934,316.65587,,,,,,,,,,,,
TRAAWGY128F4298A09,Poor Tom (Album Version),Led Zeppelin,210.8,-10.7,182.09914,,,,,,,,,,,,
TRAAWOR128F92DF3C8,Wounded Hearts,Sandi Thom,82.205,-4.332,205.21751,,,,,,,,,,,,
TRAAWQD12903CAA968,Love's Been Good To Me,Carl Belew,121.563,-15.672,131.05587,,,,,,,,,,,,
TRAAWUH128F427F12C,When Morning Comes To Town,The Field Mice,162.682,-15.54,316.73424,,,,,,,,,,,,
TRAAWUM128F426009A,Estate,Billy Higgins_ Bob Berg_ Cedar Walton_ Tony Dumas,106.219,-14.621,431.64689,,,,,,,,,,,,
TRAAWVQ128F9313D31,Freedom Enough (From Silent Mother Nature),Catherine Howe,172.337,-11.428,183.37914,,,,,,,,,,,,
TRAAXCM128F427F97B,Hai Shava,Malkit Singh,210.305,-11.273,324.51873,,,,,,,,,,,,
TRAAXEJ12903CA7253,Nutty Block,Rodney O & Joe Cooley,175.393,-9.745,172.01587,,,,,,,,,,,,
TRAAXIR128F92D1938,Until You Love Someone,Dean Martin,128.459,-10.917,165.66812,,,,,,,,,,,,
TRAAXKI128F92DAC1B,Part One From Triomusic,Strata,109.671,-21.787,377.67791,,,,,,,,,,,,
TRAAXMC128F14A53EA,Hello Young Lovers (LP Version),James Darren,141.024,-14.449,145.00526,,,,,,,,,,,,
TRAAXMX128F9307699,Same Man,Till West & DJ Delicious,125.558,-7.535,153.28608,,,,,,,,,,,,
TRAAXPA128F92FC706,Quiero Ir Ao Mar,Carlos Nuñez,211.327,-10.918,215.35302,,,,,,,,,,,,
TRAAXTY128F42725BC,The Owl and the Pussy-cat,Igor Stravinsky,147.637,-21.25,156.70812,,,,,,,,,,,,
TRAAXUY128F426BA55,Set You Free This Time,Gene Clark,98.49,-12.77,168.38485,,,,,,,,,,,,
TRAAYCQ128F425EE32,Bloco Da Solidao (1996 Digital Remaster),Maysa,137.673,-15.574,150.25587,,,,,,,,,,,,
TRAAYGH128F92ECD16,Will You Love Me Tomorrow,The Shirelles,68.283,-9.79,159.76444,,,,,,,,,,,,
TRAAYNQ128EF35922B,Stille nacht_ heilige nacht,The American Boychoir,0,-32.017,230.26893,,,,,,,,,,,,
TRAAYPG128F933C941,Nine Ways,JDS,134.014,-5.533,465.60608,,,,,,,,,,,,
TRAAYPN128F9340DDF,Northern Downpour (Album Version),Panic At The Disco,85.157,-8.901,247.77098,,,,,,,,,,,,
TRAAYRA128F92E9CC7,Bad Seed,Jan Howard,86.162,-15.915,165.98159,,,,,,,,,,,,
TRAAYTI128F933663B,Exchange,Abraham Laboriel,93.106,-8.489,368.16934,,,,,,,,,,,,
TRAAYVL128F1473727,Marie D'Aquitaine,Michèle Arnaud,49.262,-13.366,176.27383,,,,,,,,,,,,
TRAAZBD128F427A97D,Oh My God,Sticky Fingaz,80.149,-5.947,266.4224,,,,,,,,,,,,
TRAAZBX128F1492AF8,Joy To The World,Dame Joan Sutherland / New Philharmonia Orchestra / Richard Bonynge,82.422,-13.826,111.0722,,,,,,,,,,,,
TRAAZGC12903CB5DFB,Hoochie Coochie Man,The Jeff Healey Band,107.197,-11.488,313.7824,,,,,,,,,,,,
TRAAZHO128F427C9EC,Ftei O Erotas,Angela Dimitriou,124.177,-9.28,265.37751,,,,,,,,,,,,
TRAAZIE128F427961E,The Second Summer Of Love,Danny Wilson,196.034,-7.928,167.20934,,,,,,,,,,,,
TRAAZJU12903C980B6,Prelude And Fugue In C Major BWV 531 : Fugue,Lionel Rogg,64.401,-14.367,240.61342,,,,,,,,,,,,
TRAAZKV12903CDDFE0,Don't Phunk With My Heart,Java,130.861,-7.598,356.41424,,,,,,,,,,,,
TRAAZLK128F93586D6,Give It What U Got,SWAMI featuring Asuivre,90.008,-2.939,260.28363,,,,,,,,,,,,
TRAAZOZ12903C9CABF,Dancing To A Standstill,The Black Velvet Band,122.174,-8.632,256.39138,,,,,,,,,,,,
TRAAZPJ128F4292DB5,Isla del Luna,Lisa Lynne,95.981,-14.544,316.49914,,,,,,,,,,,,
TRAAZQF128F4285BC3,Spirit,Pe'z,75.955,-7.605,252.57751,,,,,,,,,,,,
TRAAZQW128F93430DC,Another Long One,Shawn Colvin,210.871,-13.256,224.60036,,,,,,,,,,,,
TRAAZYI12903CB2EE4,Leng Jing,Stephy Tang,105.196,-7.225,214.12526,,,,,,,,,,,,
TRABACN128F425B784,OAKtown,Casual,106.689,-8.422,259.44771,,,,,,,,,,,,
TRABAFJ128F42AF24E,Larger Than Life,Backstreet Boys,112.787,-5.12,236.25098,,,,,,,,,,,,
TRABAFP128F931E9A1,I Hold Your Hand In Mine [Live At Royal Albert Hall],Tiny Tim,93.779,-23.996,43.36281,,,,,,,,,,,,
TRABAIO128F42938F9,Baby Come To Me,Kenny G featuring Daryl Hall,89.865,-8.041,236.93016,,,,,,,,,,,,
TRABATO128F42627E9,Den Pai Alo,Christos Dantis,133.339,-10.957,243.82649,,,,,,,,,,,,
TRABAVQ12903CBF7E0,It Wont Be Christmas,David Martin,98.718,-14.835,241.47546,,,,,,,,,,,,
TRABAWW128F4250A31,Knocked Out Of The Park,John Davis,74.072,-22.289,183.17016,,,,,,,,,,,,
TRABAXL128F424FC50,Salt In NYC,Trafik,130.006,-10.683,424.12363,,,,,,,,,,,,
TRABAXR128F426515F,Wessex Loses a Bride,Nick Ingman;Gavyn Wright,104.394,-18.703,111.62077,,,,,,,,,,,,
TRABAXV128F92F6AE3,Erica (2005 Digital Remaster),Eddie Calvert,159.587,-9.672,138.63138,,,,,,,,,,,,
TRABAZH128F930419A,Blessed Assurance,Glad,192.702,-10.754,270.602,,,,,,,,,,,,
TRABBAM128F429D223,Loaded Like A Gun,Steel Rain,98.11,-8.372,173.19138,,,,,,,,,,,,
TRABBBV128F42967D7,Rumba De Barcelona,Los Manolos,118.595,-4.37,218.38322,,,,,,,,,,,,
TRABBJE12903CDB442,Clementina Santafè,Gloriana,143.601,-15.599,153.33832,,,,,,,,,,,,
TRABBKX128F4285205,Wild Rose (Back 2 Basics Mix),Bombay Rockers,81.319,-6.358,230.71302,,,,,,,,,,,,
TRABBLU128F93349CF,Kutt Free (DJ Volume Remix),Jinx,89.345,-7.884,407.37914,,,,,,,,,,,,
TRABBNP128F932546F,Ten Tonne,Chase & Status,174.993,-5.134,337.68444,,,,,,,,,,,,
TRABBOP128F931B50D,A Higher Place (Album Version),Tom Petty,129.122,-4.954,236.17261,,,,,,,,,,,,
TRABBOR128F4286200,Sono andati? Fingevo di dormire,Montserrat Caballé;Placido Domingo;Vicente Sardinero;Judith Blegen;Sherrill Milnes;Georg Solti,86.666,-26.358,511.16363,,,,,,,,,,,,
TRABBTA128F933D304,Got My Mojo Workin,Pucho & His Latin Soul Brothers,231.867,-15.672,338.23302,,,,,,,,,,,,
TRABBVJ128F92F7EAA,Get Your Head Stuck On Your Neck,Soul Mekanik,190.698,-21.593,45.66159,,,,,,,,,,,,
TRABBXU128F92FEF48,Jenny Take a Ride,Mitch Ryder,97.538,-11.255,207.43791,,,,,,,,,,,,
TRABBZN12903CD9297,Sonnerie lalaleulé hi houuu,Blingtones,95.225,-11.494,29.54404,,,,,,,,,,,,
TRABCAJ12903CDFCC2,Midnight Star,Luna Orbit Project,139.993,-7.427,335.51628,,,,,,,,,,,,
TRABCEC128F426456E,Native Soul,Danilo Perez,159.233,-16.113,197.19791,,,,,,,,,,,,
TRABCEI128F424C983,Der Kleine Dompfaff,Line Renaud,124.75,-9.843,152.92036,,,,,,,,,,,,
TRABCFL128F149BB0D,A Whiter Shade Of Pale (Live @ Fillmore West),King Curtis,100.415,-17.492,326.00771,,,,,,,,,,,,
TRABCIX128F4265903,The Ballad Of Sleeping Beauty,Sophie B. Hawkins,105.003,-6.301,305.162,,,,,,,,,,,,
TRABCKL128F423A778,Streets On Fire (Explicit Album Version),Lupe Fiasco,110.218,-6.294,279.97995,,,,,,,,,,,,
TRABCPZ128F4275C32,Music is what we love,Wilks,88.973,-7.64,261.51138,,,,,,,,,,,,
TRABCRU128F423F449,City Slickers,Marc Shaiman,134.566,-18.341,149.86404,,,,,,,,,,,,
TRABCTK128F934B224,Intro,40 Grit,186.882,-22.752,75.67628,,,,,,,,,,,,
TRABCUQ128E0783E2B,Harajuku Girls,Gwen Stefani,113.995,-4.169,290.55955,,,,,,,,,,,,
TRABCXB128F4286BD3,Prognosis,Steve Morse,90.199,-6.977,363.85914,,,,,,,,,,,,
TRABCYE128F934CE1D,Living Hell,Bitter End,111.032,-14.041,282.43546,,,,,,,,,,,,
TRABDDA12903CC007C,Small World,Ethel Merman,124.184,-16.994,135.31383,,,,,,,,,,,,
TRABDDP128F92FA843,Truck Driving Man/Down In The Caribbean,Leon Russell & New Grass Revival,157.746,-12,221.30893,,,,,,,,,,,,
TRABDSK128F42443F1,Swallow The Knife (Live) (Segue),Story Of The Year,100.032,-7.626,75.57179,,,,,,,,,,,,
TRABDTV128E0791839,Mayday,Natural Elements,185.88,-6.318,338.1024,,,,,,,,,,,,
TRABDVD128F4292CDF,Lake Of Dreams,Lisa Lynne,94.031,-12.811,298.10893,,,,,,,,,,,,
TRABDZC128F42AC23F,Because Of You,Neil Sedaka,76.013,-9.448,170.84036,,,,,,,,,,,,
TRABEAZ128F92E7FA9,Un Peu D'Amour Et D'Amitié,Maurice Larcange,133.553,-10.398,215.37914,,,,,,,,,,,,
TRABEBP12903C9BA03,Rattlesnake!,A Static Lullaby,202.233,-5.537,213.49832,,,,,,,,,,,,
TRABECY128F93317AA,Disappeared,John Wesley_ John Wesley,133.405,-7.513,351.08526,,,,,,,,,,,,
TRABEFN128F92D925B,Doppelgänger [Qliphothic Phantasmagoria],Coph Nia,116.819,-17.16,658.02404,,,,,,,,,,,,
TRABEGU12903CACFD1,Ain't No Love Ain't No Use (Love To Infinity Full Funk Mix),Tabu feat. Mitzib,127.887,-9.788,474.61832,,,,,,,,,,,,
TRABEKF128F42765FF,Ghost Town Rituals (Album Version),Nights Like These,124.872,-4.053,305.89342,,,,,,,,,,,,
TRABEMC128F148EF2D,Morning Glory,Oasis,136.948,-3.159,301.92281,,,,,,,,,,,,
TRABERG128F92FCD72,Rudolph The Red-Nosed Reindeer,John Davis & Emma Doyle,169.878,-13.781,135.52281,,,,,,,,,,,,
TRABERS128F4247FE1,Tomorrow Gone,Stew,100.621,-10.968,179.9571,,,,,,,,,,,,
TRABEXK12903CCE19B,I don't Want to Be Alone Tonight,Jauida,101.01,-6.996,269.76608,,,,,,,,,,,,
TRABFGJ12903CF6A75,Just A Little Lovin' (Will Go A Long Way),Eddy Arnold,157.779,-14.014,166.16444,,,,,,,,,,,,
TRABFKN12903CAF61B,Shameless,All Time Low,91.483,-2.838,221.67465,,,,,,,,,,,,
TRABFMW12903CD352F,And I Love You So,Brian Dullaghan,99.109,-15.046,212.94975,,,,,,,,,,,,
TRABFPX128F9331F21,L' Envers Du Décor,Richard Galliano,76.296,-15.008,261.74649,,,,,,,,,,,,
TRABFQC128F4265349,Quiet Time,Regina Belle,92.672,-8.916,307.33016,,,,,,,,,,,,
TRABFTP12903CE6A47,Little Sister,Debbie Davies,116.984,-6.908,225.67138,,,,,,,,,,,,
TRABFVS128F4289CE5,Song For Mom (LP Version),STEVE CAMP,139.07,-9.371,296.14975,,,,,,,,,,,,
TRABFXR128F9350B92,All Over Me,Jay Tee & Baby Bash,98.983,-5.234,203.67628,,,,,,,,,,,,
TRABFYT128F9339BA6,I Hate You,The Stolen Minks,123.695,-2.704,56.42404,,,,,,,,,,,,
TRABFZX128F4241355,From The Blind (LP Version),Daath,97.151,-3.325,230.86975,,,,,,,,,,,,
TRABGDA128F92F69BB,Misanthrope,Extasick,91.459,-8.933,134.03383,,,,,,,,,,,,
TRABGHG128F934B27E,Chains Chains (Live In Hammersmith),UFO,116.11,-8.548,212.61016,,,,,,,,,,,,
TRABGIA128F4226F8A,The Date (Remix By Ana Rago),Avril - Remix By Ana Rago,85.282,-18.397,188.39465,,,,,,,,,,,,
TRABGIJ128F92F5EC8,As My Fire Flies,Pat Travers,140.872,-7.812,152.99873,,,,,,,,,,,,
TRABGLK128F9338730,We Wish You A Merry Christmas,SNOWPATROL,144.003,-8.499,233.03791,,,,,,,,,,,,
TRABGMB12903CF50FE,Böse,Die Fantastischen Vier,120.001,-5.165,149.99465,,,,,,,,,,,,
TRABGOW128F9334C37,Saturday Night Is The Loneliest Night In The Week,Jeanie Lambe & The Danny Moss Quartet,168.558,-10.274,152.0322,,,,,,,,,,,,
TRABGQG128F4275A1E,A Mi No Me Importa,Nelson Ned,146.061,-12.708,200.48934,,,,,,,,,,,,
TRABGUU128F4227C0A,BYOB (Explicit Album Version),Yung Joc,174.019,-5.797,193.64526,,,,,,,,,,,,
TRABGUV128F9310D99,Le Presbytère n'a rien perdu de son Charme,Philippe Sarde,85.691,-22.35,158.82404,,,,,,,,,,,,
TRABGWT128F9334E43,Ven Morena,Orquesta Aragón,92.606,-7.113,173.68771,,,,,,,,,,,,
TRABGYI128F428EDC5,Brighton by the Sea,Jason Miles,163.97,-7.467,269.40036,,,,,,,,,,,,
TRABGYU128F422B4D3,CHAOS INTRO,State of Chaos,97.619,-18.724,176.90077,,,,,,,,,,,,
TRABGZL128F428A25B,Bloody Pig Pile (Live),Dropkick Murphys,183.808,-5.386,196.72771,,,,,,,,,,,,
TRABHBA128F424CF80,Hex Breaker,Taint,92.044,-4.583,281.46893,,,,,,,,,,,,
TRABHCE128F426361B,The Melting Moon (Edit),VHS Or Beta,126.806,-5.893,224.20853,,,,,,,,,,,,
TRABHFK128F92F1271,Hawaiian Chimes,Leonard Kwan,108.912,-17.805,170.31791,,,,,,,,,,,,
TRABHKR128F424944A,Turn Around,True Believers,160.731,-4.228,361.53424,,,,,,,,,,,,
TRABHNS128F93125B5,L'accordéoniste,Les Hurlements D'leo,104.307,-7.693,182.04689,,,,,,,,,,,,
TRABHTQ128F92DB038,Tumba Tumba,Charanga Forever,203.964,-6.622,367.43791,,,,,,,,,,,,
TRABHVF128F425A0C9,Why don't you eat where you slept last night ?,Zuzu Bollin,131.683,-19.263,175.90812,,,,,,,,,,,,
TRABHVL128F92EFB0E,Suffocating Under Words Of Sorrow (What Can I Do),Bullet For My Valentine,188.924,-2.315,215.53587,,,,,,,,,,,,
TRABHWW128F424E9D2,Im Moving On,The Hit Factory,126.342,-8.299,234.70975,,,,,,,,,,,,
TRABICV128F146AEF8,Deep Night/Softly As In A Morning Sunrise (Medley),Terry Snyder,112.097,-12.752,340.11383,,,,,,,,,,,,
TRABIEL128F931E1F2,Let Me Show You [I Just Want To Make You Smile],Marcus Miller,125.147,-13.078,280.13669,,,,,,,,,,,,
TRABIJJ128F426A1C1,Monster For Music,Beatnuts,87.634,-10.231,170.52689,,,,,,,,,,,,
TRABIKX128F930CE4F,Complain,Ayo,128.689,-11.26,212.71465,,,,,,,,,,,,
TRABIOI12903CD8B9B,Daydreaming [Jakwob Remix],Kid Sister,140.026,-3.573,277.2371,,,,,,,,,,,,
TRABIOZ12903CF3554,Dansende Foran Speilet,Mons Leidvin Takle,147.576,-25.146,120.92036,,,,,,,,,,,,
TRABIPA128F1458F79,Ease,Public Image Ltd,193.56,-12.091,492.30322,,,,,,,,,,,,
TRABIQP128F427D0DD,Everchanging,Rise Against,122.006,-8.576,260.8322,,,,,,,,,,,,
TRABISL12903D08B0D,Too much informa,Sizzla,190.01,-6.832,203.96363,,,,,,,,,,,,
TRABIUA128F9349CDF,L'insidieuse (Live),Richard Galliano,111.663,-13.481,309.65506,,,,,,,,,,,,
TRABIWU12903CDF3B7,So Hot,Helen Love,100.76,-6.746,81.97179,,,,,,,,,,,,
TRABIZN128F9317EDF,Youlan_ Lonely Orchid (solo guqin),David Mingyue Liang,163.67,-16.077,757.99465,,,,,,,,,,,,
TRABIZY128F933C696,Forbidden Fruit,Pursuit Of Happiness,127.298,-10.324,196.49261,,,,,,,,,,,,
TRABJAG128F9308636,Recorda-Me,Bobby Hutcherson,95.633,-13.456,352.57424,,,,,,,,,,,,
TRABJFO128F933DD61,Lady Of Your Calibre,Gregory Isaacs,160.011,-12.084,221.83138,,,,,,,,,,,,
TRABJGY128F93539F9,Italian For Goodbye (skit),The Pharcyde,38.233,-19.461,11.59791,,,,,,,,,,,,
TRABJIA128F14B189F,Anti Geroi,Azis,98.151,-6.608,281.88689,,,,,,,,,,,,
TRABJIX128C7196953,Stronger Than Me,Amy Winehouse,91.198,-7.758,256.10404,,,,,,,,,,,,
TRABJOT12903CD66AA,Only For The Young,George Lopez,75.467,-8.832,345.23383,,,,,,,,,,,,
TRABJQN128F9361E4C,T'as 16 ans demain,Les Hou-Lops,103.29,-7.458,122.69669,,,,,,,,,,,,
TRABJRI128F92EDF92,Serene,The Cosmosamatics,65.054,-14.952,338.36363,,,,,,,,,,,,
TRABJRW128F92EEABD,So Jah Seh,Jackie Edwards,161.796,-12.102,256.62649,,,,,,,,,,,,
TRABJVT128F14AE4B4,Joy In The Journey (The Final Word Album Version),Michael Card,115.258,-15.598,182.72608,,,,,,,,,,,,
TRABJVU128F9349CD1,Chorinho Pra Ele (Live),Richard Galliano,230.992,-12.01,197.17179,,,,,,,,,,,,
TRABJWA128F9309C09,Warrior's Quest,Ensiferum,179.988,-4.507,291.02975,,,,,,,,,,,,
TRABJYQ128F92D57B1,Medley Leïla Chico,Leila Chicot,90.008,-5.568,293.27628,,,,,,,,,,,,
TRABJZT128F425C8DC,The Hustle,The Pharcyde / Big Boy / Schmooche Cat / Randy Mack,95.816,-9.636,334.78485,,,,,,,,,,,,
TRABKAS128F42AB822,Rakkauden satu - Histoire d'un Amour -,Erkki Junkkarinen,100.612,-9.559,215.82322,,,,,,,,,,,,
TRABKBS128F42823EC,God Bless You (Goddamn it),A Static Lullaby,80.41,-4.621,237.42649,,,,,,,,,,,,
TRABKJU128F422A7FE,The Illusionist,Scar Symmetry,150.086,-3.536,271.5424,,,,,,,,,,,,
TRABKMS128F92EAFAA,La Route Est Belle,Oztara,191.929,-5.786,207.51628,,,,,,,,,,,,
TRABKRG128F930641C,Urgence,Sonia Dersion,173.936,-8.089,269.87057,,,,,,,,,,,,
TRABKUJ128F4292445,Pero Me Acuerdo De Tí,Christina Aguilera,117.984,-7.834,266.73587,,,,,,,,,,,,
TRABKZZ128F426A87F,Trapped In Reality,Headhunter,153.551,-3.319,312.76363,,,,,,,,,,,,
TRABLGI128F42B867A,Our Darkest Days,Eighteen Visions,131.079,-4.806,172.19873,,,,,,,,,,,,
TRABLHU128F1473B67,California Dreamin' (LP Version),Baby Huey & The Baby Sitters,132.973,-10.895,288.36526,,,,,,,,,,,,
TRABLIM12903CCED5D,Dumb Woman Blues,Elmore James,97.03,-10.862,191.13751,,,,,,,,,,,,
TRABLJH12903CD14F8,Letting You Back In,Rising Lion,88.137,-9.513,280.45016,,,,,,,,,,,,
TRABLLK128F428FFAF,Hear Me Lord (2001 Digital Remaster),George Harrison,133.383,-7.301,359.73179,,,,,,,,,,,,
TRABLMN128E0792687,Don't Let Go,Weezer,142.68,-3.637,180.97587,,,,,,,,,,,,
TRABLND12903CA653B,U Don't Hear Me Tho' (Street Mix),Rodney O & Joe Cooley,107.185,-7.041,217.41669,,,,,,,,,,,,
TRABLOM128F426BE8A,Lonely Street,Boots Randolph,101.485,-11.927,150.20363,,,,,,,,,,,,
TRABLQE128F92E5E75,Undertow,Jackson United,90.636,-4.941,204.93016,,,,,,,,,,,,
TRABLRO128F92EDF9C,12 Seasons of Love,The Cosmosamatics,61.487,-13.103,515.97016,,,,,,,,,,,,
TRABLSO128F14A4707,Courtyard,Bobbie Gentry,152.434,-13.134,177.57995,,,,,,,,,,,,
TRABLTP128F930DC6D,Have You Ever Seen The Rain,Creedence Clearwater Revived,121.232,-9.224,257.59302,,,,,,,,,,,,
TRABLTX128F42813FD,Cry Baby,The Johnny Otis Orchestra,105.268,-20.842,182.15138,,,,,,,,,,,,
TRABLVP128F426EE4A,Interlude,B.A.D.,95.655,-5.653,102.03383,,,,,,,,,,,,
TRABLYQ128F429A9F8,Terra,Luar Na Lubre,229.913,-8.654,251.81995,,,,,,,,,,,,
TRABMBK12903CB8E0A,Mother,Circular,75.127,-27.806,59.89832,,,,,,,,,,,,
TRABMDN128F4222B61,A La Memoria Del Muerto,Fruko Y Sus Tesos,106.769,-6.206,261.90322,,,,,,,,,,,,
TRABMDW128F14682DD,Sayin' Dope,The Bucketheads,120.876,-14.979,365.71383,,,,,,,,,,,,
TRABMFI128F1476F9F,When The World Is Running Down_ You Make The Best Of What's Still Around,The Police,123.657,-10.45,216.42404,,,,,,,,,,,,
TRABMJH128F931DF5D,My Bonnie Lies Over the Ocean,Kinky,144.954,-4.179,101.14567,,,,,,,,,,,,
TRABMKI128F422E0BE,Now You Know,The Real Kids,147.661,-8.471,222.11873,,,,,,,,,,,,
TRABMKR128F92CC02B,I'm Sitting Here Waiting,Eddie Boyd,84.224,-14.688,203.36281,,,,,,,,,,,,
TRABMRC128F424A707,Korrupted - Remix,Tha Chamba,172.287,-6.816,281.75628,,,,,,,,,,,,
TRABMRL12903CD0B4A,Sex Objekt,Jack Orsen & Taktlo$$,167.902,-6.609,200.51546,,,,,,,,,,,,
TRABMXM128F930C6D2,Rain / Ekoln,Olov Johansson_ Catriona Mckay,74.046,-14.217,469.68118,,,,,,,,,,,,
TRABMYD128F428BD38,Reason With The Beast,Shriekback,100.15,-11.661,113.60608,,,,,,,,,,,,
TRABMZZ128F4249C60,As Diehard As They Come (Album Version),Hatebreed,85.771,-3.806,136.95955,,,,,,,,,,,,
TRABNBD128F426FA88,No Unexpected Guests,John Frizzell,210.898,-23.685,133.19791,,,,,,,,,,,,
TRABNDD128F933D3C7,Walls And Cannonballs (Album),Sister Hazel,140.259,-6.481,195.36934,,,,,,,,,,,,
TRABNET128F14560AC,Trouble In The City,J.J. Cale,133.398,-18.863,202.94485,,,,,,,,,,,,
TRABNEV128F92F9F62,Dark Angel,Precious Bryant,91.538,-9.131,193.72363,,,,,,,,,,,,
TRABNEX128F92C9DEA,Knocked Up,Kings Of Leon,114.73,-7.714,466.65098,,,,,,,,,,,,
TRABNIP12903CB604F,Ven Conmigo/Perdoname (Live),Selena,106.438,-5.68,388.51873,,,,,,,,,,,,
TRABNIQ128F4261298,Taste Of Dis (Explicit Version),Brooke Valentine,111.936,-6.825,261.53751,,,,,,,,,,,,
TRABNLE128EF34B85D,Prvni vesela,Krystof,93.015,-7.499,262.55628,,,,,,,,,,,,
TRABNNO128F9342FE3,If You'd Only Talk To Me (Bonus Track),Claire Hamill,101.662,-10.225,205.42649,,,,,,,,,,,,
TRABNQN128F4271546,Librado Maldonado,Los Originales De San Juan,179.502,-7.711,263.6273,,,,,,,,,,,,
TRABNRG128F425E087,Crass Commercialism,Black Flag,70.649,-18.91,1030.19057,,,,,,,,,,,,
TRABONG128EF36206F,Flores Negras,Barbarito Diez,85.878,-9.718,183.43138,,,,,,,,,,,,
TRABONH128F92D58DA,Rollercoaster Ride,Aaron Watson,155.896,-8.942,217.39057,,,,,,,,,,,,
TRABOOL128F426E836,Turning Away,Mary Black,163.567,-9.464,293.92934,,,,,,,,,,,,
TRABOPD128F422E200,Metal from Hell...22nd Century,Satan's Host,121.553,-3.47,332.7473,,,,,,,,,,,,
TRABOUV128F149E919,The Girl I Find (LP Version),The Impressions,81.586,-10.453,159.29424,,,,,,,,,,,,
TRABOXX128F92F29EB,Panda Bear,Owl City,150.066,-7.188,187.6371,,,,,,,,,,,,
TRABPAG128F92E2D80,Drifting From Town To Town,Bobby Bland,105.927,-10.269,181.49832,,,,,,,,,,,,
TRABPAU128F429C1BD,Negativ Song,Headliners,88.001,-4.969,169.56036,,,,,,,,,,,,
TRABPCJ128F930903D,The Lords Prayer,Jane Winther,27.163,-16.051,145.68444,,,,,,,,,,,,
TRABPCM128F1473A75,Nubia (LP Version),The Rascals,113.058,-9.899,223.89506,,,,,,,,,,,,
TRABPEY128F429F541,Blake's Worried Blues,Blind Blake,86.997,-22.825,186.90567,,,,,,,,,,,,
TRABPGO128F931B50C,You're My World,Emilia,86.62,-3.235,174.81098,,,,,,,,,,,,
TRABPHE128F42A1E65,Ojos Gitanos,Cómplices,100.051,-5.959,307.56526,,,,,,,,,,,,
TRABPJN128F145DB70,Mira Nina,Emilio,205.333,-13.777,165.22404,,,,,,,,,,,,
TRABPJW128F147295E,Solamente Una Vez,Nana Caymmi,179.575,-13.774,216.86812,,,,,,,,,,,,
TRABPKX128F14938FE,Zolte Slonie,Kasia Stankiewicz,134.051,-7.114,304.06485,,,,,,,,,,,,
TRABPUI12903CF22CE,Sahti Waari,Turisas,160.009,-7.249,146.59873,,,,,,,,,,,,
TRABPYJ128F92DA476,Nina Nina,Chéco Feliciano And Joe King,87.976,-3.865,273.65832,,,,,,,,,,,,
TRABQBH128F92FAF40,Only Do for Love,Cache Cache,125.003,-6.503,245.49832,,,,,,,,,,,,
TRABQDK128F9308F8E,Arrival,David Hudson,158.321,-13.462,320.91383,,,,,,,,,,,,
TRABQEB128F4274D24,Las Murallas De Jericó,David Summers,132.858,-9.846,321.33179,,,,,,,,,,,,
TRABQEW128F93214A8,Megatrend,Rummage,95.503,-6.014,178.12853,,,,,,,,,,,,
TRABQFJ12903CB6C29,In The Name of the Father,Adr Lavey,96.007,-6.181,194.45506,,,,,,,,,,,,
TRABQGT128F42566D3,I Can't Tame Wild Women,Bill Boyd's Cowboy Ramblers,99.487,-14.816,203.75465,,,,,,,,,,,,
TRABQII12903CDBAFE,A Somber Wind from a Distant Shore (Album),Canis Dirus,200.169,-6.435,722.20689,,,,,,,,,,,,
TRABQIR12903CF04AD,Little Timmy,Vickie Winans,124.194,-20.284,358.71302,,,,,,,,,,,,
TRABQLO128EF34E48A,Erica,Justin,109.702,-15.148,149.49832,,,,,,,,,,,,
TRABQOW128F429AAF8,Marcando El Ritmo Al Caminar,La Portuaria,122.113,-11.97,132.25751,,,,,,,,,,,,
TRABQRQ128F92F39A6,To Agalma,Antonis Remos,117.671,-9.996,140.64281,,,,,,,,,,,,
TRABQUK12903CF45B1,Damisela Encantadora,Percy Faith And His Orchestra,179.264,-17.611,152.13669,,,,,,,,,,,,
TRABQVM128F92F7544,You Are My Memoir,Stars Like Fleas,103.936,-7.401,264.51546,,,,,,,,,,,,
TRABQYT128F92F02C7,Donizetti: Roberto Devereux: L'ore trascorrono...,Gaetano Donizetti,107.536,-22.271,206.68036,,,,,,,,,,,,
TRABQZK128F92F54F4,Pienso En Ti,Shakira,115.066,-19.976,148.1922,,,,,,,,,,,,
TRABQZL12903CEF994,This Time I'll Be Sweeter,Maysa,91.191,-8.734,230.3473,,,,,,,,,,,,
TRABREH12903CE49E8,Bus Station Blues (Live),Little Freddie King,100.011,-12.552,443.55873,,,,,,,,,,,,
TRABRGV128E07999DF,Mr. Prime Minister,Ms. Dynamite,125.916,-9.903,286.32771,,,,,,,,,,,,
TRABRKV12903CE589C,I Love You And You Love Me,Andy Russell,85.311,-9.186,156.94322,,,,,,,,,,,,
TRABRMJ128E0780E42,A New Hope,Blink-182,200.716,-7.315,225.12281,,,,,,,,,,,,
TRABRMZ128F4261DED,Como La Flor (2005 Re-mastering) (Live),Selena,182.168,-7.951,329.58649,,,,,,,,,,,,
TRABROW128F9338E5B,Ponto,Kali,138.048,-6.26,349.83138,,,,,,,,,,,,
TRABRRN12903CF084B,Great Is Thy Faithfulness,Vickie Winans,79.734,-26.626,287.03302,,,,,,,,,,,,
TRABRSM12903CAF98F,Party In The Burbs,John Brown,87.453,-3.951,151.27465,,,,,,,,,,,,
TRABSAR128F42324A8,Compulsory Resurrection,Abysmal Dawn,125.086,-5.766,250.3571,,,,,,,,,,,,
TRABSEN128F424AA36,Lobotomy,Chaotica,135.072,-6.883,243.25179,,,,,,,,,,,,
TRABSJS128F933BD67,The tears I cried,Lara & The Gumbo Lickers,93.425,-8.72,232.85506,,,,,,,,,,,,
TRABSKK128F421A902,Party Til The Cows Come Home,Elvin Bishop,150.013,-5.208,254.56281,,,,,,,,,,,,
TRABSNL128F92E2872,Don't Cry_ Joe,Gordon Jenkins,66.988,-11.549,190.48444,,,,,,,,,,,,
TRABSNU128F14AFD7F,La Excursion,1. Futurologischer Congress,80.315,-10.918,107.49342,,,,,,,,,,,,
TRABSPB12903D1337A,Big Balls And Cow Town,Asleep At The Wheel,126.533,-10.85,251.37587,,,,,,,,,,,,
TRABSUT128F429C161,Lie Down And Be Counted (2007 Digital Remaster),Neil Innes,141.116,-10.881,190.74567,,,,,,,,,,,,
TRABSVZ12903CD9E8C,Your Amazing Grace (feat. Raul Midón),Marcus Miller,152.194,-9.469,409.05098,,,,,,,,,,,,
TRABSXW128F4233422,Into A Swan,Siouxsie,115.033,-6.931,234.55302,,,,,,,,,,,,
TRABSZH128F428D89E,To The Stars,Claire Hamill,178.725,-12.677,123.71546,,,,,,,,,,,,
TRABTBA128F9312BD8,The Joes Mobilize,Alan Silvestri,154.172,-10.586,504.05832,,,,,,,,,,,,
TRABTNM128F92DCC68,I Got To Quit My Baby,Sunnyland Slim,150.867,-12.389,147.77424,,,,,,,,,,,,
TRABTNT128F9315009,So Unhappy,Byther Smith,94.554,-10.483,269.7922,,,,,,,,,,,,
TRABTSM128F426AF07,San Cristobal,Dusminguet,196.188,-4.314,199.13098,,,,,,,,,,,,
TRABTTC12903CC34E8,Kashmiri Love Song,Rudolph Valentino,101.621,-20.846,184.73751,,,,,,,,,,,,
TRABTUK128F4232E52,Marca de Amor Não Sai,Sylvia Patricia,144.073,-9.393,259.34322,,,,,,,,,,,,
TRABTXS128F92E2FDC,Ammonite,Zeromancer,90.027,-6.762,362.31791,,,,,,,,,,,,
TRABTZP128F92D9357,If I Ruled The World,Regina Belle,67.745,-10.72,274.80771,,,,,,,,,,,,
TRABUAQ128F4258028,The Sweep,Two Man Advantage,210.982,-6.084,50.83383,,,,,,,,,,,,
TRABUCZ128F424163A,Wake Me Up When September Ends (Live at Foxboro_ MA 9/3/05),Green Day,101.08,-5.66,340.79302,,,,,,,,,,,,
TRABUDI128F92D0C8C,I Love You,Ayo,128.022,-16.113,229.25016,,,,,,,,,,,,
TRABUDK128F14943F3,This Christmas (LP Version),Donny Hathaway,92.98,-9.647,231.18322,,,,,,,,,,,,
TRABUGO128F424E920,Curvy Cola Bottle Body,Chico,126.938,-3.017,332.01587,,,,,,,,,,,,
TRABUHH12903CA9F20,Volcán,KALIMBA,80.484,-6.282,352.67873,,,,,,,,,,,,
TRABUIN128F93022FF,Alkohol,SKOLD vs. KMFDM,127,-5.703,327.88853,,,,,,,,,,,,
TRABUJF128F933ABF7,Heart it Races (Frank Tetaz Remix),Architecture In Helsinki,100.032,-7.743,345.75628,,,,,,,,,,,,
TRABULK12903CC1559,Very Well,Wailing Souls,124.788,-10.275,214.38649,,,,,,,,,,,,
TRABUML128F4214EBB,Village Attack/ The Arrest,Kitaro,143.291,-14.891,81.50159,,,,,,,,,,,,
TRABUMO12903CBE25F,Lesson Learned,Alice In Chains,107.845,-3.91,256.522,,,,,,,,,,,,
TRABURP128F145D5DC,(I Heard That) Lonesome Whistle,Bobby Darin,90.18,-13.876,163.52608,,,,,,,,,,,,
TRABUSZ128F4257BAB,Here Comes The Hotstepper,Ini Kamoze,100.342,-9.586,248.92036,,,,,,,,,,,,
TRABUTR128F9325453,Almost Genuine,9th Wonder featuring Defcon_ Phonte,137.534,-7.719,289.54077,,,,,,,,,,,,
TRABUTS128F424416F,Can't Shake That Girl,The Real Kids,179.13,-14.934,148.06159,,,,,,,,,,,,
TRABUUH128F4241346,What You Deserve (Album Version),Ill Nino,104.984,-4.44,180.50567,,,,,,,,,,,,
TRABUVN128F930633C,Es dificil,De La Ghetto,97.02,-6.876,280.45016,,,,,,,,,,,,
TRABUYT128F93069C8,The Sweetest Curse,Baroness,176.066,-7.803,270.52363,,,,,,,,,,,,
TRABUZC128E078603F,We're Back,DMX / Eve / Jadakiss,185.094,-2.542,265.22077,,,,,,,,,,,,
TRABUZC128F4278978,Talk Like POP,Melt Banana,86.571,-5.728,51.61751,,,,,,,,,,,,
TRABVAP128F92E6C22,Fuego Caliente,M.I.K.E.,140.033,-8.135,514.7424,,,,,,,,,,,,
TRABVAR128F421CFCB,Un Tipo Como Yo,Willie Rosario,197.458,-5.799,281.41669,,,,,,,,,,,,
TRABVIH128F92EDCDA,The Thrill Is Gone,Jude Taylor & His Burning Flames,102.731,-11.937,260.46649,,,,,,,,,,,,
TRABVIU128E0780DA0,Slave To The Wage,Placebo,142.116,-6.033,246.96118,,,,,,,,,,,,
TRABVIZ128F42BA066,Hit The Lights,Metallica,167.486,-3.028,252.3424,,,,,,,,,,,,
TRABVLU128F9337F6D,Cancion Para Mi Muerte,Sui Generis,124.604,-13.992,234.52689,,,,,,,,,,,,
TRABVLV128EF354D20,Have You Seen Her,The Red Telephone,117.329,-6.464,273.55383,,,,,,,,,,,,
TRABVQT128F422AF10,Don't Tell Me,T-Bone,208.416,-8.226,229.09342,,,,,,,,,,,,
TRABVRO128F92F2A62,Karuna,Bill Douglas,105.535,-15.624,331.07546,,,,,,,,,,,,
TRABVSX128F9353D0E,Lil Mama Getdown,DJ Spinn featuring Traxman,159.959,-7.461,195.49995,,,,,,,,,,,,
TRABVVN12903CB6445,Closing Scene,The Radio Dept.,88.02,-5.648,256.02567,,,,,,,,,,,,
TRABVWG128F9359323,Get It For Free,Mötley Crüe,127.745,-7.199,254.01424,,,,,,,,,,,,
TRABWFU128F425949F,Feelings,Shy FX & T Power,88.973,-3.584,380.44689,,,,,,,,,,,,
TRABWJA128F1460CFC,If You Love Me,Becky Baeling,132.892,-5.963,247.66649,,,,,,,,,,,,
TRABWPT128F42B06CC,Still There For Me,Keb' Mo',89.966,-10.548,190.56281,,,,,,,,,,,,
TRABWUW128F93214D6,Allein,UKW,97.362,-7.381,266.762,,,,,,,,,,,,
TRABXFI12903CC4E89,Doctor Of Hearts (Album Version),THE CHIFFONS,120.712,-7,166.922,,,,,,,,,,,,
TRABXGB128F9305C59,La Vida En Rosa,S. Solis y Orquesta,63.007,-11.415,182.20363,,,,,,,,,,,,
TRABXHC128F4250CCE,Crying Time,Commander Cody And His Lost Planet Airmen,104.823,-16.357,188.70812,,,,,,,,,,,,
TRABXJO12903CF0E6F,You Can Always Come Home,Commissioned,157.869,-8.132,342.83057,,,,,,,,,,,,
TRABXLH128F935F8E7,Little Bitty Pretty One,Dee Clark,91.704,-9.56,141.19138,,,,,,,,,,,,
TRABXPR128F92F27FE,Shooting Stars,Cauterize,97.148,-4.714,240.43057,,,,,,,,,,,,
TRABXSA128F932BD6F,The Cookie Bakers of the Night,Laurie Berkner,144.71,-16.263,233.45587,,,,,,,,,,,,
TRABXSN128F92E7B93,Whip It,DJ Slugo,150.056,-9.699,199.20934,,,,,,,,,,,,
TRABXTZ128F14A46A3,The Blessing,Joi,95.973,-4.141,333.24363,,,,,,,,,,,,
TRABXVE128F4284AFC,Citizen Of The Planet,Simon & Garfunkel,151.5,-13.047,194.35057,,,,,,,,,,,,
TRABXWD128F425AD1E,Love Me Now (Rockwilder Remix) (Feat. Wyclef And Redman),Beenie Man Featuring Wyclef And Redman,79.823,-4.541,228.04853,,,,,,,,,,,,
TRABYAR128F931B1A4,Something For The Pain,Robben Ford,111.903,-6.311,298.37016,,,,,,,,,,,,
TRABYCO128F4271180,Everyone_ Everywhere_ Everytime,Greater Vision,135.955,-10.3,223.76444,,,,,,,,,,,,
TRABYEY128F933773A,This Is NOT a Crass Song,Anti-Flag,141.334,-10.609,359.6273,,,,,,,,,,,,
TRABYND128F42765BB,Soul Searcher,Joe Lynn Turner,86.665,-12.649,247.7971,,,,,,,,,,,,
TRABYOS12903CC4A81,Skeletons (Live Acoustic Version),Rickie Lee Jones,70.331,-21.978,221.12608,,,,,,,,,,,,
TRABYSX12903CFC9E4,Imagination,Hysterie,130.032,-10.976,389.642,,,,,,,,,,,,
TRABYVN128F429E5CF,Flashflood,Aesop Rock,167.909,-6.022,234.52689,,,,,,,,,,,,
TRABYYZ128F932EB6C,What To Do Crying Waiting Hoping Learning The Game,Bobby Vee,117.454,-14.489,227.05587,,,,,,,,,,,,
TRABYZL128F92E639C,El niño de la calle,Alfredo Gutiérrez,86.199,-8.521,130.16771,,,,,,,,,,,,
TRABZCL128E0789AED,Old Times Sake,Shelby Lynne,121.773,-15.546,290.97751,,,,,,,,,,,,
TRABZKU12903CBFE15,Wasted Love,Tora Tora,140.984,-8.952,229.8771,,,,,,,,,,,,
TRABZOP128F9316E24,Eleanor Put Your Boots On,Franz Ferdinand,143.679,-7.329,195.13424,,,,,,,,,,,,
TRABZPI12903CEB0EC,Ass Attack (Four Tet Remix),Hot Chip,126.14,-6.446,181.02812,,,,,,,,,,,,
TRABZQU128F92ECDEF,Canta Brasil,Gal Costa,137.941,-10.844,193.35791,,,,,,,,,,,,
TRABZRB128F423EFA9,Sally In the Garden,Kathy Mattea,146.894,-16.504,44.64281,,,,,,,,,,,,
TRABZRZ128F42628AD,Steamroller Blues,James Taylor,102.756,-10.086,324.85832,,,,,,,,,,,,
TRABZSI128F9329184,Heute,Der Moderne Man,147.679,-8.579,183.30077,,,,,,,,,,,,
TRABZSL128F932A529,A Day In The Life (Album Version),Jeff Beck,145.917,-7.74,286.27546,,,,,,,,,,,,
TRABZYK12903D000B2,Sous la Tour Eiffel,Taboo,131.968,-6.366,301.71383,,,,,,,,,,,,
TRACABS128E0786B0B,Falling Bombs,BigElf,64.006,-4.683,298.13506,,,,,,,,,,,,
TRACACF128F4261F09,Sometimes,Tanto Metro & Devonte,105.671,-9.01,207.56853,,,,,,,,,,,,
TRACADA128F92EFB0E,Wa'ahila (Instrumental - Bonus Track),Ray Kane,163.385,-19.157,107.7024,,,,,,,,,,,,
TRACAFR12903CD6701,Drive In Saturday - (Tribute to David Bowie),Ashes to Ashes,94.888,-12.22,254.32771,,,,,,,,,,,,
TRACAKD128F92D5D38,My Life Would Suck Without You,Kelly Clarkson,135.914,-5.953,230.63465,,,,,,,,,,,,
TRACALZ12903CDCFBB,Bed Crumbs,Fudge Tunnel,120.703,-7.31,124.94322,,,,,,,,,,,,
TRACAMB12903CE12F4,J'l'ai pas dit,Edgar Bori,117.295,-8.224,264.61995,,,,,,,,,,,,
TRACAMK128F4265F0D,I'm Just Wonderin' Part 2,Jimmy Witherspoon,94.105,-12.437,147.69587,,,,,,,,,,,,
TRACAMS128F9307856,No More Blues (Chega de Saudade),Eliane Elias,95.111,-24.83,326.42567,,,,,,,,,,,,
TRACAOS128F42300B8,Wave,Dave Eggar,100.893,-23.15,225.04444,,,,,,,,,,,,
TRACAPS128F92F014C,What'd I Say,Donnie Brooks,113.082,-10.362,174.34077,,,,,,,,,,,,
TRACAQW128F428E2B7,Ja (Hanno's Poppersmonstermix),2raumwohnung,125.995,-8.525,357.85098,,,,,,,,,,,,
TRACARQ128F933B5CD,Time to come true,SOJA,145.949,-7.7,235.17995,,,,,,,,,,,,
TRACASH128F931C969,Whatever's Cool With Me (LP Version),Dinosaur Jr.,152.461,-6.051,271.12444,,,,,,,,,,,,
TRACAUP128F931AC60,Winter (Four Seasons),Ulytau,140.13,-5.779,233.76934,,,,,,,,,,,,
TRACAXH128F931F3CF,Hallelujah,The Nelons,108.914,-11.236,200.202,,,,,,,,,,,,
TRACAXP128F14A2127,Creeper Kamikaze,The Exies,113.326,-4.998,201.87383,,,,,,,,,,,,
TRACAXR128F92FAB1C,Error,Babylon Disco,89.927,-10.196,208.90077,,,,,,,,,,,,
TRACAYI128F4235122,Seuraavassa elämässä,Kaija Koo,121.981,-8.521,227.36934,,,,,,,,,,,,
TRACBBI12903CB8387,Fausse monnaie,Gus Viseur,90.177,-13.512,180.00934,,,,,,,,,,,,
TRACBBV12903CB9BF8,Chariots Of Fire,Dino,95.179,-20.193,245.39383,,,,,,,,,,,,
TRACBEI128F42558D3,I Live to Be Hated,GG Allin,74.82,-12.298,121.70404,,,,,,,,,,,,
TRACBJT128F93135DF,Siyabonga (Unreleased Bonus Track),Zimbabwe Legit,100.145,-10.203,235.91138,,,,,,,,,,,,
TRACBLO128E0784286,The Majesty Of Rock,Spinal Tap,129.318,-5.492,235.41506,,,,,,,,,,,,
TRACBMH128F93291A4,Blaue Matrosen (live),Der Moderne Man,105.29,-9.848,159.55546,,,,,,,,,,,,
TRACBOR128F422CFE4,Strange Thing,Buzzcocks,176.153,-7.736,219.19302,,,,,,,,,,,,
TRACBQQ128F4263AEB,Journey To Love,Stanley Clarke,84.064,-12.714,282.69669,,,,,,,,,,,,
TRACBRM128F425C2C3,Alguna Vez,La Portuaria,112.071,-13.607,148.00934,,,,,,,,,,,,
TRACBSI128F428CC57,Rotting Fumes,Hemdale,108.917,-9.883,107.57179,,,,,,,,,,,,
TRACBVI12903D0C406,Revelations,Jesse Malin and The St. Marks Social,126.105,-4.852,243.722,,,,,,,,,,,,
TRACBWP128C7196948,It's Not Me,3 Doors Down,86.82,-5.981,230.42567,,,,,,,,,,,,
TRACBWQ128F92F2B91,Ma Rainey's Black Bottom,Ma Rainey,99.076,-17.714,188.94322,,,,,,,,,,,,
TRACBWX128F92FD725,I Want It,Zombie Girl,129.984,-5.202,260.54485,,,,,,,,,,,,
TRACCEJ128F93257ED,Story Of An Artist (Don't Be Scared),Daniel Johnston,106.742,-12.743,311.53587,,,,,,,,,,,,
TRACCGB12903CD1B90,Sajana (Ft Faheem Mazhar),Niraj Chag,90.013,-5.644,262.5824,,,,,,,,,,,,
TRACCJA128F149A144,Segredo,João Gilberto,127.782,-29.75,197.19791,,,,,,,,,,,,
TRACCKS128F42B77AE,Murder One,Bone Thugs-N-Harmony,101.167,-5.724,255.73832,,,,,,,,,,,,
TRACCLY12903CDD7C4,I Destructor (Lenny Dee Mix),Ultraviolence,174.57,-9.249,367.41179,,,,,,,,,,,,
TRACCMH128F428E4CD,No Quieras Marcharte,Los Chichos,150.955,-10.764,191.68608,,,,,,,,,,,,
TRACCMO12903CA4168,D Shuffle Jam (Part 2),Christian McBride,121.201,-9.479,692.06159,,,,,,,,,,,,
TRACCOK128F932AF52,When I Was A Cowboy (Western Plains) (LP Version),Jim Kweskin,160.981,-15.279,208.90077,,,,,,,,,,,,
TRACCQM12903CACC1E,On My Feet Again,Utopia,173.841,-10.653,239.59465,,,,,,,,,,,,
TRACCSW128F148C7C3,If I...,Foxy Brown,93.056,-9.035,222.92853,,,,,,,,,,,,
TRACCUS128F92E1FEB,Bedroom Acoustics,Muse,127.547,-20.816,156.96934,,,,,,,,,,,,
TRACCVN128F92DAE3D,Ju Ju,String Trio Of New York,130.316,-18.245,392.4371,,,,,,,,,,,,
TRACCVS12903D014F8,Ad Te Clamamus Exsvles Mortva Liberi,Enthroned,90.66,-20.359,89.15546,,,,,,,,,,,,
TRACCVZ128F4291A8A,Deep Sea Creature,Mastodon,173.205,-3.306,280.21506,,,,,,,,,,,,
TRACCXJ128F428F0CF,Werther - Lyric Drama in four Acts/Act I/Alors_ c'est bien ici la maison du bailli?,Ramón Vargas;Vladimir Jurowski,127.113,-23.095,278.38649,,,,,,,,,,,,
TRACCXJ128F92E984B,Theresa,Portable,116.005,-18.152,362.60526,,,,,,,,,,,,
TRACDCZ128F4285AE0,Danny Boy,Hank Locklin,90.61,-13.12,146.83383,,,,,,,,,,,,
TRACDDN128F92FFADC,Pak shte te obicham,Lili Ivanova,124.025,-6.097,253.70077,,,,,,,,,,,,
TRACDJT128F42324C7,Old Broom,Wailing Souls,146.445,-9.99,204.85179,,,,,,,,,,,,
TRACDLK12903CE71B7,Good Looking Girl Blues,Furry Lewis,136.915,-14.876,171.49342,,,,,,,,,,,,
TRACDPS128F428BFBD,Råskevärsrock,Bröderna Djup,135.407,-9.221,126.6673,,,,,,,,,,,,
TRACDSI128F425C0B4,Cajun Blood,Jo-El Sonnier,169.235,-6.589,233.01179,,,,,,,,,,,,
TRACDWG128F428B068,Jamboree,Naughty By Nature;Naughty By Nature featuring Zhane,91.981,-8.983,213.91628,,,,,,,,,,,,
TRACDZL12903D024D2,Poikamies (2009),Murskahumppa,130.756,-8.189,145.76281,,,,,,,,,,,,
TRACEBJ128EF343585,Til The Victory's Won,Vanessa Bell Armstrong,120.977,-2.001,231.54893,,,,,,,,,,,,
TRACECN128F9310E97,Subterranean Homesick Alien,Radiohead,150.848,-9.148,267.20608,,,,,,,,,,,,
TRACEDP128F145F7BB,Tell Me Why,Dave Hollister,118.052,-7.232,305.34485,,,,,,,,,,,,
TRACEGL12903CEE923,Lullaby,Seamus Egan,60.11,-18.263,205.21751,,,,,,,,,,,,
TRACEPP128F93576FC,Dance_ Gypsy_ Dance,Arthur Tracy,138.25,-15.01,161.38404,,,,,,,,,,,,
TRACEQQ128F426C3E3,Love Me,Angelo Badalamenti,67.405,-21.835,168.51546,,,,,,,,,,,,
TRACETS128F9313A75,Good Loving,C.C. Adcock,172.716,-7.071,121.0771,,,,,,,,,,,,
TRACFAP128E07862C1,Damien,DMX,106.769,-7.974,222.09261,,,,,,,,,,,,
TRACFBD128F426CC34,The President's Speech,James Horner,76.499,-36.835,269.7922,,,,,,,,,,,,
TRACFCQ128F4214EB6,Trong Com,Kitaro,35.931,-23.874,43.51955,,,,,,,,,,,,
TRACFDC128F147F1C6,Doble Bombo,Las Ketchup,167.954,-4.134,171.80689,,,,,,,,,,,,
TRACFEG128F426F4F3,Mudhump,C-Side & Petit Mal,135.087,-11.828,212.47955,,,,,,,,,,,,
TRACFFX128F421E641,A Legend In My Time,Don Gibson,80.738,-14.28,152.58077,,,,,,,,,,,,
TRACFHZ128F4227BA4,Serve The Ego (Hani Num Dub),Jewel,85.316,-6.076,529.91955,,,,,,,,,,,,
TRACFJE128F934C8D5,Fall In Love [Rub A Dub Mix],John Legend [feat. Buju Banton],162.876,-7.397,184.73751,,,,,,,,,,,,
TRACFNG128F146A7F3,Going Home,Izzy,88.761,-17.91,277.10649,,,,,,,,,,,,
TRACFOJ128F4253EFA,Still In Love,Nick Cave & The Bad Seeds,116.621,-11.766,283.74159,,,,,,,,,,,,
TRACFOV128F9340D81,Closed Eyes,Bury Your Dead,123.635,-6.664,290.63791,,,,,,,,,,,,
TRACFQB12903D06042,Big Guys Throw Cones,Our Time Down Here,126.4,-2.844,75.49342,,,,,,,,,,,,
TRACFRC12903CFEDD6,Railroad Boogie,Pee Wee King,89.201,-11.473,154.69669,,,,,,,,,,,,
TRACFTL12903C93AAC,Chanson Réaliste,Acorps de Rue,73.136,-7.434,194.79465,,,,,,,,,,,,
TRACFVO128F9300F29,I've Won (Introduction - Speaking),The Nelons,72.001,-30.293,91.95057,,,,,,,,,,,,
TRACFWQ12903CF8148,Le gardien de musée,Les Blaireaux,140.173,-9.911,297.76934,,,,,,,,,,,,
TRACFXL128F930B28B,Sencillamente,Bersuit Vergarabat,135.982,-7.769,307.35628,,,,,,,,,,,,
TRACFYQ128E0784150,Poppin' Them Thangs,G-Unit,88.043,-1.622,242.52036,,,,,,,,,,,,
TRACFZI128E0795424,Bury Your Head,Saosin,85.029,-3.753,212.29669,,,,,,,,,,,,
TRACFZM128F4295740,American Journey/IV. Arts and Sports,John Williams,138.508,-17.941,157.28281,,,,,,,,,,,,
TRACGAM128F92FBA44,Shuncata Penda,Pardesi,106.438,-12.597,309.26322,,,,,,,,,,,,
TRACGDB128F93509E0,Melodica,Baby Grand,114.011,-9.042,294.55628,,,,,,,,,,,,
TRACGFA128F9364E0C,Sailing,DJ Ostkurve,137.951,-3.854,207.43791,,,,,,,,,,,,
TRACGHL128F933FF2D,Hi Ho Silver,Roy Rogers,121.815,-16.884,154.53995,,,,,,,,,,,,
TRACGHY12903CE8831,Slamka Spasa,Reni,92.68,-3.826,222.14485,,,,,,,,,,,,
TRACGLI12903CE2C06,Kanaka 'o Mose,Leonard Kwan,83.065,-22.196,202.91873,,,,,,,,,,,,
TRACGOI128F92FE771,Between Eunice & Opelousas,Steve Riley & The Mamou Playboys,225.669,-3.959,182.22975,,,,,,,,,,,,
TRACGXQ128F1457F81,Monarchy Now,Falco,94.777,-8.726,252.96934,,,,,,,,,,,,
TRACHAL128F427DD25,When Those Two Towers Fell,New Roanoke Jug Band,96.212,-13.873,178.20689,,,,,,,,,,,,
TRACHFO12903CB3009,Shadow,Warren Barfield,117.985,-6.748,207.51628,,,,,,,,,,,,
TRACHHH128E0788A35,Big Business,Dilated Peoples,165.546,-8.225,149.91628,,,,,,,,,,,,
TRACHHO12903CF8CCA,La Sitiera,Orquesta Broadway,95.243,-8.612,226.66404,,,,,,,,,,,,
TRACHKX128F934B07A,I'm Not Done,Fever Ray,64.811,-9.074,280.24118,,,,,,,,,,,,
TRACHOZ12903CCA8B3,Close Up,Charles Williams,102.95,-14.493,64.05179,,,,,,,,,,,,
TRACHSH12903CEBC2C,Sittin' On Top of the Wolrd,Bob Wills,95.655,-15.653,201.76934,,,,,,,,,,,,
TRACHTD128F92EE238,It Must Be,David Martin,133.925,-8.57,286.4322,,,,,,,,,,,,
TRACHTO12903CBE58B,Bo Diddley,The Animals_ Sonny Boy Williamson,81.111,-9.492,463.49016,,,,,,,,,,,,
TRACHYA128F931BF87,The Truth,MN,136.95,-12.371,378.06975,,,,,,,,,,,,
TRACHYC12903CEAAB6,Teenage Baby (Digitally Remastered),T-Bone Walker,162.855,-11.124,123.29751,,,,,,,,,,,,
TRACHZE12903CD95D2,Ignis,Floor,144.803,-9.105,144.92689,,,,,,,,,,,,
TRACICJ128F14ADFB8,So Many Books ... (The Word Album Version),Michael Card,122.403,-7.005,163.082,,,,,,,,,,,,
TRACIEF128F4270573,What Would You Do,Walter Jackson,78.453,-12.839,156.682,,,,,,,,,,,,
TRACIIS128F425DF68,Drummer's Circle,Megadrums,118.713,-15.777,237.24363,,,,,,,,,,,,
TRACIIZ128EF34E497,Kong,Justin,81.38,-12.586,275.85261,,,,,,,,,,,,
TRACIJF128F424317B,Post-Toxic Finger Disorder,Tim Exile,141.836,-4.379,80.3522,,,,,,,,,,,,
TRACIKJ128F4226ABA,Lotus Kiss,Alex Theory,100.295,-10.56,317.88363,,,,,,,,,,,,
TRACILD128F930AF53,Intro,Bizzy Bone Presents,81.901,-7.837,50.9122,,,,,,,,,,,,
TRACIOB128F4296D0F,Qui Donc A Changé ?,Marcel Mouloudji,77.5,-14.711,110.34077,,,,,,,,,,,,
TRACISV12903D13877,When You're Hot_ You're Hot,Jerry Reed,201.951,-4.994,138.4224,,,,,,,,,,,,
TRACJDX12903CD4917,Church Hangover,George Lopez,101.455,-16.724,270.68036,,,,,,,,,,,,
TRACJHJ128F1489FAB,The Ride (Album),Cinder,157.909,-5.025,218.61832,,,,,,,,,,,,
TRACJJZ12903CCBCDA,No Survivors,Speedball,159.702,-9.191,212.21832,,,,,,,,,,,,
TRACJKR12903D02C75,I Got Stripes (Live),Johnny Cash,118.041,-7.087,112.95302,,,,,,,,,,,,
TRACJOQ12903CBBB64,The Contracting Perception Of Consciousness,Rui Da Silva,123.007,-12.161,448.62649,,,,,,,,,,,,
TRACJPW128F932CA4C,Her Golden Robe In Silence Veiled,Autumnblaze,119.428,-9.033,286.24934,,,,,,,,,,,,
TRACJVF128F92D2DB3,Two Little Fishes_ Five Loaves Of Bread,Sister Rosetta Tharpe,89.995,-11.459,156.42077,,,,,,,,,,,,
TRACJVT12903CB0F49,The Greed Of Our Stare,Hatesex,180.129,-8.506,307.87873,,,,,,,,,,,,
TRACJWY12903CB7DBF,Same Old Song,Kris Kristofferson,74.809,-11.663,194.37669,,,,,,,,,,,,
TRACKAK128F1458461,Rockin' Every Night (Live),Gary Moore,100.081,-11.105,198.79138,,,,,,,,,,,,
TRACKAP128F425B741,Walk Away,Christina Aguilera,152.214,-6.774,347.84608,,,,,,,,,,,,
TRACKKI128F930CA83,Mais La Vie,Maurane / Lara Fabian,107.087,-13.637,198.86975,,,,,,,,,,,,
TRACKML128F428C905,Doggin' Around,Rita Chiarelli,90.282,-9.517,237.7922,,,,,,,,,,,,
TRACKNZ12903CCE63A,Dem a Talk,Kiprich,183.827,-9.693,208.3522,,,,,,,,,,,,
TRACKRY128F92EE3C9,Roger Milla (Stadium Mix),Pepe Kalle,140.316,-9.381,366.13179,,,,,,,,,,,,
TRACKVM128F4275B6E,La sangre de tu tristeza (con Dani Martin_ directo Enjoy 07),Jaime Urrutia,102.165,-2.999,233.50812,,,,,,,,,,,,
TRACKVZ128F4285793,Everything's Gone,David Tao,151.882,-11.484,242.59873,,,,,,,,,,,,
TRACKWV128F934B6B0,Forever Consumed Oblivion,Goatwhore,110.994,-4.442,225.64526,,,,,,,,,,,,
TRACKXA12903CB6D40,McDermott's / Boys of Blue Hill,Séamus Egan,201.651,-11.404,276.16608,,,,,,,,,,,,
TRACLCX128F4251463,Irresistible! (Maurel & Fauvrelle LESS Mix),Superchumbo,127.992,-7.634,673.2273,,,,,,,,,,,,
TRACLDC128F427ADC7,Red Balloon,We Show Up On Radar,79.226,-11.255,124.47302,,,,,,,,,,,,
TRACLDF128F423C337,El Arte De Amar,Gabinete Caligari,109.051,-12.436,304.32608,,,,,,,,,,,,
TRACLHC128F9343C39,Pinini Reggae,SUMO,101.742,-5.945,215.11791,,,,,,,,,,,,
TRACLLH128F92E1F2F,I Won't Let You Go Till You Bless My Soul (Album Version),The Clark Sisters,101.988,-12.935,329.74322,,,,,,,,,,,,
TRACLMN128F92D2B6E,Rio Grande Waltz,Hank Locklin,106.941,-15.995,149.2371,,,,,,,,,,,,
TRACLMT12903CA1F5C,Honey I Sugar Pie,Tanto Metro & Devonte,195.976,-8.41,207.33342,,,,,,,,,,,,
TRACLPE128F4287687,Phylyps Trak II/II,Basic Channel,127.923,-12.593,793.62567,,,,,,,,,,,,
TRACLRS12903CE9386,Stand By Your Man,Tammy Wynette,105.202,-13.592,159.60771,,,,,,,,,,,,
TRACLRV128EF33FAB8,Young Blood (2007 Digital Remaster),Whitesnake,145.689,-6.186,209.99791,,,,,,,,,,,,
TRACLUJ128F422DDA1,Get Up & Go,Chet Atkins,98.117,-11.851,173.68771,,,,,,,,,,,,
TRACLUV128F9342D02,The Trolley Song (Live Album Version),Eddie Cano,165.263,-16.05,225.17506,,,,,,,,,,,,
TRACLXN128F931A74C,Acension Final Chord Rising,Terry Riley,128.135,-37.065,142.41914,,,,,,,,,,,,
TRACMAD128F429742B,Slimy Little Troll,Mack and Jamie,186.13,-15.755,66.42893,,,,,,,,,,,,
TRACMCG128F92CE225,Upon The Shores [Explicit],Trivium,100.604,-3.973,321.17506,,,,,,,,,,,,
TRACMCM12903CB60DA,De Kommissar 1,Der Plan,35.898,-18.169,26.67057,,,,,,,,,,,,
TRACMFN128F4298DBE,Why Do All Girls Think They're Fat (Album),Reel Big Fish,159.723,-4.188,153.67791,,,,,,,,,,,,
TRACMHD128F931FB14,Hero In A Dream,Ensiferum,200.061,-2.599,218.61832,,,,,,,,,,,,
TRACMHS128F148F509,Ji Xiang Yan Chu,Dylan Kuo,100.173,-5.614,230.29506,,,,,,,,,,,,
TRACMIU128F935381D,Ice Cream Man,Martin Sexton,133.391,-8.733,352.88771,,,,,,,,,,,,
TRACMIV128F14898A3,Crawling Up A Hill - version 2 - mono_ live,John Mayall & The Bluesbreakers,166.238,-4.62,142.602,,,,,,,,,,,,
TRACMJP128F9349362,A Brazilian in New York,Luiz Bonfa,105.813,-18.713,305.65832,,,,,,,,,,,,
TRACMJZ128F92FD86B,Mumbo Jumbo (jazz),Chris Standring,97.959,-9.449,257.59302,,,,,,,,,,,,
TRACMKA12903CB078D,Walk With Me,Angélla Christie,111.465,-8.665,348.36853,,,,,,,,,,,,
TRACMLI128F424C865,Epilog,Neviss,160.409,-31.412,53.39383,,,,,,,,,,,,
TRACMMG128F146D705,Get On Top (Album Version),Red Hot Chili Peppers,76.986,-1.479,198.05995,,,,,,,,,,,,
TRACMOL128F424B776,De Bombacha Y Alpargatas,Chango Spasiuk,194.156,-13.763,131.57832,,,,,,,,,,,,
TRACMPZ12903CF150B,Moon Going Down,Charley Patton,107.877,-15.164,196.62322,,,,,,,,,,,,
TRACMSI128E078E15F,Raising Children,The Race,118.043,-5.298,225.17506,,,,,,,,,,,,
TRACMTI128EF342A56,No seamos tontos,Yahir,131.938,-5.737,216.81587,,,,,,,,,,,,
TRACMTN128F92FB689,My First Day At School,Brian Dullaghan,92.29,-21.412,110.44526,,,,,,,,,,,,
TRACMVZ128F429AE0E,Do You Ever Think Of Me,Gordon MacRae,77.929,-16.215,179.59138,,,,,,,,,,,,
TRACMXG12903CA2541,Everything You Touch Is a Song,The Winans,102.328,-13.792,319.60771,,,,,,,,,,,,
TRACMYR128F425EE37,De Tree Little Pigs,Mario Rosenstock,79.09,-5.849,319.63383,,,,,,,,,,,,
TRACMZA128F423DD3E,First Blood,Jerry Goldsmith,77.306,-18.719,281.28608,,,,,,,,,,,,
TRACNAS128F14567C6,Mary Jane's Last Dance,Tom Petty And The Heartbreakers,168.946,-8.962,274.20689,,,,,,,,,,,,
TRACNBG128F425B49E,Daughter Of Zion,Winston Reedy,153.738,-8.754,235.78077,,,,,,,,,,,,
TRACNBU128F930EDBB,Ni Gota De Rencor,Pablo Montero,100.048,-8.596,199.94077,,,,,,,,,,,,
TRACNDP12903CDA658,Maria,Papa Wemba,120.411,-8.09,278.59546,,,,,,,,,,,,
TRACNJR128F4262E27,Come To Find Out,John Hammond,90.666,-8.405,247.32689,,,,,,,,,,,,
TRACNNR128F4270A66,Sublime Ensoñacion,Barbarito Diez,116.949,-9.139,157.88363,,,,,,,,,,,,
TRACNPT128F92FBE31,French Touch,Richard Galliano,79.53,-16.937,201.09016,,,,,,,,,,,,
TRACNVF128F428EA87,56 Days,Pride Tiger,114.061,-2.397,229.22404,,,,,,,,,,,,
TRACNXS128F93395BA,Victim Of Circumstance,Ten Years After,128.598,-11.814,248.78975,,,,,,,,,,,,
TRACNXU12903C9CDFF,Airheads,Sweet,84.103,-4.99,318.9024,,,,,,,,,,,,
TRACNYM12903CDF543,Bubblegum,Helen Love,156.074,-8.871,145.78893,,,,,,,,,,,,
TRACNZU12903CACFCF,Hungarian Dances_ WoO 1: No. 12 in D Minor: Presto,Bamberg Symphony Orchestra and Hans Swarowsky,137.219,-22.492,151.01342,,,,,,,,,,,,
TRACOAF128F145D996,Colonel Brown (1999 Digital Remaster),Tomorrow,138.028,-11.216,173.26975,,,,,,,,,,,,
TRACOBC128F4266853,Heart Half Empty,Ty Herndon;Stephanie Bentley,74.166,-7.688,295.3922,,,,,,,,,,,,
TRACOGY128F92FE95C,You're Welcome To Tonight (Duet w/ Lynn Anderson) (Album Version),Gary Morris,81.809,-12.584,228.5971,,,,,,,,,,,,
TRACOHQ128F424C5EF,The Flame,Chimaira,150.11,-4.238,323.18649,,,,,,,,,,,,
TRACOIZ128F933E368,My Greatest Desire,Faye Adams,110.323,-11.508,144.1171,,,,,,,,,,,,
TRACOLN12903CCAF8B,Sta giu' (feat. Dj Rockdrive),Cali,187.716,-4.184,222.17098,,,,,,,,,,,,
TRACONJ128F4272091,Eu vi a maquina voadora,Silvério Pessoa,95.997,-11.448,364.48608,,,,,,,,,,,,
TRACOSS12903CE4724,Murderous Style,X-Static,98.645,-12.139,262.79138,,,,,,,,,,,,
TRACOSY128F92F12B7,I Will Always Love You,Deborah Allen,67.904,-11.156,189.57016,,,,,,,,,,,,
TRACOTC128F1455F32,The Truth Forever,The Master Musicians of Jajouka featuring Bachir Attar,131.578,-15.926,623.72526,,,,,,,,,,,,
TRACOTY128F930BCFA,The Tide Is High - Original,John Holt,166.05,-13.898,170.50077,,,,,,,,,,,,
TRACOUL128F425BDE0,Music Reach (1/2/3/4) (Remastered),The Prodigy,215.916,-5.434,252.52526,,,,,,,,,,,,
TRACOVO128F1470021,He Put The Hurt On Me,Tina Britt,118.835,-7.162,177.94567,,,,,,,,,,,,
TRACPEU128F426EB1F,Be Good To Me,Sonny Terry & Brownie McGhee,106.237,-17.019,168.64608,,,,,,,,,,,,
TRACPIC128E0792500,Answer In The Question,MxPx,130.716,-3.487,129.88036,,,,,,,,,,,,
TRACPKD128F14539CD,Slip Out The Back (Album Version),Fort Minor (Featuring Mr. Hahn),90.009,-6.475,236.66893,,,,,,,,,,,,
TRACPNW128F92F8C8E,Lonesome Road (1995 Digital Remaster),Dean Elliott And His Big Band,120.172,-10.727,150.33424,,,,,,,,,,,,
TRACPRG12903CB8E83,Ye That Tempteth_ Ye That Bequeth,Enslavement Of Beauty,120.052,-4.732,239.90812,,,,,,,,,,,,
TRACPUC128F92ED1D1,Liquid Frequencies (liquid Soul Mix),liquid soul & freq,0,-6.318,402.62485,,,,,,,,,,,,
TRACPVU128F933FDD5,Banana Man,C.J. Chenier,89.67,-12.469,189.33506,,,,,,,,,,,,
TRACPYD128EF362285,El Cara Bonita,Mercedes Castro,129.354,-8.077,129.74975,,,,,,,,,,,,
TRACPZH128F9311764,Chocolate,Snow Patrol,117.966,-6.473,181.57669,,,,,,,,,,,,
TRACQDO12903CAE2DA,Anillo de compromiso,Antonio Bribiesca,84.05,-12.468,181.91628,,,,,,,,,,,,
TRACQFK128F14658B3,New York (Dave Goodman Demo Version) (Explicit),Sex Pistols,133.811,-7.654,186.40934,,,,,,,,,,,,
TRACQIL128F931B8AD,For Your Eyes Only,Pinchers,158.103,-7.551,195.10812,,,,,,,,,,,,
TRACQIR128F42BAA06,Welcome 2 Detroit,Trick Trick / Eminem,91.101,-4.853,285.49179,,,,,,,,,,,,
TRACQIS128F92CBED8,HISTORY,Michael Jackson,128.702,-2.617,249.99138,,,,,,,,,,,,
TRACQKE12903D00CC7,Motindo Na Yo Te,Franco,178.192,-8.774,188.47302,,,,,,,,,,,,
TRACQML128F42AE513,A Costa De Galicia,Carlos Nuñez,113.156,-8.691,237.87057,,,,,,,,,,,,
TRACQUB128F427BA42,Enero en la playa (Edit),Facto Delafe y las flores azules,95.036,-9.65,158.45832,,,,,,,,,,,,
TRACRAR128F92F3B74,Travel Song (Reprise),Dora The Explorer,123.965,-6.917,68.98893,,,,,,,,,,,,
TRACRBQ128F4263964,Midnight In Memphis,J.J. Cale,111.492,-14.293,263.94077,,,,,,,,,,,,
TRACRHZ12903CAF6A4,Feelin You,DJ Spinn,119.987,-6.53,312.94649,,,,,,,,,,,,
TRACRJZ128F4244626,This Time I Know,Theodis Ealey,99.238,-7.405,227.44771,,,,,,,,,,,,
TRACRNT128F426FA27,God Will Make A Way,Janet Paschal,119.194,-11.536,316.36853,,,,,,,,,,,,
TRACRON12903CB59E6,Don't Leave,Everyday Sunday,103.009,-7.462,269.73995,,,,,,,,,,,,
TRACROV128F92F6D6F,O Hiroteros Ehthros Mou,Peggy Zina,96.024,-6.654,200.38485,,,,,,,,,,,,
TRACRQV12903CC995F,Spark,Souls Of Mischief,96.287,-5.911,220.96934,,,,,,,,,,,,
TRACRRO128F92F34B9,He Jiu Bi Hun,Hacken Lee,112.081,-11.786,188.52526,,,,,,,,,,,,
TRACRTS128F9300F7E,Destroy Babylon,Bad Brains,86.536,-9.614,85.26322,,,,,,,,,,,,
TRACRVJ128F14661D6,Follow Your Dreams (The Plan Album Version),Raze,108.831,-2.932,196.64934,,,,,,,,,,,,
TRACSBL128F42480E8,Yippiyo-Ay,The Presets,120.119,-4.002,271.85587,,,,,,,,,,,,
TRACSFC12903CEAF33,Your God Isn't Listening,Steve Wilson,100.006,-14.51,260.38812,,,,,,,,,,,,
TRACSIE128F427F98E,Talk About Us,Jennifer Lopez,80.979,-6.518,275.69587,,,,,,,,,,,,
TRACSND128F426983F,Sosa (Explicit),A.Z.,180.296,-8.005,125.41342,,,,,,,,,,,,
TRACSTF128F4238A87,Señora (bonus track),Francisco Céspedes,110.666,-9.84,204.53832,,,,,,,,,,,,
TRACSVW128F14ACB60,"Der Wind Hat Mir Ein Lied Erzählt (from ""La Habanera"")",Quadro Nuevo,110.551,-10.566,221.28281,,,,,,,,,,,,
TRACSXC12903CF9525,Gangster Of Love,Chris Farlowe,122.298,-13.224,242.88608,,,,,,,,,,,,
TRACTBH128F422F31B,FRIENDS IN FALL RIVER  (LP Version),Silverstein,200.375,-5.993,181.81179,,,,,,,,,,,,
TRACTHF128F4295A22,Road Warrior's Lament,Kris Kristofferson,141.51,-18.184,259.68281,,,,,,,,,,,,
TRACTIE128F92E473B,Brother,Alice In Chains,92.012,-6.478,267.36281,,,,,,,,,,,,
TRACTIU12903D1614D,Ascolta mio dio,The Charms,149.054,-8.334,130.82077,,,,,,,,,,,,
TRACTLX128F42A51F6,Exaltation,Matisyahu,181.549,-7.865,417.67138,,,,,,,,,,,,
TRACTMI128F931B412,Punchdrunk,Béla Fleck,140.659,-9.89,158.98077,,,,,,,,,,,,
TRACTOP128F147AAE1,Morena Boca De Ouro,Jongo Trio,184.964,-7.657,163.36934,,,,,,,,,,,,
TRACTQD128F14B0F9D,I Love You More Than You'll Ever Know (LP Version),Donny Hathaway,72.937,-16.336,322.87302,,,,,,,,,,,,
TRACTSM128F4221007,Rápido Nos Vamos,Javier Mendoza Band,117.116,-4.639,295.57506,,,,,,,,,,,,
TRACTTU128F423E9BC,El Mes Alt,Sapo,141.45,-5.155,219.74159,,,,,,,,,,,,
TRACTUH128F92C93A3,Two Tickets To Paradise,Eddie Money,86.902,-7.54,189.30893,,,,,,,,,,,,
TRACTWH12903CE2E46,Nun singet und seid froh,Thomas Battenstein,162.103,-20.446,123.11465,,,,,,,,,,,,
TRACTWW12903CB7550,Shake Some Action,Cracker,136.459,-5.498,263.8624,,,,,,,,,,,,
TRACUCQ128F92FFBF7,Smooth Operator,Sade,119.903,-6.375,298.89261,,,,,,,,,,,,
TRACUCT128F422BC2F,Red Orange Yellow,Photo Atlas,168.248,-5.991,189.75302,,,,,,,,,,,,
TRACUDB128F932030C,Biloxi,Kenny Price,117.076,-11.857,129.25342,,,,,,,,,,,,
TRACUEE128F427EA05,Sarah Yellin',3 Doors Down,128.714,-5.371,208.97914,,,,,,,,,,,,
TRACUGA128F14ACFB8,Bullet Frenzy,Elliot Goldenthal,148.505,-13.179,617.82159,,,,,,,,,,,,
TRACUIZ128F92D984B,Baby You Got What It Takes - Original,Delroy Wilson,166.687,-10.791,191.50322,,,,,,,,,,,,
TRACUJR12903CA4D39,Zalozniy,Arkona,106.724,-4.568,247.01342,,,,,,,,,,,,
TRACULD128F935A67B,Before The Æons Came,Behemoth,85.112,-4.059,178.33751,,,,,,,,,,,,
TRACULH128F42287AB,Fernando,Andre Popp,103.77,-8.493,220.94322,,,,,,,,,,,,
TRACUMR128F932C675,Machine Gun Majesty [Live] (Album Version),Soilwork,93.235,-3.049,323.21261,,,,,,,,,,,,
TRACUNV128F422663D,Sentimentos Desiguais,Cândido,167.951,-5.573,232.88118,,,,,,,,,,,,
TRACUUJ128F422EFF8,Rastafari Prophecy,Horace Andy,174.282,-4.812,284.47302,,,,,,,,,,,,
TRACUVF128F4250C51,Alimony,Shaggy,89.998,-7.751,232.30649,,,,,,,,,,,,
TRACUWW128F4248CAA,Adeste fideles,Ramón Vargas_ Sängerknaben Luzerner Kantorei_ Henk Geuke_ Concilium Musicum Wien & Paul Angerer,69.538,-21.881,207.04608,,,,,,,,,,,,
TRACUXJ128E0785F2B,Killing,The Rapture,120.006,-7.693,218.22649,,,,,,,,,,,,
TRACVBQ128E07855EE,This This (LP Version),Nicole C. Mullen,130.64,-5.946,164.8322,,,,,,,,,,,,
TRACVFF12903CF055A,On The Brink,Dinosaur Jr,145.228,-6.942,194.40281,,,,,,,,,,,,
TRACVGF128F4277847,Consuelate Como Yo,Los Van Van,130.691,-6.017,263.60118,,,,,,,,,,,,
TRACVSS128E07846A7,Half The Fun,Snow Patrol,142.01,-4.022,174.602,,,,,,,,,,,,
TRACVTG128F92FE985,Damit Du Dich in mich verliebst,Lara,81.986,-6.533,192.46975,,,,,,,,,,,,
TRACVTK128F4288966,Drive By Music,Outerspace,181.889,-4.982,200.9073,,,,,,,,,,,,
TRACVWI12903CA6A82,Que Cosas_ Que Cosas,Gloria Lasso,123.049,-19.376,160.70485,,,,,,,,,,,,
TRACVZM12903CEAD72,Ruby D.,Les Sexareenos,182.57,-7.268,98.89914,,,,,,,,,,,,
TRACWBD12903CAF664,Bounce Back,DJ Spinn,120.231,-13.159,240.43057,,,,,,,,,,,,
TRACWBO128F92F322F,Empty Arms,Stevie Ray Vaughan And Double Trouble,98.623,-10.72,184.2673,,,,,,,,,,,,
TRACWBS128F932C993,Hey Joe,The Creation,85.453,-10.612,250.27873,,,,,,,,,,,,
TRACWCG128F9344150,Fall Away Into Darkness,The Balustrade Ensemble,116.423,-17.057,285.3873,,,,,,,,,,,,
TRACWCV128F429D196,Neon Rainbow,The Box Tops,117.381,-10.393,177.3971,,,,,,,,,,,,
TRACWEH128F1456890,Blues,Terry Callier,109.018,-8.154,180.50567,,,,,,,,,,,,
TRACWFA128F4265BDF,Brokÿn Nëedle,Ultimate Fakebook,115.606,-3.287,149.55057,,,,,,,,,,,,
TRACWNC128F42ABB99,Risen From Within,Astarte,161.782,-6.241,173.81832,,,,,,,,,,,,
TRACWON128F429BE8D,Humppa,Elakelaiset,166.906,-11.931,182.83057,,,,,,,,,,,,
TRACWRW12903CC3CA2,winning friends,Prisma,194.704,-10.037,219.66322,,,,,,,,,,,,
TRACWSJ128F42739DE,It Has Been A Long Time_ Hasn't It,Anubis Spire,161.621,-18.533,316.89098,,,,,,,,,,,,
TRACWVL128F93016B4,Glo-Billy-Vee-Vee,Beaver Harris,82.571,-12.21,193.4624,,,,,,,,,,,,
TRACWYD128F1465B4A,You Are God (Broken Album Version),Darwin Hobbs,41.21,-9.055,352.86159,,,,,,,,,,,,
TRACXDB12903CA4432,XI GUAN LIANG GE REN,Jerry Yan,117.892,-10.803,252.18567,,,,,,,,,,,,
TRACXGH128F931686C,Crimson And Clover,Tommy James & The Shondells,167.841,-11.359,324.70159,,,,,,,,,,,,
TRACXGV128F9349C63,Outro Duction,Marcus Miller,78.382,-13.227,52.00934,,,,,,,,,,,,
TRACXHN12903CD2B4C,Barrage,Charles Williams,74.666,-12.91,87.87546,,,,,,,,,,,,
TRACXHQ12903D11ED1,Adios...Borron Y Cuenta Nueva,Los Iracundos,92.785,-7.582,259.23873,,,,,,,,,,,,
TRACXIF128F425E206,San Xuan,Hevia,125.02,-5.764,261.32853,,,,,,,,,,,,
TRACXIQ128F92E25AB,A Hard Road,John And The Bluesbreakers Mayall,94.304,-6.356,304.8224,,,,,,,,,,,,
TRACXJP128F92E3693,Oh Oh Oh Baby,Checkers,135.048,-13.42,135.70567,,,,,,,,,,,,
TRACXOY128F934CEDC,Isn't That Just Like God (Low Key Performance Track Without Background Vocals),Babbie Mason,141.022,-17.263,236.2771,,,,,,,,,,,,
TRACXQB128F42A7FA1,Laughed At The Judge,The Grease Band,123.891,-16.021,325.25016,,,,,,,,,,,,
TRACXRL128F9317EAE,Mele Wich Ayee (Shaan Remix),Bally Sagoo,111.901,-12.392,373.39383,,,,,,,,,,,,
TRACXTK128F92CC024,Christina Christina Blues,Champion Jack Dupree,95.026,-21.723,200.80281,,,,,,,,,,,,
TRACXUW128F93093F5,Faithful and True (Collectors Version),Z.Z. Hill,73.545,-8.301,333.322,,,,,,,,,,,,
TRACXYU128F425EEE8,Le Zoo De Vincennes,Benabar,88.018,-11.258,238.44526,,,,,,,,,,,,
TRACYBU128F14AE4DD,Pass Through My Will,John Michael Talbot,96.709,-21.506,113.78893,,,,,,,,,,,,
TRACYCJ128F9309246,Don't Go Knockin' On My Door,Britney Spears,111.004,-5.304,223.52934,,,,,,,,,,,,
TRACYDP128F932BC8E,Sacrifice for the Slaughtergod,Skeletonwitch,201.333,-5.516,173.37424,,,,,,,,,,,,
TRACYDQ128F932C763,La boîte à hein biloute,Blingtones,67.046,-12.838,9.66485,,,,,,,,,,,,
TRACYHQ12903CCE804,Si No Te Hubieras Ido,Charlie Cruz,200.534,-2.968,288.83546,,,,,,,,,,,,
TRACYMH12903CA01DF,Cold Blood (LP Version),Kix,140.994,-2.769,257.2273,,,,,,,,,,,,
TRACYMT128F933333D,Wanikaa (Featuring Abramz_ Krazy_ Lyrical G_ Saint Ca and Sylvester),Indigenous,108.018,-6.724,201.482,,,,,,,,,,,,
TRACYND128F423E23D,I Worship You,True Believers,92.881,-8.672,281.88689,,,,,,,,,,,,
TRACYOR128F427FB1D,Lunes Por La Madrugada,Los Abuelos De La Nada,139.685,-14.409,194.01098,,,,,,,,,,,,
TRACYOV128F92CB613,Jimi Baby,Slightly Stoopid,173.709,-12.708,118.49098,,,,,,,,,,,,
TRACYPF128F9338DE0,Full Of Voices,Maximilian Hecker,129.488,-8.059,205.7922,,,,,,,,,,,,
TRACYTM128F933A555,More Where That Came From - Original,Leroy Hutson,183.935,-17.92,323.99628,,,,,,,,,,,,
TRACYXW128F4297569,Fool For Your Loving,Whitesnake,125.783,-7.356,250.3571,,,,,,,,,,,,
TRACZDR128F14599BC,If I Run,Semisonic,186.012,-5.814,258.92526,,,,,,,,,,,,
TRACZDY128F92EE2F1,Maybe I'm Crazy (Single original version_ 2008 Digital Remaster),Laid Back,124.534,-4.854,196.72771,,,,,,,,,,,,
TRACZEZ12903CF673A,Heart Of The City (Soul and R&B),Willie Clayton,85.973,-5.906,238.39302,,,,,,,,,,,,
TRACZJA128F429E665,Guardian Angel,Novaspace,185.97,-7.299,231.54893,,,,,,,,,,,,
TRACZPB128F92FBE3F,Melodioso,Tom Barabas,121.001,-14.094,249.20771,,,,,,,,,,,,
TRACZUC128F92F0337,Hel Vete,Finntroll,149.948,-5.563,255.00689,,,,,,,,,,,,
TRADABC128F4274FCC,Escuchame,Carlos Ponce,196.137,-6.675,195.5522,,,,,,,,,,,,
TRADACR12903CD10C1,Sending A Message,Colin James,149.317,-7.382,233.7171,,,,,,,,,,,,
TRADAFY128F145B77B,Auf Der Mundharmonika,Marlene Dietrich,42.654,-16.163,159.34649,,,,,,,,,,,,
TRADAFY12903CC7EAA,Girls Girls,Pinchers & Ganglords,159.798,-7.145,235.17995,,,,,,,,,,,,
TRADAIV128F42A0FB9,6 6 6,Ziggy Marley And The Melody Makers,145.222,-15.889,335.90812,,,,,,,,,,,,
TRADAOM128F4263A78,Something's Missing,John Mayer,153.055,-7.123,407.45751,,,,,,,,,,,,
TRADASY128F92FDD54,Dornröschen war ein schönes Kind - Karaoke,Frederik,95.991,-8.493,164.15302,,,,,,,,,,,,
TRADAUM12903CF1FF6,Wiggle (Soul and R&B),Willie Clayton,115.938,-6.36,287.08526,,,,,,,,,,,,
TRADAXI128F9315DD0,Maloba pamba,Emeneya,122.799,-7.15,552.35873,,,,,,,,,,,,
TRADAXK12903CD05F2,Weight Of The World (Album Version),Dropline,79.677,-5.56,226.40281,,,,,,,,,,,,
TRADAYS12903CDBE0F,Judge Boushay Blues,Furry Lewis,104.469,-28.946,221.962,,,,,,,,,,,,
TRADAZP12903D0A480,Sabotage,Cancer Bats,86.01,-4.834,180.71465,,,,,,,,,,,,
TRADBBM128F930DC49,My Heart Went That-A-Way,Roy Rogers,185.246,-18.118,182.67383,,,,,,,,,,,,
TRADBIA128F14AD4C5,The Epi-Pen,Alexandre Desplat,39.451,-15.668,239.38567,,,,,,,,,,,,
TRADBOS128F92E6F5E,Baat Ban Jaye,Biddu,108.751,-12.548,195.39546,,,,,,,,,,,,
TRADBQM128F92F79EF,People of cloud nine,Uman,99.968,-15.305,344.2673,,,,,,,,,,,,
TRADBQZ128F146A6A7,Away In A Manger,Lara & Reyes,111.727,-14.919,92.70812,,,,,,,,,,,,
TRADBRI128F423BAED,Mas P**' (America'S Mexican),George Lopez,120.492,-8.874,238.99383,,,,,,,,,,,,
TRADBSN128F426B297,Shang Zhui Ren,Miriam Yeung,114.915,-13.659,276.74077,,,,,,,,,,,,
TRADBSW128F933A7A8,Loba,Shakira,128.217,-5.16,222.37995,,,,,,,,,,,,
TRADBUP128EF354F6C,Pacific Coast Remix,DJ Quik,200.079,-4.394,260.362,,,,,,,,,,,,
TRADBVT12903CE19B2,Complainin',Sophie Tucker,100.868,-19.492,180.6624,,,,,,,,,,,,
TRADBXG12903CBDEC5,Nordcore,Pyranja,178.574,-4.166,225.33179,,,,,,,,,,,,
TRADCBA128F92E7161,Big Train,Conway Twitty,64.141,-19.602,140.7473,,,,,,,,,,,,
TRADCGZ128F424206F,The Prayer - Feat. T.O. & Timberly K. Simmons,Agency 1.9.9.4,95.386,-3.062,230.37342,,,,,,,,,,,,
TRADCHC128F42134B5,Rock the Spot,Blackalicious,100.694,-5.869,260.33587,,,,,,,,,,,,
TRADCIM128F427A3A1,You Say Keep It Gangsta,Wyclef Jean featuring Butch Cassidy and Sharissa,183.58,-3.947,238.47138,,,,,,,,,,,,
TRADCQI128F42664A8,Pop A Cap In Yo' Ass,Ben Watt feat. Estelle,125.992,-8.273,389.19791,,,,,,,,,,,,
TRADCRW128E078FA33,Swing Swang,Naughty By Nature,93.978,-3.741,245.65506,,,,,,,,,,,,
TRADCUZ128F92E6775,C'est Dimanche,Aurélien Merle,150.032,-17.661,286.85016,,,,,,,,,,,,
TRADCYH128F931532A,Use Me,Far Too Jones,127.267,-4.771,249.02485,,,,,,,,,,,,
TRADCZP128F42282D6,Gib deinem Herzen ein Zeichen (Radio Mix),Jenney,120.117,-3.766,205.97506,,,,,,,,,,,,
TRADDBK128F1483FF8,So. Central Rain (2006 Digital Remaster),R.E.M.,146.484,-8.775,195.52608,,,,,,,,,,,,
TRADDBX128F93497E9,El Corcovado (The Wood-Quail),Los Gaiteros de San Jacinto,171.123,-21.854,234.52689,,,,,,,,,,,,
TRADDCV128F423BAB0,The Portrait (Live) (Reissue) (Album Version),King Diamond,240.761,-5.575,286.56281,,,,,,,,,,,,
TRADDCY128F931C4E6,Destination Eschaton (Hardfloor Vocal Mix),Shamen,86.561,-6.519,443.03628,,,,,,,,,,,,
TRADDEX128F4250DFC,In De Dance Again,Mighty Diamonds,162.736,-10.484,208.87465,,,,,,,,,,,,
TRADDFC128F930EDBD,Aquel Mundo De Amor,Pablo Montero,146.654,-9.627,163.29098,,,,,,,,,,,,
TRADDHL128F92FD8DD,Living Underground,Atomic Rooster,146.708,-11.696,220.39465,,,,,,,,,,,,
TRADDNQ128F4271974,Chinoiserie,Lincoln Center Jazz Orchestra,90.306,-5.508,304.84853,,,,,,,,,,,,
TRADDPM12903CFED88,Perfect Tree,Ray Boltz & Steve Millikan,133.318,-10.551,245.62893,,,,,,,,,,,,
TRADDRF128F145869F,Careful In Career,Simple Minds,139.402,-14.178,308.94975,,,,,,,,,,,,
TRADDWO128F9305E06,I'm in Korea,J. B. Lenoir,98.018,-9.302,190.64118,,,,,,,,,,,,
TRADDXJ128F4252062,Oedipus Rex_ Atto Secondo: Divum Jocastae Caput Mortuum (Messaggero_ Coro) (Stravinsky),Herbert  von Karajan,124.748,-16.398,201.89995,,,,,,,,,,,,
TRADDXS12903CEDB38,Don't Stop The Music,Rihanna,128.092,-4.465,283.8722,,,,,,,,,,,,
TRADDYJ128F4275431,De pie,Fuzz,143.951,-5.384,223.39873,,,,,,,,,,,,
TRADEAI12903C9B81C,Disease,Dokken,89.019,-5.152,210.88608,,,,,,,,,,,,
TRADECR128F42233D5,Roll Back The Rug,Ionics,136.463,-9.811,140.38159,,,,,,,,,,,,
TRADEMD128F9356336,Money Money Money,Top Of The Poppers,121.238,-9.894,184.29342,,,,,,,,,,,,
TRADEME128F9301CBB,Free (Album Version),The Winans,104.856,-7.68,263.20934,,,,,,,,,,,,
TRADEMS128F92E83BB,Jealousy,Paulette Tajah,150.024,-9.917,201.92608,,,,,,,,,,,,
TRADERP128F42908E4,Ready To Go,Republica;Jonny Male;Dave Arch,129.888,-5.306,303.85587,,,,,,,,,,,,
TRADESF128F4214D8E,Mama Kin,Guns N' Roses,156.65,-8.591,237.13914,,,,,,,,,,,,
TRADEYR12903CC488D,Bust At You [featuring Baby_ Scarface & Tony Sunshine] (edited album version),Fat Joe,167.878,-4.678,277.002,,,,,,,,,,,,
TRADFAQ128F428AC13,Searching For Home,Skrape,133.912,-9.296,198.81751,,,,,,,,,,,,
TRADFBR128F9308456,Reg mich nicht auf_ Johanna,Curt Bois,123.765,-18.354,203.02322,,,,,,,,,,,,
TRADFCO12903CA9439,The Reason I Go On,Céline Dion,77.977,-9.528,224.20853,,,,,,,,,,,,
TRADFEB128F4256B21,Where Were You Last Night,Pee Wee King,151.049,-20.826,167.00036,,,,,,,,,,,,
TRADFEO128F9342B4B,É Sempre Assim,Flávio José,164.815,-5.695,219.29751,,,,,,,,,,,,
TRADFID128F4267231,Cicada,Silverchair,122.243,-7.207,312.13669,,,,,,,,,,,,
TRADFII128F931FC9F,The End Of The Line,Metallica,111.504,-3.258,472.45016,,,,,,,,,,,,
TRADFJJ128F934857E,LA River (Acoustic),Rancid,126.464,-5.084,163.29098,,,,,,,,,,,,
TRADFLB128F9339370,Inner City Blues (Alternate Mix) (Bonus Track),Brian Auger's Oblivion Express,193.84,-10.284,265.7171,,,,,,,,,,,,
TRADFLD12903CB3BD8,Empire Falls,Primordial,129.626,-14.04,458.9971,,,,,,,,,,,,
TRADFLS128F9308E1D,Right to Work (Live),Chelsea,159.552,-9.727,145.55383,,,,,,,,,,,,
TRADFOJ128F425107D,Princess Black,Sizzla,168.013,-6.016,274.15465,,,,,,,,,,,,
TRADFOQ128F9335409,Bolero Militar,Bersuit Vergarabat,121.91,-7.877,208.56118,,,,,,,,,,,,
TRADFQK128F422B492,Rice Dream Girl,Casiotone For The Painfully Alone,131.078,-6.695,108.40771,,,,,,,,,,,,
TRADFRI128F931558C,No more going home,Rainer Bielfeldt,149.259,-8.25,239.01995,,,,,,,,,,,,
TRADFSY128F9309CB6,Time After Time,Ann Hampton Callaway,103.077,-20.302,312.65914,,,,,,,,,,,,
TRADFXD128F424694C,Misty Mountains,Mando Diao,152.041,-3.942,144.03873,,,,,,,,,,,,
TRADFXO128F92F5B3D,All I Ever Really Wanted,Donnie McClurkin,143.986,-6.129,198.5824,,,,,,,,,,,,
TRADGIX128F9315B2D,Brand New Broken Heart,NewFound Road,223.34,-5.864,176.56118,,,,,,,,,,,,
TRADGLP128F427A172,Te quiero tanto,Vilma Palma e Vampiros,127.803,-6.107,210.05016,,,,,,,,,,,,
TRADGMF12903CAD473,Yesterdays,Ray Conniff,65.852,-14.286,191.63383,,,,,,,,,,,,
TRADGQI128F1472928,Mi Sangre Latino,Nelson Ned,85.7,-12.026,177.6322,,,,,,,,,,,,
TRADGWP128F42618E4,Vincent,Madilu System,130.126,-3.871,451.44771,,,,,,,,,,,,
TRADGXI128F92EF28F,the fallen...,Set Your Goals,194.532,-2.192,204.40771,,,,,,,,,,,,
TRADGXI128F9339C88,The Lifestyle That Got Away,The High Strung,95.11,-2.679,153.73016,,,,,,,,,,,,
TRADGXJ128E078FB3A,Get Your Hustle On,Lost Boyz,93.174,-9.725,243.53914,,,,,,,,,,,,
TRADHBZ128F932D9E9,Future Prospects,Nic Endo,88.4,-2.928,388.0224,,,,,,,,,,,,
TRADHGK128F428A000,Skinhead on the MBTA (Album Version),Dropkick Murphys,168.21,-3.918,229.51138,,,,,,,,,,,,
TRADHGV128F4233DE0,Love Attack,Kim Wilson,119.644,-8.096,286.51057,,,,,,,,,,,,
TRADHLD128F4241363,Above Lucium (LP Version),Daath,150.163,-3.961,248.81587,,,,,,,,,,,,
TRADHLI128F428FEFD,Human Guinea Pig,Suicidal Tendencies,186.159,-9.96,125.90975,,,,,,,,,,,,
TRADHMQ128F932EB96,Wink Of An Eye,Bobby Vee,132.109,-10.872,256.28689,,,,,,,,,,,,
TRADHMY128F14AE89E,Awesome God,Bill & Gloria Gaither,139.23,-13.991,181.15873,,,,,,,,,,,,
TRADHPE128F429FE9C,Naked,Jennifer Brown,90.915,-8.246,239.0722,,,,,,,,,,,,
TRADHRX12903CD3866,Le temps des cerises,Jean Lumière,38.644,-10.621,183.37914,,,,,,,,,,,,
TRADHUE128EF34DAF5,Loud And Clear,Elephant Man,125.618,-7.286,128.80934,,,,,,,,,,,,
TRADHUZ128F148885D,J'veux Du Cuir (Live),Alain Souchon,89.168,-13.578,217.02485,,,,,,,,,,,,
TRADHXU12903CB4400,Freeze,Pepper,220.104,-5.286,204.5122,,,,,,,,,,,,
TRADHYQ128F427095F,Alli Mia Fora,Peggy Zina,131.991,-8.301,217.33832,,,,,,,,,,,,
TRADHZN128F428DA0D,Lydia [Piano Version],FIR,122.041,-14.44,206.57587,,,,,,,,,,,,
TRADIHL128F92FE59A,Dress Me Up,Eric Champion,122.421,-10.42,327.49669,,,,,,,,,,,,
TRADIKB12903CBC05F,Wo bleibt die Mark?,Zeltinger Band,140.264,-7.768,222.24934,,,,,,,,,,,,
TRADISA128F145EB48,Love Thing,Bebe Winans,161.405,-10.486,278.22975,,,,,,,,,,,,
TRADIYD128F14656A6,Bean Fields (Live) (2001 Digital Remaster),Penguin Café Orchestra,128.298,-9.057,270.78485,,,,,,,,,,,,
TRADIZG128F9338C5C,Sambangole / Tres Golpes Na' Mas,Colombiafrica - The Mystic Orchestra,186.121,-7.998,318.79791,,,,,,,,,,,,
TRADJAO128F146D76E,Naked In The Rain (Album Version),Red Hot Chili Peppers,116.282,-10.557,265.63873,,,,,,,,,,,,
TRADJBU12903CF2E74,Who Are You?,The Kitchen,142.911,-6.025,213.10649,,,,,,,,,,,,
TRADJFK128F92FB281,There Are Things I Think You Should Know,Statues,173.357,-6.618,155.6371,,,,,,,,,,,,
TRADJGI128F148B0F6,The One I Got,Jonny Lang,136.932,-6.067,208.32608,,,,,,,,,,,,
TRADJGU128F42A6C00,Shake,Cam'Ron / JR Writer,115.139,-6.61,208.92689,,,,,,,,,,,,
TRADJHU128F425459F,Triesteitaliana,Novembre,124.078,-6.163,295.23546,,,,,,,,,,,,
TRADJIZ128F934DCF4,Thug Queen,X-Raided,161.976,-6.83,242.59873,,,,,,,,,,,,
TRADJJB128E0790E7C,Give Your Love To Me,Cornell Campbell,140.048,-15.076,215.01342,,,,,,,,,,,,
TRADJJZ128F9341B40,Tides Of Time,Donna The Buffalo,151.493,-6.199,281.93914,,,,,,,,,,,,
TRADJKG12903CE049F,So What!,Tesla,88.127,-3.257,228.98893,,,,,,,,,,,,
TRADJPN128F14ABE7A,Kleina Wixa,ÄI-TIEM,172.02,-10.62,200.48934,,,,,,,,,,,,
TRADJSM128F14894AA,Down On The Farm (2006 Remastered Edit Version),Little Feat,97.342,-9.978,228.98893,,,,,,,,,,,,
TRADJTR128F423CEB8,Two Track Dub (Dub / Instrumental Reggae Music),Mikey Dread,145.055,-13.192,373.26322,,,,,,,,,,,,
TRADJVN128F42AC93D,Distancia,Alberto Cortez,91.008,-5.896,252.78649,,,,,,,,,,,,
TRADJYS128F9332E4A,Papel Quemado,Conjunto Mar Azul,93.961,-5.129,309.96853,,,,,,,,,,,,
TRADKAX128E0786B92,Romantic Rights,Death From Above 1979,150.155,-7.163,195.29098,,,,,,,,,,,,
TRADKDX128F9320676,If Ever,Foo Fighters,150.83,-7.442,253.67465,,,,,,,,,,,,
TRADKEU12903CF1540,Left To Starve,Eyehategod,97.916,-11.31,247.01342,,,,,,,,,,,,
TRADKGG128EF34F5FB,Lekeitio,Mal De Ojo,140.951,-6.206,238.10567,,,,,,,,,,,,
TRADKGW12903CC8CB9,The Wedding Samba,Edmundo Ros,121.596,-9.905,170.37016,,,,,,,,,,,,
TRADKLT128F9304E1D,Stairs To the Attic,The Antlers,80.023,-8.878,277.99465,,,,,,,,,,,,
TRADKPT12903C980B3,Prelude And Fugue In C Major BWV 545 : Prelude,Lionel Rogg,77.754,-10.997,137.32526,,,,,,,,,,,,
TRADKYB128F422F023,The Love We Had Version,Jimmy Riley,160.04,-13.633,229.14567,,,,,,,,,,,,
TRADKYH128F42788EA,Vortex,Elliot Goldenthal,79.35,-23.519,92.86485,,,,,,,,,,,,
TRADKYU12903CAF981,Uncle Interlude,John Brown,77.692,-13.816,24.47628,,,,,,,,,,,,
TRADLAB128F931FCAE,Mon coeur s'ouvre à ta voix,Marilyn Horne / Wiener Opernorchester / Henry Lewis,106.504,-20.082,391.70567,,,,,,,,,,,,
TRADLBJ128F423A031,The Dynamo Of Volition [From An All Night Session],Jason Mraz,62.894,-13.163,263.00036,,,,,,,,,,,,
TRADLCP12903CB64FC,Gold Und Silber,Pyrolator,186.582,-8.826,167.28771,,,,,,,,,,,,
TRADLHA128F92CDA63,Triumph / Timour The Tartar / The Left Handed Fiddler / Speed The Plough / De'il Among The Tailors,James Scott Skinner,133.953,-18.935,184.52853,,,,,,,,,,,,
TRADLJV128F9336643,Guidum,Abraham Laboriel,182.774,-10.494,423.26159,,,,,,,,,,,,
TRADLKP128F92EE50E,Cavasamba Um (Edit),Grupo Batuque,155.526,-17.437,41.56036,,,,,,,,,,,,
TRADLSQ128F92FF1E7,All Kind of People,Sugar Minott,121.284,-11.706,211.06893,,,,,,,,,,,,
TRADLWU128F42864E3,Hole In The Pumpkin,Ini Kamoze,95.021,-13.762,234.84036,,,,,,,,,,,,
TRADLYD128F92FEBFF,Between Me & You Kid (Album Version),Mudhoney,158.517,-7.996,217.5473,,,,,,,,,,,,
TRADLYR128F14821C5,The One I've Been Waiting For (Diamond Days Album Version),Out Of The Grey,153.642,-10.239,252.62975,,,,,,,,,,,,
TRADLZB128F933BB9B,Untitled,Dino,103.807,-1.723,406.38649,,,,,,,,,,,,
TRADMAJ128F92F566E,Una na na,OV7,99.995,-3.593,239.67302,,,,,,,,,,,,
TRADMCH128E0784D99,Can't Break This Man,Borialis,151.805,-5.4,294.68689,,,,,,,,,,,,
TRADMFK12903CC2478,The Ambush,Open Hand,154.211,-5.654,136.98567,,,,,,,,,,,,
TRADMGC128F9306CC9,Play That Beat,X-ecutioners,76.166,-5.716,286.77179,,,,,,,,,,,,
TRADMII128F9334AA0,Bertie's Pets (Bonus Material),Mario Rosenstock,49.171,-29.521,250.30485,,,,,,,,,,,,
TRADMKA128F9344497,Marilyn,Juice Leskinen,180.8,-11.567,158.45832,,,,,,,,,,,,
TRADMNU12903CE20A5,Bladecrash Electrocution,Pumpkin Buzzard,68.936,-5.111,193.20118,,,,,,,,,,,,
TRADMRP128F147CBF6,Come Here Feat. Jay Sean,Rishi Rich,107.011,-4.736,201.92608,,,,,,,,,,,,
TRADMUH128F146D3CD,Through The Wire,Kanye West,166.037,-5.227,271.25506,,,,,,,,,,,,
TRADMXI128F92F1E27,She's My Marijuana (LP Version),The Katies,133.607,-5.419,216.29342,,,,,,,,,,,,
TRADMZH12903CE4AD0,El Aranero,Los Hispanos,88.343,-12.384,242.28526,,,,,,,,,,,,
TRADMZW12903D0279D,Mash Up Mi Life,Sugar Minott,156.972,-10.475,258.01098,,,,,,,,,,,,
TRADNBP128F932475B,Old Friends,Paul Brown,122.623,-9.433,243.90485,,,,,,,,,,,,
TRADNGD128E0780F88,South Side Story,Lloyd Banks,85.366,-2.844,250.74893,,,,,,,,,,,,
TRADNHK128E0785452,In His Presence (LP Version),Marvin Sapp,100.081,-6.677,263.65342,,,,,,,,,,,,
TRADNJI128F14555DB,Space Between Us (Album Version),Sister Hazel,127.707,-8.311,303.98649,,,,,,,,,,,,
TRADNJO12903C956DA,Drifting Away,Mighty Diamonds,146.02,-8.815,224.54812,,,,,,,,,,,,
TRADNKT128F42388A1,Position,Terror Fabulous,94.958,-11.71,191.73832,,,,,,,,,,,,
TRADNLJ12903CD2E76,Beyond Forever (2004 Digital Remaster),Eddie Henderson,98.436,-8.4,277.57669,,,,,,,,,,,,
TRADNOD128F4262F3D,Raga Anandi Kalyan (Alap_ jor and jhala),Kartik Seshadri,88.329,-23.684,1519.28118,,,,,,,,,,,,
TRADNPB128F423AEE7,Tetrispack,Modeselektor,205.972,-8.788,256.31302,,,,,,,,,,,,
TRADNRG128F426F18C,Nice 'N' Easy,Charlie Rich,119.963,-11.537,184.65914,,,,,,,,,,,,
TRADNRG128F4295A0E,Darby's Castle,Kris Kristofferson,74.665,-19.991,232.64608,,,,,,,,,,,,
TRADNRU128F428AC6D,Doing Time (Album Version),Bad Religion,121.805,-5.098,180.81914,,,,,,,,,,,,
TRADNTE12903CD8296,Phase (1972),Saarbrücken Radio Symphony Orchestra,59.478,-24.986,827.66322,,,,,,,,,,,,
TRADNTU128F932B04A,Night Train (Album Version),Jackie Davis,117.298,-13.613,159.81669,,,,,,,,,,,,
TRADNZM128F9300DF3,Sunny Came Home,Shawn Colvin,109.154,-12.806,250.69669,,,,,,,,,,,,
TRADOAJ128F428DA46,Short On Ideas / One Last Cigarette,Less Than Jake,170.412,-1.977,257.01832,,,,,,,,,,,,
TRADODV128F4283EB6,Got It Twisted,Mobb Deep,103.433,-5.627,224.62649,,,,,,,,,,,,
TRADOEY128F42974FF,Liverpoolin pokia,Irwin Goodman,155.735,-4.398,157.33506,,,,,,,,,,,,
TRADOSF128F9338ADB,Stand,Pedro Aznar,110.178,-7.683,194.61179,,,,,,,,,,,,
TRADOVU128F9340CEE,Caroline,Bill Douglas,106.117,-23.771,185.67791,,,,,,,,,,,,
TRADOWO12903CD9BA2,Have Thine Own Way Lord,Marty Robbins,83.053,-16.399,160.57424,,,,,,,,,,,,
TRADOXP128F145C13A,I'm The Man (Explicit) (Feat. Jeru The Damaja And Lil Dap),Gang Starr Featuring Jeru The Damaja And Lil Dap,95.301,-15.55,244.32281,,,,,,,,,,,,
TRADOYN128F42951C9,The Door,Lenn Hammond,154.356,-7.622,216.47628,,,,,,,,,,,,
TRADOZB128F42312BB,Don't Wanna Be Here (Album Version),Cool For August,124.22,-5.8,214.7522,,,,,,,,,,,,
TRADPDI128F92EBD32,CNN War Theme,Monster Magnet,146.683,-5.75,217.10322,,,,,,,,,,,,
TRADPFS12903CB8C71,Now We Know,Sugar Minott,163.848,-13.688,193.93261,,,,,,,,,,,,
TRADPIA128E078EE1B,Heart-Shaped Box,Nirvana,105.826,-6.89,281.65179,,,,,,,,,,,,
TRADPJQ128F932E08D,Girls Make My Hair Loose,Unison,116.432,-11.212,216.78975,,,,,,,,,,,,
TRADPMU128F92D8DBB,Spaced Invader (Ian Pooley Club Mix),Hatiras & Slarta John,128.022,-5.378,383.58159,,,,,,,,,,,,
TRADPPX128E078B0BC,Down At The Old Corral (Album Version),Randy Travis,104.799,-11.611,198.76526,,,,,,,,,,,,
TRADPQT128F9337C45,Tudo Que Você Quiser,José Augusto;Catia Guimma,102.399,-5.962,256.15628,,,,,,,,,,,,
TRADPQW128F42636C3,Tien An Man Dream Again,fIREHOSE,177.093,-10.99,78.05342,,,,,,,,,,,,
TRADPSM128F92F5744,Nasty Little Lonely,Alternative TV,105.288,-13.11,305.71057,,,,,,,,,,,,
TRADPTQ128F9313D02,Tell Me Partner,Mike Bloomfield,102.533,-21.361,320.1824,,,,,,,,,,,,
TRADPYV128F92D308A,Ma Garçonniére,Francky Vincent,111.95,-4.613,207.90812,,,,,,,,,,,,
TRADQAR128F92ED3DC,Nonfiction,The Black Crowes,163.204,-8.311,256.20853,,,,,,,,,,,,
TRADQAW128F4274A4F,Money Make The World Go Around,G-Unit,93.988,-5.871,254.09261,,,,,,,,,,,,
TRADQBK128F92E8B5F,Never Be Ready,Mat Kearney,151.936,-6.81,215.74485,,,,,,,,,,,,
TRADQDN128F92E93BE,Coquí,Conjunto Clasico,83.905,-15.732,245.99465,,,,,,,,,,,,
TRADQHV128F92CD663,Unlove Me,Julie Roberts,122.022,-10.002,192.46975,,,,,,,,,,,,
TRADQJL128F92D9957,If I Know You,The Presets,128.976,-7.168,351.32036,,,,,,,,,,,,
TRADQPB128F931A603,Smoke Screen,Lily Holbrook,118.268,-9.823,242.83383,,,,,,,,,,,,
TRADQUL128F93274F3,Ouverture,Georges Delerue,141.652,-13.074,113.73669,,,,,,,,,,,,
TRADRDP12903CC6522,Up To Zion (High Key-Premiere Performance Plus w/o Background Vocals),Ronnie Milsap,88.947,-6.652,171.25832,,,,,,,,,,,,
TRADRED12903CA4B7C,River Is Waiting,Irma Thomas,103.206,-5.762,240.69179,,,,,,,,,,,,
TRADREG128E07983B8,Solid Gold (Evolution Mix) (2005 Digital Remaster),VHS Or Beta,126.984,-6.992,508.02893,,,,,,,,,,,,
TRADRHX12903CCD1DF,Only One You,T.G. Sheppard,96.027,-14.301,196.62322,,,,,,,,,,,,
TRADRIH128F92D9646,Little Edith,O'2L,130.091,-9.344,290.08934,,,,,,,,,,,,
TRADRJK128E078F041,Iron Man,The Cardigans,137.342,-10.175,259.76118,,,,,,,,,,,,
TRADRJM128F428DDB2,Johnny Can't Dance,Clifton Chenier,116.517,-4.231,281.15546,,,,,,,,,,,,
TRADRJN128F92E0D03,Please Remember Me,B.B. King,132.115,-10.241,192.88771,,,,,,,,,,,,
TRADRKK128F92FF034,Brazil Mon Amour,Zen Lemonade,134.21,-9.535,493.7922,,,,,,,,,,,,
TRADRNN128F92F7172,Honey,R. Kelly & Jay Z,95.464,-3.38,242.15465,,,,,,,,,,,,
TRADROR128F42936A4,Mad World (Money-G. Remix),Jan Wayne,140.013,-5.085,495.38567,,,,,,,,,,,,
TRADRPV128F92E4B4A,Take Your Time feat. Yannick Noah,Jimmy Cliff,211.986,-6.874,193.64526,,,,,,,,,,,,
TRADRTD128F92DA070,Innizar,The Forms,78.134,-9.073,208.14322,,,,,,,,,,,,
TRADRWF128F425F7BE,Toccata Et Fugue En Ré Mineur BWV 565,Lionel Rogg,92.924,-15.872,499.51302,,,,,,,,,,,,
TRADRXC128F4230BE8,Embraceable You (LP Version from 'When The Boys Meet The Girls'),Connie Francis,73.183,-15.754,135.47057,,,,,,,,,,,,
TRADRZG12903CE75B5,Bass Pro Shop & Wal-Mart,Larry The Cable Guy,62.018,-12.149,148.37506,,,,,,,,,,,,
TRADSBC128F429E4A4,Penny In My Pocket,The Kirkbys,129.393,-8.251,154.3571,,,,,,,,,,,,
TRADSHI12903CA79CB,Nadine,Arc Angels,118.372,-7.183,309.41995,,,,,,,,,,,,
TRADSIB128F93177AB,Marie's Wedding,The Clancy Brothers,92.326,-21.511,164.07465,,,,,,,,,,,,
TRADSMV128F4266DC6,I Love To Tell The Story  (Love To Tell The Story Album Version),Andy Griffith,105.129,-15.661,173.7922,,,,,,,,,,,,
TRADSOP12903D0C463,L'ombre d'une chance,Eric Demarsan,117.311,-13.345,150.17751,,,,,,,,,,,,
TRADSQV128F425F3D2,Queen Ida Introduction,"Myrick ""Freeze"" Guillory",111.542,-23.347,55.50975,,,,,,,,,,,,
TRADSQX128F14B0418,Round Two Wrap-Up,Ice-T & Chuck D,109.135,-13.276,26.01751,,,,,,,,,,,,
TRADSQZ128F42707D7,Suicidal Dream,Silverchair,97.643,-7.711,191.9473,,,,,,,,,,,,
TRADSUA128C7196C7C,New York,U2,125.088,-7.165,343.27465,,,,,,,,,,,,
TRADSVJ12903C9CDFA,Do It All Over Again,Sweet,150.116,-5.425,265.97832,,,,,,,,,,,,
TRADTAV128F14B0F47,She Came Along To Me (LP Version),Billy Bragg & Wilco,119.066,-7.46,207.98649,,,,,,,,,,,,
TRADTBA128F92CA48F,Extrication Love Song,Hot Tuna,93.532,-5.807,270.96771,,,,,,,,,,,,
TRADTGV128F14B0D76,Skincree,Götterdämmerung,137.846,-6.942,250.14812,,,,,,,,,,,,
TRADTID128F9305BC4,Dis moi,Mil,199.747,-5.041,200.56771,,,,,,,,,,,,
TRADTIP128F92E4CF2,Under World Dub,The Twinkle Brothers,88.355,-11.837,186.8273,,,,,,,,,,,,
TRADTKR128F92F4419,Lil Stuntin,Tum Tum,87.716,-16.408,206.28853,,,,,,,,,,,,
TRADTNG128F92F4716,Diss Location,Mr Dubz,87.99,-6.481,293.72036,,,,,,,,,,,,
TRADTOV12903CA9E74,Did It Again (featuring Kid Cudi),Shakira,137.935,-5.243,242.02404,,,,,,,,,,,,
TRADTQJ128F9340624,Persiana Americana (Live),Soda Stereo,104.521,-11.947,343.562,,,,,,,,,,,,
TRADTQK12903CB67C9,Recht auf Lungenkrebs,Die Bandbreite,131.784,-9.839,181.08036,,,,,,,,,,,,
TRADTRQ128F92FBA4A,Pardesi Pind Wich Ageya,Pardesi,98.824,-13.242,254.9024,,,,,,,,,,,,
TRADTRR128F4246114,Tra-La-La Musette,Andre Verchuren,180.588,-14.252,156.26404,,,,,,,,,,,,
TRADTTI128F4295512,Zeigt her eure Füße,Spieluhrmelodien,94.977,-10.823,131.94404,,,,,,,,,,,,
TRADTWP128F932A987,Past Meets Present,Marco Beltrami,188.068,-17.169,170.52689,,,,,,,,,,,,
TRADTXQ128F9331913,Don't Bring Flowers,Erik Hassle,127.923,-7.564,308.81914,,,,,,,,,,,,
TRADUCE128F9322F5A,KORITSU HOSPITAL,An Cafe,170.003,-3.545,267.31057,,,,,,,,,,,,
TRADUDB128F42A61F9,Squarebiz,Galactic,91.89,-4.181,205.08689,,,,,,,,,,,,
TRADUHX128F931A42B,Narrative #1,Michael Bloomfield,106.269,-20.026,35.97016,,,,,,,,,,,,
TRADUKH128F4256D1B,Someday (Immune Album Version),Soul Embraced,168.193,-8.432,248.81587,,,,,,,,,,,,
TRADULX128F425A590,Somebody's Brother (Somebody's Brother Album Version),Scott Wesley Brown,124.346,-20.02,191.21587,,,,,,,,,,,,
TRADUMK128F931E994,You Called It Madness [But I Call It Love] [Live At Royal Albert Hall],Tiny Tim,167.477,-14.23,197.90322,,,,,,,,,,,,
TRADUOU12903CF4323,Drugs,At All Cost,100.331,-6.465,443.68934,,,,,,,,,,,,
TRADUSB128F92C50C6,Scientas,Shamen,219.826,-14.443,337.71057,,,,,,,,,,,,
TRADUTA128F931418A,The Painter And The Magician,William Coulter,177.841,-14.233,253.54404,,,,,,,,,,,,
TRADUXF128F1498A0A,Spanish Harlem,Phil Spector,101.166,-14.669,130.61179,,,,,,,,,,,,
TRADUYY12903CB44E9,Portrait Of Clare (from 'Portrait Of Clare'),Charles Williams And His Orchestra,66.907,-24.422,196.75383,,,,,,,,,,,,
TRADUZS12903CE95D6,The Hammer Song (2010 Digital Remaster),Nick Cave & The Bad Seeds,99.565,-10.794,255.4771,,,,,,,,,,,,
TRADVAR12903CDEBF3,Broadway Star,Barrabas,131.729,-13.115,241.3971,,,,,,,,,,,,
TRADVBS128F4223455,You Need Hands (1993 Digital Remaster),Malcolm McLaren,106.413,-14.338,169.50812,,,,,,,,,,,,
TRADVCK128F92FE22E,All That You Need,The Brooklyn Tabernacle Choir,115.371,-14.173,257.30567,,,,,,,,,,,,
TRADVDU128F42A047E,Hope I'll Join That Band,Birmingham Jubilee Singers,88.908,-17.242,172.93016,,,,,,,,,,,,
TRADVEH128F4254C0B,Conscience Ah Heng Dem (interlude),Capleton,170.781,-15,29.41342,,,,,,,,,,,,
TRADVFE128F9322EFF,Sicilienne,Steve Erquiaga,150.784,-28.2,225.33179,,,,,,,,,,,,
TRADVGV128F42BCACE,Innocence,Avril Lavigne,138.364,-4.165,232.202,,,,,,,,,,,,
TRADVJK12903CC7D31,Gimme Gimme Song,Mickey And The Students,107.433,-7.329,914.02404,,,,,,,,,,,,
TRADVKA128F93242C9,Severed (demo) (Album Version),Chimaira,69.792,-3.884,179.04281,,,,,,,,,,,,
TRADVNR12903CE5A54,Abnormal (Acoustic),Bumblefoot,156.222,-10.491,214.64771,,,,,,,,,,,,
TRADVSU128E0786371,Redwing,Hem,123.997,-10.468,252.86485,,,,,,,,,,,,
TRADVYU128F92FE96F,Nur eine Nacht mit Dir,Lara,124.014,-6.255,211.90485,,,,,,,,,,,,
TRADVYY128F931C56C,Heal (The Separation) [H.E.L.P Breakbeat],The Shamen,110.04,-8.069,247.53587,,,,,,,,,,,,
TRADVZP128F92E0C02,Worrying Over You,Jackie Edwards,150.302,-13.686,206.05342,,,,,,,,,,,,
TRADWAU128F145622F,Long Summer Days,The Moody Blues,91.453,-9.769,194.97751,,,,,,,,,,,,
TRADWCP128F427CCAB,Winter Wonderland,Frankie Randall,100,-18.86,215.77098,,,,,,,,,,,,
TRADWEL128E078BE94,Luna de miel en Guama,Arturo Sandoval,138.732,-11.4,238.28853,,,,,,,,,,,,
TRADWHL128F933E397,Heart Of Dixie,Tommy Overstreet,129.714,-13.569,185.73016,,,,,,,,,,,,
TRADWOB12903C9D1EB,Coven In Charing Cross,Coven,87.136,-13.311,244.50567,,,,,,,,,,,,
TRADWRR12903D130AD,Obsidian Sunrise,Kzss & Atma,145.478,-3.352,335.09832,,,,,,,,,,,,
TRADWSG128F4259317,Junco Partner,Professor Longhair,96.874,-14.445,208.45669,,,,,,,,,,,,
TRADWXP128F4257A20,To Sinnefo,Stelios Dionisiou,99.955,-7.306,233.92608,,,,,,,,,,,,
TRADWYF128F421FA69,You Are The One,J.C. Lodge,84.998,-12.471,319.39873,,,,,,,,,,,,
TRADXAF128F14A9EB3,Raketen,Hubert Kah,110.013,-6.917,249.83465,,,,,,,,,,,,
TRADXCF128EF357134,Shut Your Eyes,Snow Patrol,125.057,-7.078,209.162,,,,,,,,,,,,
TRADXCO128F426B26D,Close To Me,M,123.81,-7.404,238.41914,,,,,,,,,,,,
TRADXEB12903CEAC5B,Apertura in jazz,Piero Umiliani,42.106,-14.206,234.57914,,,,,,,,,,,,
TRADXKQ128F9309A12,Maputo,Tabu Ley Rochereau,136.248,-12.338,456.61995,,,,,,,,,,,,
TRADXMA128F4276D94,Be Healthy,Dead Prez,94.905,-8.328,154.30485,,,,,,,,,,,,
TRADXNV128F42B4DFE,Mas Que Nada,Sergio Mendes / Black Eyed Peas,101.059,-6.069,267.20608,,,,,,,,,,,,
TRADYAN12903CE3478,Water-Liked,Janice Vidal,116.043,-10.623,226.7424,,,,,,,,,,,,
TRADYAX128F1475721,Alma de B-Boy,El Gran Silencio,120.064,-7.705,208.66567,,,,,,,,,,,,
TRADYFD12903CE4161,Jealous Again,Black Flag,124.481,-6.419,136.14975,,,,,,,,,,,,
TRADYHB12903CDB200,À Mon Avis,Les Bantous De La Capitale,134.046,-6.451,431.93424,,,,,,,,,,,,
TRADYIY128F147AA36,Energia,Sivuca,224.247,-10.623,238.00118,,,,,,,,,,,,
TRADYJM128F427E05B,Verde Bosque,Luis Alberto Spinetta,105.025,-16.136,355.29098,,,,,,,,,,,,
TRADYKK12903D07753,There Alone Go I,Moss,107.412,-14.157,274.12853,,,,,,,,,,,,
TRADYLW128F427E389,Put You Back In The Jail,Blind Boy Fuller,180.137,-16.063,160.28689,,,,,,,,,,,,
TRADYNL128F148FE5F,The Girl From Ipanema (Garota De Ipanema),Paula Santoro,129.591,-17.307,192.41751,,,,,,,,,,,,
TRADYNQ128F931BCB3,Secrets,Sunscreem,172.172,-8.085,241.89342,,,,,,,,,,,,
TRADYOQ128F145DF0F,Autumn Leaves (1999 Digital Remaster),Louis Prima And Keely Smith,84.496,-14.736,171.4673,,,,,,,,,,,,
TRADYQH128F9338162,She's Little And She's Low,Robert Lockwood_ Jr.,164.387,-14.188,340.87138,,,,,,,,,,,,
TRADYQK128F42A762A,Stockholm Syndrome,Muse,128.134,-4.854,296.95955,,,,,,,,,,,,
TRADYRH128F423478E,Maria De Santiago,Jeremy Spencer,126.191,-8.748,235.04934,,,,,,,,,,,,
TRADYUQ128F421A896,No Consolation,Bob Margolin,74.601,-14.755,182.83057,,,,,,,,,,,,
TRADYXV128F42166AD,Faith Healer (Digital Single),The Gone Jackals,123.633,-6.427,248.18893,,,,,,,,,,,,
TRADYYK128F145FE74,I Heard Her Call My Name,The Velvet Underground,144.562,-14.002,276.68853,,,,,,,,,,,,
TRADYZC12903CCC8FA,Scotch and Soda,Kingston Trio,80.167,-21.177,127.16363,,,,,,,,,,,,
TRADZCV128F4294DFD,T.V. & Movies,D' Militante,240.314,-15.655,420.49261,,,,,,,,,,,,
TRADZGC128F9322762,Ying Guang Hu Die,Michelle & Vickie,94.276,-8.78,279.19628,,,,,,,,,,,,
TRADZGK12903CF4512,On ne meurt qu'une fois,Pamelo Mounk'a,112.752,-13.89,528.40444,,,,,,,,,,,,
TRADZKZ128F4256E3B,All My Loving,Los Fernandos,103.432,-11.516,187.95057,,,,,,,,,,,,
TRADZLL128F93182D7,Therapie,Kool Savas,90.148,-3.985,64.62649,,,,,,,,,,,,
TRADZQG128F93506D5,Nu Sheng Wo Zui Da (OT:That Thrill),Rainie Yang,160.027,-7.717,220.15955,,,,,,,,,,,,
TRADZQV128F14A5760,The Loco-Motion,Little Eva,129.781,-6.643,145.162,,,,,,,,,,,,
TRADZWK128F9303076,Chelsea Girl (Live),Simple Minds,103.637,-9.503,308.45342,,,,,,,,,,,,
TRADZXK128F429DB92,Show You How,The Killers,82.909,-6.467,166.29506,,,,,,,,,,,,
TRADZYD128E078BE45,Jetstream - Arthur Baker Remix,New Order,122.484,-5.721,421.95546,,,,,,,,,,,,
TRADZZP128F428BCE6,Child Of The Night,Damone,154.093,-4.272,217.20771,,,,,,,,,,,,
TRAEABT128F931984D,Old Hobo,Furry Lewis,146.569,-8.032,234.78812,,,,,,,,,,,,
TRAEACU128F933D7C1,I Just Need Your Lovin' - Original,Chris Farlowe,160.663,-13.626,192.26077,,,,,,,,,,,,
TRAEADE128F423BEF8,Here Comes Your Iceman (LP Version),Joe Turner,88.109,-13.984,233.92608,,,,,,,,,,,,
TRAEADK128F4270AA6,Moon Loop (Improvisation),Porcupine Tree,134.075,-11.524,978.442,,,,,,,,,,,,
TRAEAEV128F1493757,He Has Risen (Communication Album Version),DeGarmo & Key,82.604,-11.528,171.75465,,,,,,,,,,,,
TRAEALX12903CB5701,Heidi,Frank Chacksfield,116.716,-16.538,151.19628,,,,,,,,,,,,
TRAEARU128E0781A02,Space Oddity (1997 Digital Remaster),David Bowie,137.068,-12.679,313.70404,,,,,,,,,,,,
TRAEASB12903CD48BC,Fearless [Interlude] (Explicit Album Version),Bone Thugs-N-Harmony,86.056,-12.088,34.42893,,,,,,,,,,,,
TRAEAST128F42931B1,After The Fire,Klaus Badelt,56.306,-27.369,116.1922,,,,,,,,,,,,
TRAEASY128F148247C,Tel Que Tu Es,Charlotte Gainsbourg,119.683,-12.1,189.70077,,,,,,,,,,,,
TRAEATL128F42690A7,Lord Of The Thighs,Aerosmith,108.662,-10.943,425.03791,,,,,,,,,,,,
TRAEATZ128F426E5C8,Non Conformist Acclaimed,Agnes,122.965,-11.338,371.06893,,,,,,,,,,,,
TRAEAVH128F4270D4C,El Ventilador,The Party Group,122.91,-21.761,190.04036,,,,,,,,,,,,
TRAEAZV12903D0CBA6,Skyswimmer,Enter the Haggis,85.399,-10.648,399.882,,,,,,,,,,,,
TRAEBKD12903D00D5C,If You Hang Around Long Enough,Mac McAnally,174.268,-6.601,183.53587,,,,,,,,,,,,
TRAEBLA128F423CBCA,Hotta,T.O.K.,126.682,-5.977,190.71955,,,,,,,,,,,,
TRAEBOH128F9314977,Bari Bossa,Leo Gandelman,157.95,-13.812,222.98077,,,,,,,,,,,,
TRAEBPG128F14AA0DA,Jambalaya (On The Bayou),Leon Russell,99.435,-14.073,169.35138,,,,,,,,,,,,
TRAEBPU12903CE743E,The Gary Selchie - Solas,Bill Laswell,105.218,-19.814,132.67546,,,,,,,,,,,,
TRAEBQO128F933C48A,La valse du mariage,Francis Lai,88.967,-9.853,123.24526,,,,,,,,,,,,
TRAEBSG128F9317B95,Awakening of the Soulless,Herbst9_ Z'ev,91.695,-14.775,245.02812,,,,,,,,,,,,
TRAEBSY128E07873C0,Mistadobalina,Del Tha Funkee Homosapien,99.566,-9.495,257.69751,,,,,,,,,,,,
TRAEBXE128F933B4F5,Good Girl Gone Bad,Rihanna,128.077,-5.704,208.16934,,,,,,,,,,,,
TRAEBXS128F429933A,Boys,Britney Spears feat. Pharrell Williams,106.919,-4.947,225.48853,,,,,,,,,,,,
TRAECBR128F429F8C0,Everytime,Britney Spears,85.331,-3.738,206.81098,,,,,,,,,,,,
TRAECKI128F149EA48,Dance_ Dance_ Dance  (Album Version),Crazy Horse,152.729,-13.771,133.3024,,,,,,,,,,,,
TRAECSU128F426A84A,Signs Of Insanity,Headhunter,133.005,-5.431,277.81179,,,,,,,,,,,,
TRAECSZ128F145DEDF,Perdido (1999 Digital Remaster),Sam Butera & The Witnesses,178.716,-13.778,148.06159,,,,,,,,,,,,
TRAECVW128E078884D,State Of The Union,Rise Against,132.045,-3.619,139.17995,,,,,,,,,,,,
TRAECWE128F1498516,A Little Bit Of This And A Little Bit Of That,Lee Ritenour / Jeff Mironov,157.582,-17.337,307.04281,,,,,,,,,,,,
TRAECWI128F4226133,Your Head,Helmet,202.829,-11.448,200.75057,,,,,,,,,,,,
TRAEDAH12903D05A77,Géraldine,Dine et Déon,110.5,-6.828,113.57995,,,,,,,,,,,,
TRAEDCT12903CD9238,Burma Train Change,Martin Denny,85.765,-17.114,175.75138,,,,,,,,,,,,
TRAEDDD12903CCF7E7,Buy You A Drink,DJ Nasty,106.659,-4.68,236.56444,,,,,,,,,,,,
TRAEDJJ128F426A526,With A Little Help From My Friends,Santana,79.428,-6.873,246.7522,,,,,,,,,,,,
TRAEDJW128F422B4CB,A La Naturaleza,Ray Sandoval,124.186,-16.427,377.70404,,,,,,,,,,,,
TRAEDPP128F42AFB64,Dimitroula,Amalia Avgoustaki,120.103,-5.065,182.17751,,,,,,,,,,,,
TRAEDXO128F421B908,For Tomorrow (live),Shaman,120.25,-4.462,404.06159,,,,,,,,,,,,
TRAEDYD128F425A868,Clap Ur Handz,K-OS,104.783,-6.855,80.53506,,,,,,,,,,,,
TRAEEBP128EF3673A7,Requiem Mass_ K. 626_ 1791: Agnus Dei (Larghetto) (Mozart),Choir & Great Symphony Orchestra of the All-Union Radio_ N. Shpiller_ S. Krassovsky_ V. Gagarina & N,109.051,-15.586,541.23057,,,,,,,,,,,,
TRAEEGA128F4272FF8,Gotta Let It Go,Elva Hsiao,121.968,-6.01,241.52771,,,,,,,,,,,,
TRAEEGO12903CF7D27,Paint It Black,Chris Farlowe,146.913,-11.027,177.57995,,,,,,,,,,,,
TRAEELO128F425BD8F,The Matter With You (Part I_ Ii_ Iii),Avril,86.589,-10.718,651.59791,,,,,,,,,,,,
TRAEELW128F933D255,Don't Owe Me Nothin',Sticky Fingaz & Omar Epps,87.897,-9.532,142.86322,,,,,,,,,,,,
TRAEEMP128F92F4B9C,Lose Your Money,Delbert McClinton,221.858,-10.261,114.31138,,,,,,,,,,,,
TRAEEOQ128F9309BC0,Diamonds Are A Girl's Best Friend,Gloria De Haven,100.296,-14.088,110.88934,,,,,,,,,,,,
TRAEFDB128E0783952,Say How I Feel,Rhian Benson,117.973,-4.573,207.46404,,,,,,,,,,,,
TRAEFDK128F1473B92,This Is My Country,The Impressions,103.088,-11.803,168.01914,,,,,,,,,,,,
TRAEFJG128F9325FE4,Cold In Hands Blues,Bessie Smith,79.912,-27.858,192.44363,,,,,,,,,,,,
TRAEFON128E078C6F8,Miss X (LP Version),MC5,75.706,-8.392,307.722,,,,,,,,,,,,
TRAEFOU128F932105B,Imparable,Tommy Torres,158.007,-7.123,222.92853,,,,,,,,,,,,
TRAEFPN128F930BD07,Les Amours de Nathalie,Les Malpolis,172.061,-9.76,246.69995,,,,,,,,,,,,
TRAEFQG128F429F74E,Bucket's Got A Hole In It,Washboard Sam,158.455,-15.571,166.19057,,,,,,,,,,,,
TRAEFTR128F429A360,Angels We Have Heard On High (Album Version),Shirley Caesar,119.711,-8.686,176.37832,,,,,,,,,,,,
TRAEFUS12903CC2779,Welcome To My World (Live),Tammy Wynette,155.05,-11.433,84.16608,,,,,,,,,,,,
TRAEFWP128F4238373,We Have All The Time In The World (Live),Fun Lovin' Criminals,91.859,-12.767,235.36281,,,,,,,,,,,,
TRAEFYR128F4268253,Por La Calle Abajo,Los Chunguitos,158.479,-8.07,164.12689,,,,,,,,,,,,
TRAEGAZ128F426240C,Un Garcon Pas Comme Les Autres (Ziggy),Céline Dion,80.999,-14.403,179.01669,,,,,,,,,,,,
TRAEGBE128F4284973,Happy Valentine's Day,OutKast,100.026,-4.018,323.10812,,,,,,,,,,,,
TRAEGDO128F42705BF,Just A Closer Walk With Thee,Andy Griffith,100.018,-16.334,179.93098,,,,,,,,,,,,
TRAEGFX12903CF8E7B,Second Hand Life,Joe Lynn Turner,106.896,-5.912,274.12853,,,,,,,,,,,,
TRAEGGV128F92F29B2,Cherry Pie,Warrant,177.152,-4.65,201.03791,,,,,,,,,,,,
TRAEGHJ12903CE26DF,Hipster Haircut,IYOV,194.53,-3.909,120.16281,,,,,,,,,,,,
TRAEGJE128F42656F1,Round and Round,Otis Taylor,217.289,-6.028,107.83302,,,,,,,,,,,,
TRAEGKP12903CBB66B,Up All Night - Remix,Laron aka Swan featuring Alexander East,84.64,-10.971,544.522,,,,,,,,,,,,
TRAEGMN128F42690CD,Werther (1997 Digital Remaster)_ PREMIER ACTE/ACT ONE/ERSTES AKT: Mon âme a reconnu votre âme(Werther/Charlotte),Alfredo Kraus/Tatiana Troyanos/London Philharmonic Orchestra/Michel Plasson,109.158,-23.73,55.40526,,,,,,,,,,,,
TRAEGMO128F146D5F6,See That Girl,Righteous Brothers,72.656,-10.288,190.14485,,,,,,,,,,,,
TRAEGRF128F426B2D2,Water Is Alright In Tay,The Clancy Brothers,105.852,-13.289,113.78893,,,,,,,,,,,,
TRAEGRR128F422285F,Genuine,Five Fingers of Funk,0,-8.792,1400.37179,,,,,,,,,,,,
TRAEGRU128F9358874,A New Heart,Michael Whalen,110.1,-15.968,317.70077,,,,,,,,,,,,
TRAEGUL128E078B0C1,Wind In The Wire (Album Version),Randy Travis,95.655,-14.172,211.40853,,,,,,,,,,,,
TRAEHBW12903CE1045,Where Do I Fit,Tonic,156.028,-4.768,184.68526,,,,,,,,,,,,
TRAEHLP128F933720D,Changed,The Grip Weeds,130.459,-5.853,314.14812,,,,,,,,,,,,
TRAEHMP128F92DCC42,Amores Cobardes,Andy & Lucas,147.886,-5.343,234.63138,,,,,,,,,,,,
TRAEHNA128F423786C,Perca peso,Móveis Coloniais de Acaju,173.652,-5.647,320.05179,,,,,,,,,,,,
TRAEHOI12903CD02C8,Brown Girl,John D. Loudermilk,112.781,-12.239,252.682,,,,,,,,,,,,
TRAEHTK128F14A4706,Mornin' Glory,Glen Campbell And Bobbie Gentry,101.577,-13.881,183.11791,,,,,,,,,,,,
TRAEHTT128F9303492,La Copa Grande,Pablo Montero,98.063,-8.888,189.57016,,,,,,,,,,,,
TRAEHTU128F93353E5,Ojitos Dormilones,Jay Pérez,189.758,-7.787,204.66893,,,,,,,,,,,,
TRAEHXW128F146F3C5,The Son Of Hickory Holler's Tramp,Kenny Rogers,174.785,-12.193,188.96934,,,,,,,,,,,,
TRAEHYF128F148AE0C,Bad When U Broke,Dave Hollister,166.026,-8.43,209.55383,,,,,,,,,,,,
TRAEIDZ128F42658BC,My Funny Valentine,Arturo Sandoval,61.018,-14.818,266.60526,,,,,,,,,,,,
TRAEIIO128F92E08FD,Hit And Rape (Album Version),Wednesday 13's Frankenstein Drag Queens From Planet 13,93.021,-3.525,131.81342,,,,,,,,,,,,
TRAEIKO128F932739F,I'm In Love,Dub Pistols feat. Lindy Layton & Rodney P,130.016,-6.883,333.21751,,,,,,,,,,,,
TRAEIKW128F1456B1A,Feel So Stupid (Table 9),Darwin's Waiting Room,101.923,-5.173,197.51138,,,,,,,,,,,,
TRAEIKX128F92CCFB6,Les Chaudrons,André Minvielle,125.47,-7.632,295.96689,,,,,,,,,,,,
TRAEIMT128F1466ED6,We Can't Win (Explicit),A.Z.,88.064,-12.042,203.10159,,,,,,,,,,,,
TRAEISN128F428F699,"Die Fledermaus - Operette in drei Akten/Silvester-Einlagen/Dein ist mein ganzes Herz (aus ""Das Land des Lächelns"")",Herbert Von Karajan,103.929,-20.18,238.10567,,,,,,,,,,,,
TRAEIUN12903CBBAC3,Wahrheit,Hassan Annouri feat. Cassandra Steen,150.063,-5.106,270.73261,,,,,,,,,,,,
TRAEIYU128F931BC4B,El Barbero,Gaiteros de Pillopo,179.665,-8.173,251.08853,,,,,,,,,,,,
TRAEJAC128F427FBDE,Long Distance Relationship,Paul Taylor / Terry Dexter,135.87,-7.284,270.21016,,,,,,,,,,,,
TRAEJDC128F92D1684,Captain Fingers,Lee Ritenour,128.972,-8.424,444.81261,,,,,,,,,,,,
TRAEJFN128F4291C10,So ist das nun mal,Andreas Dorau,124.988,-8.586,395.17995,,,,,,,,,,,,
TRAEJIW12903CE0B99,Ready Now,Bukue One,188.947,-11.601,239.38567,,,,,,,,,,,,
TRAEJMB128F93461C9,Voodoo Chile,Hiram Bullock,129.245,-8.016,502.69995,,,,,,,,,,,,
TRAEJPC12903CD420E,Rainbow Ride,Serpentine,122.004,-8.712,285.70077,,,,,,,,,,,,
TRAEJWK128F149EA60,Scratchy (Takes 1-3 / bonus track),Crazy Horse,119.649,-11.252,732.39465,,,,,,,,,,,,
TRAEJXI128F4291A83,Grad,Baroness,98.763,-9.213,354.79465,,,,,,,,,,,,
TRAEKCR128F14593A5,As You Take A  Walk Through My Mind,Slim Whitman,110.595,-17.222,192.73098,,,,,,,,,,,,
TRAEKCV128E0781A5B,One Of Our Submarines,Thomas Dolby,130.017,-8.907,309.57669,,,,,,,,,,,,
TRAEKIO128F425786C,WA-KA-BAM!! (INTRO),Justin,41.985,-12.43,22.33424,,,,,,,,,,,,
TRAELGF128F42265A9,Now_ Baby_ or Never,Barbara Lusch,92.215,-6.605,259.73506,,,,,,,,,,,,
TRAELHH128F92CF21E,Le Petit Train (Mixé Par Mark Plati),Raphaël,150.096,-6.301,211.01669,,,,,,,,,,,,
TRAELHY12903CAD56C,Goodness & Mercy,Ini Kamoze,165.111,-9.881,236.56444,,,,,,,,,,,,
TRAELNO128F42148EF,Walking Dub,Sugar Minott,161.721,-9.256,192.15628,,,,,,,,,,,,
TRAELRO128F92DD2F1,Comin' Tonight,Martha Wainwright,117.316,-13.551,209.60608,,,,,,,,,,,,
TRAELUY128F93147BA,Chitlins Con Carne,Stevie Ray Vaughan And Double Trouble,111.834,-13.277,235.65016,,,,,,,,,,,,
TRAELWU128F4230D12,Motherless Children (Remastered Version) (Take 2),Mance Lipscomb,153.765,-19.24,180.03546,,,,,,,,,,,,
TRAELXD128F14A8B21,On The Other Hand (Remastered Album Version),Randy Travis,95.781,-12.324,187.53261,,,,,,,,,,,,
TRAEMAA128F428E58F,El Te Daba Mala Vida,Los Chichos,133.324,-9.013,221.23057,,,,,,,,,,,,
TRAEMDH128F146B548,Palabras De Amor(En Vivo),La Portuaria,182.922,-7.548,169.482,,,,,,,,,,,,
TRAEMGG12903CEBB52,Nothing To Lose,Boondox,200.004,-5.852,260.10077,,,,,,,,,,,,
TRAEMGL128F4266177,Juste Une Petite Fille,Maurane,89.394,-15.406,263.67955,,,,,,,,,,,,
TRAEMKJ12903C9D211,Let the People Dance,Michael Bloomfield,78.213,-8.287,180.45342,,,,,,,,,,,,
TRAEMMB128F426A1BF,Look Around featuring dead prez and Cheryl Pepsi Riley,Beatnuts featuring dead prez and Cheryl Pepsi Riley,93.957,-5.414,318.56281,,,,,,,,,,,,
TRAEMNZ128F9334662,Angel,Aerosmith,76.096,-5.763,335.33342,,,,,,,,,,,,
TRAEMRI128F425F33D,Mi Son Maracaibo,Rene Touzet,112.067,-12.565,288.33914,,,,,,,,,,,,
TRAEMTU128EF363016,Don't Lose Control,Bill Laswell,99.587,-14.647,258.87302,,,,,,,,,,,,
TRAEMXB128F429FA26,Little Woman,Jazz Gillum,101.713,-14.663,183.09179,,,,,,,,,,,,
TRAEMZE128F426EB6B,My Bulldog Blues,Sonny Terry & Brownie McGhee,117.625,-19.569,167.02649,,,,,,,,,,,,
TRAEMZO12903CC525F,Love Can Break Your Heart (LP Version),Michael McDonald,109.731,-10.015,296.202,,,,,,,,,,,,
TRAEMZW128F148406D,Broad Daylight - The BBC Sessions [Top Gear 17/3/69],Free,114.168,-12.473,197.56363,,,,,,,,,,,,
TRAENEO128F426789F,Shi Shang Zui Qiang Man Hua Wang Da Luan Dou,Leo Ku,115.449,-8.006,185.0771,,,,,,,,,,,,
TRAENEZ128F427CCB4,Rudolph The Red Nosed Reindeer,Frankie Randall,134.857,-14.179,200.75057,,,,,,,,,,,,
TRAENGX12903CBDFF6,Snowdrops,The Pineapple Thief,129.277,-10.06,356.54485,,,,,,,,,,,,
TRAENGY128F4272846,Sweet Southern Comfort,Buddy Jewell,147.928,-6.986,212.89751,,,,,,,,,,,,
TRAENIZ128EF362B86,Luna De Octubre,Flor Silvestre,84.273,-12.972,157.46567,,,,,,,,,,,,
TRAENJB128F9319E46,Say Yeah,Capleton,127.876,-5.404,233.63873,,,,,,,,,,,,
TRAENJZ12903CC901D,Hell Will Reign,Demonbreed,94.069,-4.786,337.24036,,,,,,,,,,,,
TRAENKS128F92F1780,The Ferocious O' Flahertys,Joe Heaney,224.471,-26.343,52.76689,,,,,,,,,,,,
TRAENOH128F933978A,Marea De Venus,Cerati-Melero,129.047,-11.291,262.37342,,,,,,,,,,,,
TRAENOR128F14585F8,I Want To Go Home,Remmy Ongala,197.038,-17.958,489.482,,,,,,,,,,,,
TRAENRA128F934B998,Century City Rag,The Last,162.954,-8.383,159.05914,,,,,,,,,,,,
TRAENTC128F422F01B,Life,Jimmy Riley,85.746,-13.05,232.25424,,,,,,,,,,,,
TRAENUU128F424F50C,Rock Bottom,House Of Lords,127.974,-4.045,232.75057,,,,,,,,,,,,
TRAENVO128E0781A16,Love Unlimited (Explicit),Fun Lovin' Criminals,94.082,-7.119,205.66159,,,,,,,,,,,,
TRAENWI12903CECA29,The Sweetest Sounds,Helen O'Connell,135.238,-10.527,180.6624,,,,,,,,,,,,
TRAENYD128F424AA32,Turbocharger,Chaotica,100.009,-9.087,235.4673,,,,,,,,,,,,
TRAEOAW128F4280F8E,America the Beautiful,The Sun Harbor's Chorus-Documentary Recordings,83.15,-20.696,206.91546,,,,,,,,,,,,
TRAEOBA12903CAFAB0,Hardly Wait,Placebo,121.354,-4.422,180.13995,,,,,,,,,,,,
TRAEOED128EF36659C,Tu Hi Tu Sada,DCS,95.889,-5.041,305.3971,,,,,,,,,,,,
TRAEOFB12903CB7900,Exogenesis: Symphony Part 1 [Overture],Muse,121.071,-8.895,258.42893,,,,,,,,,,,,
TRAEOFD128F9311409,Computer Love (2009 Digital Remaster),Kraftwerk,127.984,-9.219,399.33342,,,,,,,,,,,,
TRAEOGF128F423896A,Someone To Hold,Singing Melody,88.897,-10.846,214.90893,,,,,,,,,,,,
TRAEOGO128F93302B9,Great Big Problem,FFH,162.002,-5.202,264.07138,,,,,,,,,,,,
TRAEOHK128F932F77A,He Will Lead His Children Home,Bill & Gloria Gaither,110.167,-12.37,162.06322,,,,,,,,,,,,
TRAEOIC12903D05C54,Air: My Lagan Love,Willie Clancy,106.542,-11.477,166.922,,,,,,,,,,,,
TRAEOMS128F4262357,My Heart Is Yearning,NOFX,156.079,-11.661,143.64689,,,,,,,,,,,,
TRAEOMT128F92FE852,Tyre,Chris Clark,97.845,-28.475,71.99302,,,,,,,,,,,,
TRAEOOH128F934ACD4,Let's Blame The Lightman,GWAR,169.237,-3.492,189.57016,,,,,,,,,,,,
TRAEOPH128F932E302,Son Sabroso,Gran Coquivacoa,113.569,-5.698,270.70649,,,,,,,,,,,,
TRAEOUE128F93187B9,Master Of The Universe,Sick Puppies,209.739,-5.429,212.92363,,,,,,,,,,,,
TRAEOUJ128EF352F8B,Paper Doll,Gary Nichols,73.979,-11.552,162.19383,,,,,,,,,,,,
TRAEOUM128F42915ED,Das Telefon sagt Du,Andreas Dorau,124.976,-10.201,231.10485,,,,,,,,,,,,
TRAEOUQ128F9322E73,Viaje Al Averno,Gabinete Caligari,122.22,-4.199,169.69098,,,,,,,,,,,,
TRAEOVG12903CEDD3A,The Burp Heard 'Round The World,James Newton Howard,84.969,-9.516,110.52363,,,,,,,,,,,,
TRAEPAC12903CE5DC8,Let's Go,Ray Charles,88.745,-8.758,160.93995,,,,,,,,,,,,
TRAEPAW128F4285BAB,Gina,Geggy Tah,147.508,-12.987,165.40689,,,,,,,,,,,,
TRAEPGE128F9328E94,Sedona Suite (Sunrise/Prayer/Joy/Sunset),Tom Barabas,134.491,-16.389,743.36608,,,,,,,,,,,,
TRAEPGH128F9343CD8,El Mensaje Soy Yo,Los Fabulosos Cadillacs,115.737,-6.176,171.10159,,,,,,,,,,,,
TRAEPGQ128F932AE6D,I Can't Feel You Anymore,Loretta Lynn,93.312,-13.141,195.3171,,,,,,,,,,,,
TRAEPIY128E0786AB7,"Not Homophobic/The Word Is ""Cock"" (Spoken Word) (Album Version)",Joe Rogan,105.006,-14.031,217.10322,,,,,,,,,,,,
TRAEPPP128F92F11E8,I'll Sweat You (LP Version),Mista,90.882,-6.033,253.41342,,,,,,,,,,,,
TRAEPZJ12903CB00C4,Fuel the Fire,Unearth,160.783,-6.338,222.27546,,,,,,,,,,,,
TRAEQAB128F429C226,Memphis,Bob Marley,180.876,-15.015,177.71057,,,,,,,,,,,,
TRAEQAC128F92FF871,Emmaus,Brian Free & Assurance,101.913,-12.347,243.80036,,,,,,,,,,,,
TRAEQLX128F1468799,Sound Clash,Dream Warriors,144.067,-6.453,262.19057,,,,,,,,,,,,
TRAEQNK128F93363BB,Baby My Love,The In Crowd / Jah Stitch,132.337,-6.826,476.9171,,,,,,,,,,,,
TRAEQOS128F92EFD47,Vienna,The Fray,124.534,-8.096,231.07873,,,,,,,,,,,,
TRAEQOW128F42521E3,Selling Jolson A Baseball Team,Groucho Marx,75.22,-13.818,586.70975,,,,,,,,,,,,
TRAEQPB128F1475024,Sete Desejos,Alceu Valença,144.162,-9.813,205.87057,,,,,,,,,,,,
TRAEQQE128F42920E3,He Says The Same Things To Me,Skeeter Davis,89.219,-10.38,168.48934,,,,,,,,,,,,
TRAEQTU12903CC55A2,Mambo Suavecito,Tito Puente,179.587,-13.805,178.46812,,,,,,,,,,,,
TRAEQWJ12903CF5475,Hoy Es Hoy,Memphis La Blusera,108.009,-6.574,243.46077,,,,,,,,,,,,
TRAEQZJ128F93522F8,E se tu lontana sei,Crazy Horse,106.854,-10.247,191.65995,,,,,,,,,,,,
TRAEQZR128F92E9D73,Foggy Mountain Top,Skeeter Davis,148.653,-13.321,160.7571,,,,,,,,,,,,
TRAERAC128F92E0186,All On Our Own,One Block Radius,124.022,-2.45,236.72118,,,,,,,,,,,,
TRAERCO128F4222C43,Mountain By The Sea (Tribe Unknown),Various Indian Tribes,136.726,-12.852,193.25342,,,,,,,,,,,,
TRAERCU128F42660A2,Bad Days,Timo Maas,87.995,-8.92,417.56689,,,,,,,,,,,,
TRAERFO128F1481BBE,Nossa Dança,Nana Caymmi,115.781,-12.209,174.54975,,,,,,,,,,,,
TRAERMS128F427EC54,Moon Boom,Anat Ben David,100.042,-8.913,213.7073,,,,,,,,,,,,
TRAERNN12903CEABCE,All Day,Butthole Surfers,79.709,-3.237,512.1824,,,,,,,,,,,,
TRAEROB12903CE3E7D,Stormtrooper (Live),Pepper,148.712,-5.356,108.93016,,,,,,,,,,,,
TRAEROM12903CB2814,La Revolución,Memphis La Blusera,159.668,-7.164,261.642,,,,,,,,,,,,
TRAERPT128F931103E,Time Is On My Side,The Rolling Stones,107.455,-7.343,172.72118,,,,,,,,,,,,
TRAERQB128F932563F,We Will Glorify (Key-B-Db-Premiere Performance Plus),Twila Paris,135.989,-10.012,201.32526,,,,,,,,,,,,
TRAERST128F4266F90,Man Of No Reputation,Bob Carlisle,103.634,-16.196,331.25832,,,,,,,,,,,,
TRAERST128F4267A39,Waste A Little Time On Me,The Michael Stanley Band,103.731,-15.161,232.12363,,,,,,,,,,,,
TRAERUT128F429B075,Air_ Siote No. 3 (J.S. Bach),Mariano Yanani,111.903,-16.41,191.42485,,,,,,,,,,,,
TRAESDC12903CCEA5E,Everyday,Rikk Agnew,154.286,-7.594,269.40036,,,,,,,,,,,,
TRAESJK128E0792227,Ricky Ticky Toc,Eminem,86.007,-5.92,171.72853,,,,,,,,,,,,
TRAESJN128F92E38F1,Mana Laina Chahida,Malkit Singh,127.582,-13.891,337.60608,,,,,,,,,,,,
TRAESQE128F92D0349,Come Monday,Barry Manilow,98.001,-3.723,235.96363,,,,,,,,,,,,
TRAESRT12903CC70CE,Angelito (Directo 09),Carlos Baute,109.982,-4.392,211.46077,,,,,,,,,,,,
TRAESVN128F4213033,Hot Dental Supplies,Marga Gomez,78.139,-14.218,95.73832,,,,,,,,,,,,
TRAESWB128F149CB2C,Until I Believe In My Soul,Dexys Midnight Runners,84.437,-8.844,434.88608,,,,,,,,,,,,
TRAETAG128F93385AE,Là-Bas,Jean-Jacques Goldman,148.642,-8.508,501.05424,,,,,,,,,,,,
TRAETFX128F933CE66,Déstockage massif (with Alex Gopher),Etienne de Crécy ,115.862,-8.178,215.84934,,,,,,,,,,,,
TRAETGI12903CBCC00,Back To Burn,T-la Rock,197.152,-6.265,151.61424,,,,,,,,,,,,
TRAETLW128F92C44F3,Ingenting,Kent,120.008,-6.421,257.74975,,,,,,,,,,,,
TRAETLY128F92FBEE0,Theme III,Silent Stream Of Godless Elegy,162.676,-16.468,50.1024,,,,,,,,,,,,
TRAETNO128F4222A06,Lonely,Stiff Meat,166.124,-6.735,240.29995,,,,,,,,,,,,
TRAETPQ128F92E562A,Estoy Pensando En Tí,Sonora Santanera,105.459,-11.106,168.46322,,,,,,,,,,,,
TRAETPY12903CF4D2F,Iron-head: Palestine,Asterisk*,197.831,-4.439,41.84771,,,,,,,,,,,,
TRAETTV12903CBBD09,Voodoo Chile Blues,Jimi Hendrix,175.663,-12.797,528.14322,,,,,,,,,,,,
TRAETWO128F4261792,Grandma's Spending Christmas with the Superstars,Dr. Elmo,106.127,-16.241,185.5473,,,,,,,,,,,,
TRAETWP128F421AD6A,Sho' Enough,Tommy Castro,122.019,-9.31,240.27383,,,,,,,,,,,,
TRAETYC128F933BBF4,L'education du corps des porcs,Les Ogres De Barback,149.591,-5.612,287.242,,,,,,,,,,,,
TRAETZJ128F422B208,WHEN I AM YOU,Panzer AG,120.042,-3.382,305.05751,,,,,,,,,,,,
TRAEUAX12903CA7635,Murda',Rodney O & Joe Cooley,90.071,-16.376,230.84363,,,,,,,,,,,,
TRAEUCH128F427FA5E,Big Railroad Blues,Gus Cannon,116.539,-20.832,197.0673,,,,,,,,,,,,
TRAEUDO128F149CD13,Do It Nice,Suicide,130.826,-13.753,323.94404,,,,,,,,,,,,
TRAEUGG128E07826F2,The Monkey King,William Orbit,95.869,-34.703,315.01016,,,,,,,,,,,,
TRAEUHN128F92E2C7F,Amazing (LP Version),Point Of Grace,125.95,-6.477,294.08608,,,,,,,,,,,,
TRAEUIW12903D018F0,You And Your Heart,Jack Johnson,107.042,-7.045,196.20526,,,,,,,,,,,,
TRAEUJB128F427B76F,Can You Feel It?,Lee Ritenour,93.848,-11.241,321.56689,,,,,,,,,,,,
TRAEUMH128F42592BF,Someday,Max Melvin,100.01,-9.199,262.79138,,,,,,,,,,,,
TRAEUPF12903CB6277,Floripa,Plagia,132.002,-12.611,354.11546,,,,,,,,,,,,
TRAEUVH128F422559A,Hasta El Final,La Portuaria,122.026,-7.29,224.91383,,,,,,,,,,,,
TRAEUYY128F9311B94,John Dunbar Theme [Dances with Wolves],Hollywood Bowl Orchestra / John Mauceri,111.267,-19.76,147.64363,,,,,,,,,,,,
TRAEUZZ128F931555B,Gewisse Leute,Rainer Bielfeldt,106.07,-14.393,192.73098,,,,,,,,,,,,
TRAEVEE12903CEB465,Guitar Rag,Sylvester Weaver,110.691,-20.444,181.18485,,,,,,,,,,,,
TRAEVHU128F92D9EA0,My Never,Blue October,103.647,-12.637,225.67138,,,,,,,,,,,,
TRAEVIA12903CC3C37,Motel Room In My Bed (LP Version),X,122.495,-6.671,160.07791,,,,,,,,,,,,
TRAEVIK12903CCC7E2,Fire,Jimi Hendrix,167.263,-6.216,192.23465,,,,,,,,,,,,
TRAEVJH128F9340C1C,???????,Intars Busulis,133.981,-4.003,200.46322,,,,,,,,,,,,
TRAEVKG12903CE75F4,Brute Force II,Jedi Mind Tricks,87.005,-7.359,240.06485,,,,,,,,,,,,
TRAEVLC128F9306C77,One Hour Empire,Broadcast,161.196,-7.42,102.94812,,,,,,,,,,,,
TRAEVLO128F933DE9E,No More Lonely Nights,Fiona,64.734,-5.355,227.5522,,,,,,,,,,,,
TRAEVLZ128F932D969,Dogon,Carl Crack,51.265,-12.891,256.70485,,,,,,,,,,,,
TRAEVME128F92DF956,Ma soeur,France D'Amour,103.427,-8.26,226.06322,,,,,,,,,,,,
TRAEVRI128F93608F3,Welcome,Phil Collins,123.943,-8.238,216.92036,,,,,,,,,,,,
TRAEVRU128F4263351,Light,Teena Marie,59.253,-21.997,78.96771,,,,,,,,,,,,
TRAEVTK128F9337030,Never Wanted to Dance (Live In London),Mindless Self Indulgence,182.98,-4.487,222.14485,,,,,,,,,,,,
TRAEVYV128F4231BA7,Losing Hand & Dialog #3 (w/reverb) (Rehearsal Session with Ahmet Ertegun_ 1953),Ray Charles,97.302,-16.077,87.06567,,,,,,,,,,,,
TRAEWEC128F421F5D9,Pega Joso,Laurindo Almeida,128.664,-19.87,201.03791,,,,,,,,,,,,
TRAEWGT128F930A556,Pieni Maailma,Mandi,113.063,-6.572,200.59383,,,,,,,,,,,,
TRAEWHH128F428F3AB,Cleansing,The Color Red,157.001,-4.773,216.05832,,,,,,,,,,,,
TRAEWKQ128F427C3EC,Somewhere Else,Jim Bryson,98.623,-7.716,232.80281,,,,,,,,,,,,
TRAEWKS12903CB651D,Os Dois Irreversíveis,Irreversíveis,104.02,-7.632,254.82404,,,,,,,,,,,,
TRAEWLF128F42B1F89,More to This,Information Society,220.031,-6.209,233.42975,,,,,,,,,,,,
TRAEWMF128F93080BE,Ragtime Sound,Marcie Blane,103.189,-8.882,138.29179,,,,,,,,,,,,
TRAEWQN128F4286306,This Year (ReMastered),Curtis Mayfield,94.672,-15.314,225.67138,,,,,,,,,,,,
TRAEWQP128F9330AF7,The Awakening (Clean),PMD,115.949,-10.69,214.02077,,,,,,,,,,,,
TRAEWQV128F427B9B2,Besame Mucho,Alain Morisod,117.993,-9.472,245.44608,,,,,,,,,,,,
TRAEWUR128F1456EAB,What's In You?,Tom Cochrane,137.149,-12.172,227.60444,,,,,,,,,,,,
TRAEWUW128F42710A4,It Came Upon The Midnight Clear,Gold City,145.16,-10.786,173.66159,,,,,,,,,,,,
TRAEWVG128F428AC7F,X-Static,Foo Fighters,101.544,-7.986,253.49179,,,,,,,,,,,,
TRAEWXY128E0786183,Vertigo,U2,130.013,-4.833,451.44771,,,,,,,,,,,,
TRAEWYQ128F9306C38,Country Rose,Roy Drusky,103.053,-17.772,138.84036,,,,,,,,,,,,
TRAEXAN128EF354542,Skopska situacija,SAF,82.634,-10.575,317.54404,,,,,,,,,,,,
TRAEXEA128F933C67D,Hard To Laugh,Pursuit Of Happiness,125.1,-9.224,159.60771,,,,,,,,,,,,
TRAEXGP128F4283791,Deep Voices,Jane Winther,21.438,-24.773,164.98893,,,,,,,,,,,,
TRAEXHW128F92E2602,New Friend Request (Amended Version),Gym Class Heroes,91.97,-4.952,254.51057,,,,,,,,,,,,
TRAEXLG128F932B2EC,Why,Xmilk,146.454,-3.8,100.8322,,,,,,,,,,,,
TRAEXNK128F14901F8,Smoke,Mario Rosenstock,79.05,-17.472,44.19873,,,,,,,,,,,,
TRAEXSE128F4249171,Bus Monkeys,Jape Squad,89.696,-5.967,267.33669,,,,,,,,,,,,
TRAEXTM128E07811E1,Gotta Man,Frankee,110.768,-9.035,149.99465,,,,,,,,,,,,
TRAEXXT128F427AF12,Time You'll Never Get Back,Williamson,105.982,-11.96,354.06322,,,,,,,,,,,,
TRAEXYP128F4231193,Soulcrusher (Amended Album Version),Operator,135.958,-5.15,213.55057,,,,,,,,,,,,
TRAEYHF128F14B06D0,T.V. Eye (Take 3),The Stooges,132.595,-6.862,328.9073,,,,,,,,,,,,
TRAEYJG12903C98F15,A Machine and a Memory Keeps You Alive,Dntel,93.32,-15.644,252.86485,,,,,,,,,,,,
TRAEYQC128F4239093,Some People They Never Believe (LP Version),David Meece,126.555,-13.341,203.83302,,,,,,,,,,,,
TRAEYXM12903CF8B86,Why Can't We Really Be Free,Harvey Averne,89.848,-15.605,185.20771,,,,,,,,,,,,
TRAEZAZ128F930608E,Members Only,Tyrone Taylor,165.271,-7.64,223.50322,,,,,,,,,,,,
TRAEZFJ128F422A5C0,King Kong,Shanadoo,142.946,-3.198,225.20118,,,,,,,,,,,,
TRAEZKA128F4282B79,Savu hälvenee,Kaija Koo,155.049,-8.228,192.26077,,,,,,,,,,,,
TRAEZLQ128F427F954,Chasing Cars,Snow Patrol,106.002,-6.621,268.95628,,,,,,,,,,,,
TRAEZMX128F425C3CE,All I Ask Of You,Erik Berglund,66.595,-8.274,253.04771,,,,,,,,,,,,
TRAEZWE128F4244505,Tigerauge Rock,Günter Noris,92.277,-11.19,180.79302,,,,,,,,,,,,
TRAFAAS12903CF0BE2,Tired,Moonspell,122,-6.994,323.7873,,,,,,,,,,,,
TRAFABD128F9321D41,Autumn In New York,Chico Hamilton,110.167,-29.692,200.28036,,,,,,,,,,,,
TRAFABO128F933DE53,Grottans Barn,Finntroll,150.012,-6.51,276.45342,,,,,,,,,,,,
TRAFAEO128F92E9A19,King Of Rock,RUN-DMC,98,-5.19,446.32771,,,,,,,,,,,,
TRAFAGF128F93184F8,It's Not Whatcha Got (Fondling Club Mix),Andréa,127.882,-8.341,288.20853,,,,,,,,,,,,
TRAFAIB128F426E636,Where Is My Mind (XFM Live Version),Placebo,84.956,-6.465,223.92118,,,,,,,,,,,,
TRAFAID128F4243DAF,Resurrection Man,Heaven 17,152.02,-10.481,242.28526,,,,,,,,,,,,
TRAFAJA128F9333A92,Lift (Joi Blarneyformasian),Azukx,120.954,-8.637,295.94077,,,,,,,,,,,,
TRAFAJC128E078888B,This Lullaby,Queens Of The Stone Age,159.212,-19.368,82.85995,,,,,,,,,,,,
TRAFAKH128F9339643,Indianola,Steve Azar,116.829,-10.164,274.46812,,,,,,,,,,,,
TRAFAKZ128F933D7B9,Paperman_ Fly In The Sky - Original,Chris Farlowe,177.598,-11.854,165.51138,,,,,,,,,,,,
TRAFAQY12903CA70F7,Your Silence,The Suicide Machines,145.18,-2.323,170.84036,,,,,,,,,,,,
TRAFATP128F424A9B7,El Termometro,Orquesta Broadway,91.488,-9.89,170.23955,,,,,,,,,,,,
TRAFAXI128F9303F5B,Since I Met You Baby,Kenny Neal,85.006,-11.777,295.1571,,,,,,,,,,,,
TRAFBBP128F92F6CC9,Looking At You (Cody High School),MC5,165.294,-11.74,413.33506,,,,,,,,,,,,
TRAFBDA128F14592A9,Matarlatanta,Ghorwane,78.666,-12.354,343.40526,,,,,,,,,,,,
TRAFBDW128F932C0DA,Dirty tarraxa 2 (feat. Neuza),Nichols,85.94,-5.477,188.49914,,,,,,,,,,,,
TRAFBGP128F1451DFF,The Ava Song,Francis Dunnery,101.663,-7.884,257.20118,,,,,,,,,,,,
TRAFBIO128F930138A,Comme Si C'était Doux,Julien Clerc,79.042,-15.404,107.28444,,,,,,,,,,,,
TRAFBMB128F424FAA4,S.O.S.la Fine (Reprise 2,Ennio Morricone,110.674,-18.086,228.49261,,,,,,,,,,,,
TRAFBML128F93163FB,Teenage Superstars (Album),Vaselines,189.825,-6.186,207.17669,,,,,,,,,,,,
TRAFBPN128F428B8CF,Mentira,Beto Cuevas,140.056,-16.765,259.52608,,,,,,,,,,,,
TRAFBSU12903D11AEC,Himalaya Dreams,Catia Werneck,84.72,-13.397,226.66404,,,,,,,,,,,,
TRAFBVU128F426B3F6,The Fundamental Alienation,Dimmu Borgir,112.277,-4.061,317.36118,,,,,,,,,,,,
TRAFBXW128E0787291,Bully Bully (LP Version),Off Broadway,120.521,-10.815,244.87138,,,,,,,,,,,,
TRAFBYD128F424ECD2,Holy Ground (Homecoming Hymns Version),Bill & Gloria Gaither,71.533,-11.58,318.45832,,,,,,,,,,,,
TRAFCHV12903C9D7A4,Era um dia desses,Hélio Ziskind,101.624,-17.13,105.42975,,,,,,,,,,,,
TRAFCMW128F933E808,Hard Pure,Pumpkin Buzzard,118.796,-6.828,228.0224,,,,,,,,,,,,
TRAFCPP128F426EC01,Pig Meat On The Line,Memphis Minnie,136.821,-20.174,156.42077,,,,,,,,,,,,
TRAFCVI128C7196BE6,We Can Do It,Steel Pulse,158.57,-13.486,237.45261,,,,,,,,,,,,
TRAFCWJ128F42515AE,Waiting For You (I Forgive You Before I Go),Mississippi John Hurt,80.864,-10.913,271.22893,,,,,,,,,,,,
TRAFCZM128F931AD24,Back to '93,Caspa,93.33,-8.559,371.64363,,,,,,,,,,,,
TRAFDBU128F93095F8,Take The Wheel,Pacha Massive,102.009,-8.328,211.17342,,,,,,,,,,,,
TRAFDFA128F932C065,Numba 1 (Tide Is High),Kardinal Offishall / Keri Hilson,130.136,-3.963,224.28689,,,,,,,,,,,,
TRAFDFD128F14B07AB,Chains (LP Version),THE COOKIES,120.183,-7.848,149.18485,,,,,,,,,,,,
TRAFDJI128F427274E,Bastard,Peppermint Creeps,186.128,-5.745,153.93914,,,,,,,,,,,,
TRAFDPK128F930F2A3,"Unda Da Influence"" (Snippets)",M Sane,173.221,-6.962,126.87628,,,,,,,,,,,,
TRAFDQJ12903CA09B9,Der weisse Mond von Maratonga,Oesch's die Dritten,93.265,-7.094,209.97179,,,,,,,,,,,,
TRAFDQM128F9337218,Melancholia,The Grip Weeds,128.399,-5.851,206.18404,,,,,,,,,,,,
TRAFDRG128F42797B6,Sickman,Alice In Chains,150.077,-5.626,329.37751,,,,,,,,,,,,
TRAFDXV12903D085CF,Smoke,Vanessa Daou,123.094,-14.904,167.6273,,,,,,,,,,,,
TRAFEEO12903CFEC87,The Silver Gate,Dark Fortress,116.49,-2.93,409.96526,,,,,,,,,,,,
TRAFEJT128F4252BF1,If Music Be The Food Of Love,Gloria,93.119,-13.391,130.92526,,,,,,,,,,,,
TRAFELG128F427C373,Special,Wilshire,130.12,-3.663,184.37179,,,,,,,,,,,,
TRAFEOY128F4259E97,Out Of My Darkness,Legacy Five,90.033,-8.885,189.07383,,,,,,,,,,,,
TRAFEPC128F4237505,Prayer For The Dying (Album Version),Seal,133.155,-7.294,330.26567,,,,,,,,,,,,
TRAFEUS128F4258E64,Ancient Airs and Dances (1996 Digital Remaster)_ Suite No. 2: III.  Campanae parisienses (anon.) - Aria (Marin Mersenne),Sir Neville Marriner,0,-25.585,220.05506,,,,,,,,,,,,
TRAFEZF128F426C497,Follow You Home (Album Version),Nickelback,140.027,-3.693,260.33587,,,,,,,,,,,,
TRAFFCC128F9348D0D,Una Sopita De Tu Propio Chocolate,Angélica María,114.045,-11.101,171.2322,,,,,,,,,,,,
TRAFFDW12903CE53B6,Say What!?!,Chris Standring,140.044,-9.041,269.322,,,,,,,,,,,,
TRAFFEE12903CC04B4,Blott En Dag,Mons Leidvin Takle,60.509,-16.067,180.37506,,,,,,,,,,,,
TRAFFEM128F42A2223,The Sirius Deception (Album Version),Nicholas Hooper,98.509,-19.751,154.38322,,,,,,,,,,,,
TRAFFEQ12903CF4356,Catharsis Of A Heretic,The Ocean,139.972,-8.966,128.83546,,,,,,,,,,,,
TRAFFIW128F4236391,Verdad Amarga,Los Solitarios,94.994,-14.058,168.12363,,,,,,,,,,,,
TRAFFKV12903CE29B5,Your Love,Glen Washington,102.605,-14.213,234.68363,,,,,,,,,,,,
TRAFFPR128F421A35F,Spaz's House Destruction Party,Anti-Flag,131.121,-6.547,184.05832,,,,,,,,,,,,
TRAFFRG128F421BD23,Mai [Live],Josh Groban,125.958,-7.341,282.85342,,,,,,,,,,,,
TRAFFSE128F429FB8D,This Heart Of Mine,Josh White,163.083,-21.858,178.75546,,,,,,,,,,,,
TRAFGCY128F4246B9C,When He Was On The Cross (I Was On His Mind),The Paynes,115.919,-12.634,310.20363,,,,,,,,,,,,
TRAFGKU128F42889EF,Lo Mismo Que Yo (Bonus Track),Bacilos,80.996,-8.64,247.71873,,,,,,,,,,,,
TRAFGMJ128F930F532,Wings,4Him,171.329,-9.295,241.97179,,,,,,,,,,,,
TRAFGPC128F9310D55,Pedagogy for the Oppressed (Album Version),Scalplock,75.889,-8.502,114.02404,,,,,,,,,,,,
TRAFGTJ128F42802B8,Rakkautta Kööpenhaminassa - Förälskad i Köpenhamn -,Erkki Junkkarinen,101.272,-11.126,165.53751,,,,,,,,,,,,
TRAFGYR128F930F410,How It Feels,Juggler,140.019,-14.1,231.94077,,,,,,,,,,,,
TRAFHBH128F42970EF,Keep It Alive,Lee Ritenour,82.733,-14.199,291.83955,,,,,,,,,,,,
TRAFHBM128F92EE7B0,Pariah,Cursed,104.805,-3.599,74.68363,,,,,,,,,,,,
TRAFHHN128F9317216,Bye Bye Betty Blue,The Fever,84.461,-4.533,194.45506,,,,,,,,,,,,
TRAFHJI128F9302CFF,Getaway,KRS-One,109.072,-5.73,187.24526,,,,,,,,,,,,
TRAFHKA128F429F7C0,Come On In,Washboard Sam,174.609,-16.055,162.87302,,,,,,,,,,,,
TRAFHRS128F14599C0,Secret Smile,Semisonic,99.059,-9.429,280.00608,,,,,,,,,,,,
TRAFHWP128F9333343,Si Es Que Te Vas,Carlos Vives,130.513,-8.285,262.24281,,,,,,,,,,,,
TRAFHYI128F92F87BB,Greater,Vanessa Bell Armstrong,93.924,-5.251,419.68281,,,,,,,,,,,,
TRAFIBB128F4242351,Hack 1/Charlie X,Information Society,120.583,-11.331,211.9571,,,,,,,,,,,,
TRAFIBT128F92FA8DE,La Piel de Tu Alma,Tito Rodriguez_ Louie Ramirez,162.984,-16.375,244.27057,,,,,,,,,,,,
TRAFICE128F4294E27,Disciplinarian,Margaret Smith,111.006,-17.532,46.86322,,,,,,,,,,,,
TRAFIDH128F4275C0D,Fly to zion,Wilks featuring doniki,170.702,-10.791,255.00689,,,,,,,,,,,,
TRAFIGU12903CC70C2,Estas hecha para mi (Directo 09),Carlos Baute,113.966,-4.678,214.09914,,,,,,,,,,,,
TRAFIHK12903CBDFF1,Boxing Day,The Pineapple Thief,160.052,-11.104,233.66485,,,,,,,,,,,,
TRAFIKF128F92FD338,Bahama Lullaby,Blind Blake & The Royal Victoria Hotel Calypsos,110.603,-9.23,161.74975,,,,,,,,,,,,
TRAFINB128F426E2F1,Musica Sacra Nova: Morgen I Frydenlund,John Tchicai,158.982,-22.088,250.72281,,,,,,,,,,,,
TRAFIPS128F428AF8E,Le Temps Des Cerises,Toots Thielemans,63.334,-19.736,109.16526,,,,,,,,,,,,
TRAFIQB128F423DCBA,Stumblin' Man (Album),Tad,157.532,-12.067,215.43138,,,,,,,,,,,,
TRAFISG128F4263F8A,This Will Be Laughing Week,Ultimate Fakebook,130.815,-9.873,116.4273,,,,,,,,,,,,
TRAFITO12903D0D16A,Mazurcas das Rías Baixas,Susana Seivane,150.782,-14.467,294.05995,,,,,,,,,,,,
TRAFJBM128F9307AA0,Valérie,Oztara,132.188,-7.121,401.97179,,,,,,,,,,,,
TRAFJIW128E078E1DE,On My Own,Black Eyed Peas / Les Nubians / Mos Def,94.993,-6.618,235.10159,,,,,,,,,,,,
TRAFJJJ128E078E0B8,Elektro Kardiogramm (Live),Kraftwerk,126.007,-9.805,283.24526,,,,,,,,,,,,
TRAFJKG128F9332800,Ego is the drug/3am,The Frequency,246.5,-11.906,1054.37995,,,,,,,,,,,,
TRAFJQT12903CAA19E,Apotoma,Giorgos Tsalikis,123.709,-12.483,31.42485,,,,,,,,,,,,
TRAFJRD128F4288F65,What's True,Ziggy Marley And The Melody Makers,154.603,-14.799,207.20281,,,,,,,,,,,,
TRAFJRJ128F932EC8C,Tonight_ Te Amaré,MDO,216.196,-5.184,211.74812,,,,,,,,,,,,
TRAFJUG128F92C77B1,Have It Your Way,Leigh Jones,172.35,-9.027,279.74485,,,,,,,,,,,,
TRAFJUT128F42358BC,Foam Born (A) The Backtrack (Album Version),Between The Buried And Me,120.663,-8.06,133.82485,,,,,,,,,,,,
TRAFJUW128F427A988,Vem Pr'a Roda,Tania Maria,176.349,-10.96,267.67628,,,,,,,,,,,,
TRAFJVH128F42BC25E,Pitch In OnA Party,DJ Quik,106.435,-6.57,247.562,,,,,,,,,,,,
TRAFJVI128F428FA50,Acordeón,Massiel,141.681,-7.012,192.20853,,,,,,,,,,,,
TRAFJVT128F4235E2B,El Amor (Version Nortena),Yahir,151.869,-7.345,239.67302,,,,,,,,,,,,
TRAFJXD128F931D0C4,Just In Case,Micachu,117.368,-8.107,166.42567,,,,,,,,,,,,
TRAFJYB128F9311212,Love Dump (Clean Album Version),Static-X,130.098,-7.295,259.63057,,,,,,,,,,,,
TRAFKBW128F428C4E6,Kleine Killer,Paso Doble,130.823,-9.793,229.40689,,,,,,,,,,,,
TRAFKDF12903D09556,It Was Only A Heart,Skeeter Davis,108.417,-9.322,156.29016,,,,,,,,,,,,
TRAFKDG12903CAB85C,Too Cool for Love,Webb Wilder,116.992,-7.077,277.10649,,,,,,,,,,,,
TRAFKDY128F932079B,Sensazioni a_b & c,Gruppo Jazz Marca,117.985,-16.889,749.81832,,,,,,,,,,,,
TRAFKFP128F93366A1,Dancing With the Goddess (ttt rmx),Atman,90.055,-9.109,264.25424,,,,,,,,,,,,
TRAFKHA12903CF0E89,At Night,Shakedown,123.994,-6.042,437.9424,,,,,,,,,,,,
TRAFKII128F1487F99,Raag Trance,Biddu,77.352,-9.992,338.02404,,,,,,,,,,,,
TRAFKKS128F92E3F23,No Eye Has Seen,Parachute Band,141.749,-3.353,199.28771,,,,,,,,,,,,
TRAFKLJ128F9331BE6,Summerfish,Leonid Rudenko,127.981,-5.299,395.28444,,,,,,,,,,,,
TRAFKLP128F423A724,Lord You're Worthy (Album),Wilmington Chester Mass Choir,81.828,-6.359,308.53179,,,,,,,,,,,,
TRAFKMJ128F14661D8,Laying Down My Will (The Plan Album Version),Raze,136.271,-4.092,277.81179,,,,,,,,,,,,
TRAFKPI128EF357763,Across Decker's Field,Stewart Francke,121.945,-8.755,204.14649,,,,,,,,,,,,
TRAFKRE128F932002B,Umbrella,All Time Low,87.953,-8.901,227.70893,,,,,,,,,,,,
TRAFKRN128F4215CC8,Summer Rain,James Last,84.001,-10.242,227.94404,,,,,,,,,,,,
TRAFKSA128F930F4FA,Undercover Gangstas,5th Ward Boyz,179.831,-8.15,246.07302,,,,,,,,,,,,
TRAFKTU128F4234726,Swing Spring,Bill Perkins,120.731,-10.537,341.75955,,,,,,,,,,,,
TRAFKUS128F92D28DC,La bite du plombier,Bézu,120.038,-5.074,184.0322,,,,,,,,,,,,
TRAFLAR128F427FE8D,S.O.S.,Spliff,110.598,-15.893,225.74975,,,,,,,,,,,,
TRAFLDX128F92DE085,Wheeling Free,Bert Kaempfert And His Orchestra,144.232,-14.361,201.92608,,,,,,,,,,,,
TRAFLFY128F92C637A,Bridget,Rachel Portman,86.463,-22.272,199.05261,,,,,,,,,,,,
TRAFLGM128F9358F47,Nos plus belles années,Miossec,109.847,-11.556,175.72526,,,,,,,,,,,,
TRAFLMU128F4274A4D,I Don't Want To Talk About It,G-Unit,92.998,-5.958,274.78159,,,,,,,,,,,,
TRAFLNZ128F92FE8CB,Ramblin' On My Mind,Memphis Sheiks,85.551,-12.935,363.20608,,,,,,,,,,,,
TRAFLYF128F1477D12,Snaps Drinking Woman (LP Version),Champion Jack Dupree,121.375,-12.325,165.25016,,,,,,,,,,,,
TRAFLYL128F932DB93,Live At Brixton Academy 1999,Atari Teenage Riot,74.384,-7.638,1598.1971,,,,,,,,,,,,
TRAFLZY128F148959F,House Of Wolves (Album Version),My Chemical Romance,127.15,-2.895,184.00608,,,,,,,,,,,,
TRAFMAA12903CF56C6,Exactamente Medianoche,Memphis La Blusera,84.895,-13.422,338.12853,,,,,,,,,,,,
TRAFMDA128F4224347,Street Car Blues,Sleepy John Estes,158.767,-18.338,196.88444,,,,,,,,,,,,
TRAFMEJ128F4284652, -start ID-,The Mad Capsule Markets,137.537,-17.425,12.12036,,,,,,,,,,,,
TRAFMES128F930AB06,Dementia,Schizoid,81.767,-4.665,184.18893,,,,,,,,,,,,
TRAFMGJ128F4262151,Snippet 15,Bare Jr.,0,-34.033,3.99628,,,,,,,,,,,,
TRAFMHB12903CF4F12,Cool Water,Roger Williams,111.428,-14.173,201.74322,,,,,,,,,,,,
TRAFMHY128F92FDDBF,Ya Lil' Crumbsnatchers (LP Version),Del Tha Funkee Homosapien,108.445,-9.505,90.90567,,,,,,,,,,,,
TRAFMIA128F92E2B2B,This House Is Haunted,Alice Cooper,130.325,-12.26,210.54649,,,,,,,,,,,,
TRAFMIO12903CAF172,Captin Kut-Cha,Kai Winding,182.879,-18.025,191.97342,,,,,,,,,,,,
TRAFMME128F932B4D5,Killing Machine,Aiden,207.974,-4.459,140.40771,,,,,,,,,,,,
TRAFMNM128F4251008,Manuel's Mambo,Cal Tjader,176.279,-23.549,197.22404,,,,,,,,,,,,
TRAFMPX128F4246C49,All I Ask For (Album Version),Ill Nino,91.011,-3.67,219.81995,,,,,,,,,,,,
TRAFMQA12903CDA8D3,Fonsi,Zaïko Langa Langa,127.891,-3.809,250.67057,,,,,,,,,,,,
TRAFMZT12903CBAE53,I'm Over You (Album Version),Rebecca Lynn Howard,89.925,-4.403,243.25179,,,,,,,,,,,,
TRAFNAH128F42A400D,Contact,Dive,103.621,-15.712,227.36934,,,,,,,,,,,,
TRAFNBM128F92F4F88,Why Don't You Do Right,Barbara Lusch,120.138,-12.745,197.72036,,,,,,,,,,,,
TRAFNEI128F1458CAA,Hate Zone,Brand X,201.006,-13.358,281.52118,,,,,,,,,,,,
TRAFNGR12903CE3ACF,Telê,Hélio Ziskind,120.066,-9.333,130.19383,,,,,,,,,,,,
TRAFNJM128F933D6DB,Probka (Latvia),Intars Busulis,142.895,-2.713,183.58812,,,,,,,,,,,,
TRAFNMJ128F92D15D8,Only Me,Charlie Rich,108.128,-15.354,148.24444,,,,,,,,,,,,
TRAFNNT128F92E4E81,Beautiful Maria of My Soul,Virtuoso,100.095,-8.498,277.7073,,,,,,,,,,,,
TRAFNPA128EF34E7A7,Feels Good To Be Free,Karen Peck And New River,89.001,-5.729,194.45506,,,,,,,,,,,,
TRAFNVQ12903CE7322,Trade Winds,Judy Mowatt,149.567,-17.081,349.51791,,,,,,,,,,,,
TRAFNVU128F932361A,No Love No Nothing,Marlene Dietrich,84.894,-17.186,175.25506,,,,,,,,,,,,
TRAFNWS128F931A45D,I Must See Jesus,Michael Bloomfield,74.392,-13.983,271.85587,,,,,,,,,,,,
TRAFOHK128F425F232,Alright Now,Paul Rodgers,120.859,-8.525,269.81832,,,,,,,,,,,,
TRAFOKY128F4276D91,Assassination,Dead Prez,170.081,-6.72,120.86812,,,,,,,,,,,,
TRAFOKY128F92ED751,I Did it for You,David Cook,82.282,-3.8,229.45914,,,,,,,,,,,,
TRAFONO128F4248100,A World Of My Own,Knack,138.378,-6.778,255.21587,,,,,,,,,,,,
TRAFOTS128F42255A6,Down On The Corner,La Portuaria,99.901,-6.611,155.03628,,,,,,,,,,,,
TRAFOZW128F92F1594,Come Dance With Me,Mulberry Lane,148.012,-4.333,169.58649,,,,,,,,,,,,
TRAFPAY128F146B23B,A Visit From Drum,Liars,126.46,-8.977,259.05587,,,,,,,,,,,,
TRAFPDD128F92FBBA6,More Than Words,Tom Barabas,138.83,-22.645,276.79302,,,,,,,,,,,,
TRAFPFW128F423B0A6,We Do It Too,Modeselektor,94.005,-6.965,385.2273,,,,,,,,,,,,
TRAFPGA12903CE1F1C,Mar gaye te sada naal,Naseebo Lal_ Arif Lohar,147.347,-11.368,1037.68771,,,,,,,,,,,,
TRAFPHE128F4267123,Talking Drum (Isea '95),Chris Brown,204.064,-20.575,99.3171,,,,,,,,,,,,
TRAFPIX128F42369C3,C.O.G. To The ATL,DJ Taz,92.012,-8.963,348.02893,,,,,,,,,,,,
TRAFPLF12903CD8AE1,La clé parfumée,Gabriel Yared,79.685,-23.155,53.31546,,,,,,,,,,,,
TRAFPPX128F92DD3E1,Hermione,Starless & Bible Black,118.66,-9.215,189.43955,,,,,,,,,,,,
TRAFPQG128E07870D6,La Vuelta,Gustavo A. Santaolalla,159.502,-15.45,186.5922,,,,,,,,,,,,
TRAFPST128F932BBE0,Wepons Of Mass Deception (Album),Widespread Bloodshed,174.865,-2.182,49.94567,,,,,,,,,,,,
TRAFQAJ128F429458C,Lizzie And The Rain Man,Billie Jo Spears,174.437,-11.51,212.32281,,,,,,,,,,,,
TRAFQBZ128F93440E2,Chicken Strips (THE DEMOS version),Smut Peddlers,116.837,-6.076,87.11791,,,,,,,,,,,,
TRAFQCJ128F4244503,Was Machst Du Mit Dem Knie_ Lieber Hans?,Günter Noris,115.937,-12.011,161.802,,,,,,,,,,,,
TRAFQEF128F93561A7,Gief Konjunkturpaket VI,Afrob feat. Sarah,180.327,-5.319,258.19383,,,,,,,,,,,,
TRAFQEG128F92FC332,The Real Rock,Shinehead,168.935,-12.439,250.85342,,,,,,,,,,,,
TRAFQFD128F9343706,Pocket Full Of Stars,Diesel Boy,181.748,-3.478,152.65914,,,,,,,,,,,,
TRAFQFM128E078EC97,The Way I Am,Eminem,174.69,-2.973,289.30567,,,,,,,,,,,,
TRAFQIV12903CFC000,Back Into Business,Milo,85.326,-5.631,232.38485,,,,,,,,,,,,
TRAFQJK128F92F5EBE,Blues Do Elevador,Zeca Baleiro,86.006,-12.008,237.97506,,,,,,,,,,,,
TRAFQJT12903CF4891,Hippa To Da Hoppa [Explicit Version],Ol' Dirty Bastard,96.22,-14.808,181.62893,,,,,,,,,,,,
TRAFQKX128F9347448,Beast In the Broch,The Lord Weird Slough Feg,93.594,-9.104,106.60526,,,,,,,,,,,,
TRAFQMD128F92D4950,Battery Acid,Six Brown Brothers,124.487,-11.401,257.95873,,,,,,,,,,,,
TRAFQOF128F933E3BA,Mis Sueños feat Norma Castro,Mario Garcia,130.019,-8.078,558.28853,,,,,,,,,,,,
TRAFQQM128F92E2FD0,Perfidia,Eddie Jones,164.52,-8.667,114.93832,,,,,,,,,,,,
TRAFQVV128F4260033,Will Not Fade  (Hit Parade Album Version (new Song)),Audio Adrenaline,87.899,-4.774,229.01506,,,,,,,,,,,,
TRAFRBN128F93095F4,Just Want To See Ya,Pacha Massive,140.025,-8.948,241.68444,,,,,,,,,,,,
TRAFRCH12903CEA22D,No Regrets,Gob,133.986,-5.92,153.33832,,,,,,,,,,,,
TRAFRDS12903CC0C66,Inferior (Late Night Version),Zuma,119.996,-8.147,266.00444,,,,,,,,,,,,
TRAFRFF128F931DCEF,Pseudoephedrine,Nick Conolly,164.698,-17.83,307.51302,,,,,,,,,,,,
TRAFRFF128F9345B75,C'est Moi,Rupa & the April Fishes,165.971,-8.592,251.76771,,,,,,,,,,,,
TRAFRJH128E0781C5B,Love My Way,William Orbit,98.823,-20.142,159.11138,,,,,,,,,,,,
TRAFRKR128F427D6E6,About Last Night (LP Version),Vitamin C,96.989,-6.297,241.03138,,,,,,,,,,,,
TRAFRKU128F933CE16,Girl From A Pawnshop,The Black Crowes,119.713,-8.087,404.58404,,,,,,,,,,,,
TRAFRLV128F4267ADF,Boogie Man,Freddie King,135.951,-14.977,226.06322,,,,,,,,,,,,
TRAFRQY128F93186FB,Perfection Design,Amoral,139.977,-3.394,238.94159,,,,,,,,,,,,
TRAFRTX128F93426B7,Angel Food,Steve Vai,147.83,-12.338,383.29424,,,,,,,,,,,,
TRAFRVU128F42649A6,My Record Company,K's Choice,161.456,-7.3,222.30159,,,,,,,,,,,,
TRAFRWD12903CC4A88,Coolsville (Live Acoustic Version),Rickie Lee Jones,60.757,-18.105,308.92363,,,,,,,,,,,,
TRAFRYJ128F92E638B,Memorabilia,Nine Inch Nails,133.903,-6.962,441.96526,,,,,,,,,,,,
TRAFSAO128F92EFA4B,I Can't Quit You Baby (Live) [Never Released],The Fabulous Thunderbirds,92.742,-9.573,342.20363,,,,,,,,,,,,
TRAFSAP128E0780ECF,Dance Hall Days,Wang Chung,205.245,-12.455,234.762,,,,,,,,,,,,
TRAFSGJ12903CAA742,Smoke! Smoke! Smoke! (That Cigarette),Tex Williams,142.398,-26.997,181.08036,,,,,,,,,,,,
TRAFSGL128F42ADA3E,Razor,Foo Fighters,126.986,-16.372,287.99955,,,,,,,,,,,,
TRAFSIP128F9301AE9,Six,Faithless,229.808,-10.596,142.52363,,,,,,,,,,,,
TRAFSKF128F145CC8C,Sous Les Ponts De Paris (Valse),Jo Privat,98.681,-7.551,148.74077,,,,,,,,,,,,
TRAFSLJ128F14913B0,Would You Like To Take A Walk?,Marion Harris,128.601,-20.524,163.39546,,,,,,,,,,,,
TRAFSQP128F424C04F,Le Bal Du P'tit Jardin,Gus Viseur,206.454,-16.683,128.93995,,,,,,,,,,,,
TRAFSSU128EF344074,A Little Tear,Willie Bobo,147.055,-17.518,416.44363,,,,,,,,,,,,
TRAFTAM128F4294843,When Will They Shoot? (Explicit),Ice Cube,95.684,-2.98,276.03546,,,,,,,,,,,,
TRAFTCT128F425A900,Close To You,Rick Astley,86.971,-8.7,184.55465,,,,,,,,,,,,
TRAFTDN128F427C29D,Hold On,Hot Chip,134.5,-6.36,381.17832,,,,,,,,,,,,
TRAFTDZ128F42355ED,Independentia,US Coast Guard Band,115.449,-12.407,207.93424,,,,,,,,,,,,
TRAFTFF128F930F77C,Bury You,Lollipop Lust Kill,153.211,-5.145,265.61261,,,,,,,,,,,,
TRAFTJB128F931919E,Highland,Bill Douglas,138.213,-13.214,201.9522,,,,,,,,,,,,
TRAFTMA128F933A3D7,Matador,Los Fabulosos Cadillacs,193.575,-10.27,273.78893,,,,,,,,,,,,
TRAFTOE12903CF3F5E,Colombine,Georges Brassens,59.983,-14.562,115.25179,,,,,,,,,,,,
TRAFTPO128F9313CF8,You're Killing My Love,Michael Bloomfield,153.086,-10.091,310.59546,,,,,,,,,,,,
TRAFTRX128F422D182,Ghosts,Chariots,98.085,-4.347,162.69016,,,,,,,,,,,,
TRAFTRY128F9329C26,It Is Us,Mudhoney,152.457,-4.309,211.87873,,,,,,,,,,,,
TRAFTVR128F14775A1,Badd Indian,Apache Indian,95.986,-9.722,273.18812,,,,,,,,,,,,
TRAFUAM128F423640A,Keinu Kanssani (2003 Digital Remaster),J. Karjalainen & Mustat Lasit,94.18,-7.242,223.11138,,,,,,,,,,,,
TRAFUGB128F92EDEDC,Rakkauden veteraani,Kari Tapio,103.244,-8.419,224.7571,,,,,,,,,,,,
TRAFUKW12903CD802A,She's So Tough,Mink DeVille,109.057,-13.589,166.03383,,,,,,,,,,,,
TRAFUOZ128EF35A549,DEFCON 4,John Frizzell,176.756,-20.373,108.85179,,,,,,,,,,,,
TRAFURE12903D1135B,Wo Men De Fei Leng Cui,Steve Chou,66.931,-12.626,214.93506,,,,,,,,,,,,
TRAFUTE128F930F510,Somewhere,Bob Carlisle,141.379,-8.278,326.16444,,,,,,,,,,,,
TRAFUTO128F428E434,Ubi Caritas,Cantara,139.963,-9.134,286.58893,,,,,,,,,,,,
TRAFUWI128F934C730,Surf of Syn,GWAR,200.199,-7.51,261.79873,,,,,,,,,,,,
TRAFUWS128F9320678,Hush,Mongo Santamaria,175.613,-11.257,366.70649,,,,,,,,,,,,
TRAFUXV128F148C901,Let's Go Home,Bert Kaempfert And His Orchestra,111.868,-12.831,165.61587,,,,,,,,,,,,
TRAFVDP128F425F856,Bellini: Norma: Vanne_ e li cela entrambi,Vincenzo Bellini,117.772,-20.819,244.61016,,,,,,,,,,,,
TRAFVDV128F42936BA,Wrong End Of The Rainbow,Ronnie Milsap,69.704,-13.558,242.70322,,,,,,,,,,,,
TRAFVEB128F933CA60,If Santa Claus Could Bring You Back To Me,Jimmy Wakely,114.028,-17.896,159.242,,,,,,,,,,,,
TRAFVME128F4269F32,You Are!,Christian Quast,124.988,-12.066,409.91302,,,,,,,,,,,,
TRAFVTW128F92CDA70,Mrs Scott Skinner / Mackenzie Hay / The Devil's Elbow,James Scott Skinner,152.363,-21.63,149.2371,,,,,,,,,,,,
TRAFVUV128F4282D36,Peyote,Evolution,137.971,-9.783,436.21832,,,,,,,,,,,,
TRAFVWT128F42B1656,What's in a number & Feed me lies remixes,Theodor Zox,125.009,-11.005,353.17506,,,,,,,,,,,,
TRAFVYN128F42149F0,Intro: The Dragon,Mix Mob,161.26,-14.38,24.0322,,,,,,,,,,,,
TRAFWCO12903CB146E,Soul Of A Man,Erja Lyytinen,91.76,-13.411,111.80363,,,,,,,,,,,,
TRAFWEV128F428D391,Alpha Beta Parking Lot,Cake,189.616,-8.522,210.07628,,,,,,,,,,,,
TRAFWGD128F422F352,Geek USA (Album Version),Between The Buried And Me,126.773,-5.094,325.11955,,,,,,,,,,,,
TRAFWIJ128F93305F6,Amo Dejarte Asi,Gustavo Cerati,94.009,-10.906,237.68771,,,,,,,,,,,,
TRAFWMO128F92E8216,La fête à la prison,Oldelaf et Monsieur D,145.323,-7.817,296.93342,,,,,,,,,,,,
TRAFWOX12903CC1FA8,Pluvialus,LORE,135.599,-13.818,423.07873,,,,,,,,,,,,
TRAFWRG128F4295089,Forgiveness,Goldfinger,168.459,-5.145,204.25098,,,,,,,,,,,,
TRAFWVO128F9300880,Song For Val,The Embarrassment,186.501,-6.893,78.75873,,,,,,,,,,,,
TRAFXAM128F9349349,The Train Kept A Rollin,Tiny Bradshaw,153.3,-8.299,165.35465,,,,,,,,,,,,
TRAFXCL128F92E7FFD,Aviatic,André Verchuren,137.192,-10.061,170.1873,,,,,,,,,,,,
TRAFXCP128F93182DD,Keiner außer uns,Kool Savas,117.996,-5,77.94893,,,,,,,,,,,,
TRAFXEY128F148AECD,Luv In the First,Latif,78.588,-8.072,265.1424,,,,,,,,,,,,
TRAFXHL128F148D175,Love Is Gonna Bring Us Back Alive,Rickie Lee Jones,189.524,-19.544,291.57832,,,,,,,,,,,,
TRAFXMZ128F42AFC47,Can't Do Me No Good,Otis Spann,86.296,-10.401,141.24363,,,,,,,,,,,,
TRAFXPQ128F425385C,Main Title,Jerry Goldsmith,138.308,-23.815,169.1424,,,,,,,,,,,,
TRAFXSK128F9342717,Plaza de Mayo,Matteo Bonfanti e i maledetti,186.549,-9.909,159.242,,,,,,,,,,,,
TRAFXSM128F92E5541,Dil Naheen Lagda,Naseebo Lal,64.033,-12.584,380.81261,,,,,,,,,,,,
TRAFXST128F92C5B0A,Whirlpool [Live],Seal,187.566,-9.86,279.74485,,,,,,,,,,,,
TRAFXYN128F148B3B4,The Way It Is,Tesla,161.47,-10.478,390.66077,,,,,,,,,,,,
TRAFXZW128F14B0914,The Up,Utopia,150.209,-9.95,248.71138,,,,,,,,,,,,
TRAFYAV128F42ACA8C,Tu Peux Compter Sur Moi,Bénabar,134.552,-9.224,188.94322,,,,,,,,,,,,
TRAFYEG12903CB647E,Frisch Verliebt,Der Plan,146.143,-13.01,163.63057,,,,,,,,,,,,
TRAFYGA128F425A92C,Missionary Man,Eurythmics,124.973,-4.357,269.94893,,,,,,,,,,,,
TRAFYGI12903CE9B9A,La feria de San Cristobal (Live),Maurice Larcange,242.393,-9.606,181.81179,,,,,,,,,,,,
TRAFYGO128F42727E7,Be With You,Beyoncé,149.913,-6.259,260.20526,,,,,,,,,,,,
TRAFYNE128F422F3CB,Within (Album Version),A Perfect Murder,146.013,-5.099,202.23955,,,,,,,,,,,,
TRAFYRA128F92FD549,Don't Stop The Music,Michael Stanley Band,150.799,-9.71,218.40934,,,,,,,,,,,,
TRAFYRO128F42ACFC7,Traveller,Talvin Singh,106.58,-10.587,350.4322,,,,,,,,,,,,
TRAFYSO128F4284276,25 Variations And Fugue On A Theme By G.F. Handel For Piano_ Op. 24: Aria,Solomon,137.387,-35.702,58.122,,,,,,,,,,,,
TRAFYUE12903CAFDF3,Superstar Dog,Curtis,127.874,-11.009,456.51546,,,,,,,,,,,,
TRAFYUL128F4247173,Rapture (Toby Emerson Dub) (Toby Emerson Dub),Toby Emerson,131.045,-5.045,397.42649,,,,,,,,,,,,
TRAFYVC128F4268F8B,Madazulu,Deep Forest,133.392,-8.688,301.06077,,,,,,,,,,,,
TRAFYWM128F422AA37,If I Had Known,Tampa Red,93.443,-13.577,169.97832,,,,,,,,,,,,
TRAFYYU128F4229376,Depressionista,Every Time I Die,95.611,-4.912,148.92363,,,,,,,,,,,,
TRAFZHK128F145E86B,Boring,Lifer,104.587,-4.739,228.62322,,,,,,,,,,,,
TRAFZIM128F427D344,Riot Squad (1991 Digital Remaster),Bad Brains,127.191,-10.19,119.71873,,,,,,,,,,,,
TRAFZKN128F92E11AD,In The Midnight Hour,The Dee Jays,118.355,-6.586,195.10812,,,,,,,,,,,,
TRAFZKY128EF36588B,Intro,Diamond D,146.852,-13.149,52.79302,,,,,,,,,,,,
TRAFZLA128F42ADCCB,I Gotta Keep Dancing,Corona,131.981,-10.771,221.49179,,,,,,,,,,,,
TRAFZRL128F428E465,Im Slowly Turning Into You,The White Stripes,131.279,-6.209,274.59873,,,,,,,,,,,,
TRAFZTM12903CB1F7B,Get It Started,2Fresh,85.322,-5.497,461.24363,,,,,,,,,,,,
TRAFZVZ12903CE7548,Marashi Ya Pemba,Ndala Kasheba,120.039,-4.017,414.1971,,,,,,,,,,,,
TRAFZYZ128F427DD76,Cold Icy Floor,New Roanoke Jug Band,117.269,-11.552,186.67057,,,,,,,,,,,,
TRAGAAF128F9338911,This Is How A Heart Breaks,Joe McBride,93.331,-12.446,291.13424,,,,,,,,,,,,
TRAGACJ128F427118C,Heaven's Hero (Featuring Champion Of Love),Greater Vision,129.493,-8.925,252.682,,,,,,,,,,,,
TRAGACV128F1474DEC,Sag Ihnen Bescheid,Headliners,160.158,-5.893,216.89424,,,,,,,,,,,,
TRAGADP128EF341C7F,Bare As You Dare,Lady Saw,97.004,-11.485,230.53016,,,,,,,,,,,,
TRAGAGQ128E0781352,It Only Takes Two To Tango,The Stranglers,107.657,-10.011,217.96526,,,,,,,,,,,,
TRAGAHW12903CA6DBE,Night Time,Hot Club Of Detroit,110.19,-12.469,309.96853,,,,,,,,,,,,
TRAGALB128EF3676EC,Crash And Burn [Home Demo],Funeral For A Friend,105.324,-14.957,261.14567,,,,,,,,,,,,
TRAGALM128F4236C86,Bad Dreams,Lyrics Born,85.012,-5.167,200.38485,,,,,,,,,,,,
TRAGANK128F428A5CD,Black Lung (Album Version),Rancid,190.922,-3.761,113.47546,,,,,,,,,,,,
TRAGAPY128F92F5DDE,Praying For Time,George Michael,127.844,-8.183,281.33832,,,,,,,,,,,,
TRAGAQX128F429ABFE,Ilta Oulunjoella,Tulipunaruusut,118.577,-11.786,209.34485,,,,,,,,,,,,
TRAGARS128F427216A,Telephone Song,The Vaughan Brothers;Stevie Ray Vaughan;Jimmy Vaughan,117.947,-8.066,208.48281,,,,,,,,,,,,
TRAGAVB128F932585E,Dancer (2007 Digital Remaster),Babe Ruth,111.315,-8.351,365.16526,,,,,,,,,,,,
TRAGAVF128F424829B,Don't You Know How Much I Love You,Ronnie Milsap,112.88,-12.581,151.37914,,,,,,,,,,,,
TRAGAVU128F427E6E0,Monkey & Turtle,David Hudson,166.989,-12.256,350.56281,,,,,,,,,,,,
TRAGBBI128F4261828,Echo,Joe Satriani,100.171,-10.256,469.60281,,,,,,,,,,,,
TRAGBHV128F4295074,I'm Down,Goldfinger,185.409,-4.625,128.49587,,,,,,,,,,,,
TRAGBMD128F429AB9D,Alone Together,Charlie Haden & Chris Anderson,115.007,-28.346,412.21179,,,,,,,,,,,,
TRAGBND128F92FC400,Château de sable,Rokia Traoré,96.311,-13.807,340.50567,,,,,,,,,,,,
TRAGBOA128F4232A6E,El Ausente/ El Preso/ El Caminante/ Tania,Fruko Y Sus Tesos,140.462,-9.29,249.05098,,,,,,,,,,,,
TRAGBOR128F92E1064,With Strength I Burn,Emperor,162.733,-4.277,508.96934,,,,,,,,,,,,
TRAGBPI128E0792998,Locomotive (Complicity),Guns N' Roses,118.101,-7.219,524.87791,,,,,,,,,,,,
TRAGCDN128F932855A,Zero Db (drum solo by Frank Katz),Brand X,71.608,-18.473,292.5971,,,,,,,,,,,,
TRAGCED128F9355912,Joking,Speaker,131.968,-4.63,188.29016,,,,,,,,,,,,
TRAGCKB128F92E9BCA,Water Blazz (Chill House mix),Christos Kedras,119.331,-7.717,321.64526,,,,,,,,,,,,
TRAGCMO12903CE20CD,Lagian ne maujan,Faiz Ali Faiz,141.231,-8.523,879.69914,,,,,,,,,,,,
TRAGCRL128F4254E80,What Child Is This?,Gold City,194.028,-14.328,165.09342,,,,,,,,,,,,
TRAGCSE128F425FE4B,Safe Passage,Michael Gettel,101.529,-16.934,330.97098,,,,,,,,,,,,
TRAGCSY128F14546B1,Not Right (Remastered LP Version),The Stooges,148.458,-3.968,169.66485,,,,,,,,,,,,
TRAGCTZ128F4290974,That Rock Won't Roll,Restless Heart,114.382,-13.644,210.46812,,,,,,,,,,,,
TRAGCUZ128F92E6E26,Prison Bound Blues,David Evans,86.201,-9.422,250.56608,,,,,,,,,,,,
TRAGCVM128F92F33FF,Shuo Ni Ai Wo,Will Pan,121.988,-6.682,235.85914,,,,,,,,,,,,
TRAGCXQ128F426BDD9,Wake The Sleeper,Uriah Heep,127.962,-4.014,212.84526,,,,,,,,,,,,
TRAGCYG128F428C517,Fantasie (Extended Version),Paso Doble,115.633,-11.718,327.83628,,,,,,,,,,,,
TRAGDAF128F92F928C,EU A4,Stress Assassin,163.725,-11.957,229.53751,,,,,,,,,,,,
TRAGDCN128F92F9050,Start The Fire,Margaret Becker,149.916,-9.803,261.04118,,,,,,,,,,,,
TRAGDDC128E0788279,Te estoy saboreando,Abracadabra,164.192,-10.715,144.90077,,,,,,,,,,,,
TRAGDDL128F4248973,You Said You Loved Me,Orchids,101.485,-11.91,175.98649,,,,,,,,,,,,
TRAGDEA128F4279040,Salzanitos,Juan Carlos Baglietto,100.855,-13.743,220.99546,,,,,,,,,,,,
TRAGDFG128F42934A0,Gone,Sugarbomb,139.778,-4.866,219.74159,,,,,,,,,,,,
TRAGDKW12903D0E755,Ask Fi War,Bounty Killer,114.272,-7.113,227.5522,,,,,,,,,,,,
TRAGDLM128F4233397,Desde mi cielo,Mago de Oz,110.255,-7.736,380.682,,,,,,,,,,,,
TRAGDOT128F422F342,Olha Pro Ceu,Quinteto Violado,161.518,-6.852,202.47465,,,,,,,,,,,,
TRAGDPH128F9344020,Don't Lie,Dead To Me,201.123,-5.603,145.55383,,,,,,,,,,,,
TRAGDPS128F145F8EE,Seed,Paloalto,152,-5.247,289.59302,,,,,,,,,,,,
TRAGDRH128F93182E1,Warum rappst du?,Kool Savas,81.224,-5.031,79.93424,,,,,,,,,,,,
TRAGDVU12903CDCD8B,Katie's Song,Darryl Worley,96.716,-10.294,261.642,,,,,,,,,,,,
TRAGDWI128F92D84B0,Get Money,Mykill Miers,172.485,-3.889,263.3922,,,,,,,,,,,,
TRAGDYS12903CF569B,One Eyed Jack,Joe McBride,91.979,-10.203,314.06975,,,,,,,,,,,,
TRAGEAS128F4258B9E,Stay Close To Me,Margaret Becker,96.848,-17.471,192.62649,,,,,,,,,,,,
TRAGEFB128F92C6CA9,So Beautiful,Jarvis Church,119.976,-5.659,231.73179,,,,,,,,,,,,
TRAGEFP128F429B217,Face To Face,Damita Jo,110.058,-15.498,182.33424,,,,,,,,,,,,
TRAGEHE128F423E5A1,Are We Here ?,Orbital,95.315,-10.328,933.642,,,,,,,,,,,,
TRAGEMO128F9306A84,Bagdad by night,Ministère des Affaires Populaires,66.963,-16.165,140.12036,,,,,,,,,,,,
TRAGEPD128F4247B81,Santa Monica (Version Originale 1980),Alain Turban,134.837,-8.085,219.19302,,,,,,,,,,,,
TRAGEQI128F429154D,Cutdown,Bongzilla,91.498,-6.407,419.68281,,,,,,,,,,,,
TRAGETA128F4272C38,Rompan Todo,2 Minutos,203.994,-3.211,88.58077,,,,,,,,,,,,
TRAGEVR128F4276B92,Chime (edit),Orbital,120.938,-6.924,192.20853,,,,,,,,,,,,
TRAGEVS128F145FEAD,Say Hello,April Wine,166.036,-13.666,179.04281,,,,,,,,,,,,
TRAGEXH12903CB4C10,I'm Not Worth the Tears,Dolly Parton,95.981,-12.144,152.45016,,,,,,,,,,,,
TRAGEXW128F427A405,Fin De Semana,Estrellas Cubanas,174.554,-4.442,324.91057,,,,,,,,,,,,
TRAGFDW128F14682F5,Little Louie Bonus,The Bucketheads,121.896,-16.486,383.16363,,,,,,,,,,,,
TRAGFDW128F933A421,Love Is Taking Hold,Al Denson,118.017,-11.3,299.33669,,,,,,,,,,,,
TRAGFIS128F14947B0,Love Ain't No Stranger (2003 Digital Remaster),Whitesnake,125.022,-8.706,252.08118,,,,,,,,,,,,
TRAGFJM128F427E764,We Are Not Impartial,The Chap,72.073,-9.502,170.05669,,,,,,,,,,,,
TRAGFOI128F428E060,Atlantic Shore,Máire Brennan,84.826,-12.121,244.74077,,,,,,,,,,,,
TRAGFPP128E078F34C,Paralyzed,The Cardigans,145.271,-6.966,296.85506,,,,,,,,,,,,
TRAGFQG128F42418D5,The Day After (featuring Syleena Johnson) (Explicit Chopped & Screwed Version),Twista,90.158,-8.273,200.98567,,,,,,,,,,,,
TRAGFSV12903CE532D,Weekend,Dictators,130.786,-5.833,246.36036,,,,,,,,,,,,
TRAGFUR128E078B8B3,Get It Poppin' [Featuring Nelly]  (Album Version - Exp. Version) [Serban Main 4/20/05],Fat Joe,100.783,-7.239,211.59138,,,,,,,,,,,,
TRAGFVT128F92ECB5D,Don't Go Away,Oasis,162.069,-5.676,289.2273,,,,,,,,,,,,
TRAGGEQ12903CC25DB,Slaughter The Gods,The Accursed,128.928,-7.075,171.15383,,,,,,,,,,,,
TRAGGHA128F4262D55,I WANNA HEAR IT FROM YOU,Eddy Raven,133.428,-11.14,204.85179,,,,,,,,,,,,
TRAGGKN12903CCA8EE,Ma' Be Easy [Explicit Version],Fabolous,200.435,-5.189,225.14893,,,,,,,,,,,,
TRAGGMY12903CD9533,Heather,Floor,160.598,-7.033,211.90485,,,,,,,,,,,,
TRAGGQQ128F931D8E1,Party For Pink,Michelle & Vickie,113.373,-4.116,190.56281,,,,,,,,,,,,
TRAGGSG128F92F6FD9,Only You (Chimi-Changa Club Mix),Sulk,127.92,-9.464,552.93342,,,,,,,,,,,,
TRAGGSJ128F42A5AE1,Let It Be Me,Ben E. King,86.819,-8.89,167.3922,,,,,,,,,,,,
TRAGGUB128F424FDB4,Smoke,Trafik,125.012,-7.255,505.67791,,,,,,,,,,,,
TRAGGVS128F4250CE8,Oblivious Darkness,Astarte,129.088,-4.694,515.36934,,,,,,,,,,,,
TRAGGVT128F428F842,Silent Night,Sergio Franchi,69.768,-16.407,170.94485,,,,,,,,,,,,
TRAGGXK12903CDA84B,Lady Marmalade,Mongo Santamaria,118.295,-8.674,194.76853,,,,,,,,,,,,
TRAGHBO128F92D8C9E,The Way We Were,The London Pops Orchestra,71.312,-13.522,198.89587,,,,,,,,,,,,
TRAGHBP128E0793AF7,Wrapped Around Your Finger,The Police,85.207,-14.361,313.70404,,,,,,,,,,,,
TRAGHCM128F9333324,Pour Jane (Live Acoustique),Cali,153.667,-10.288,207.49016,,,,,,,,,,,,
TRAGHCZ12903CEC3EF,I'm Going Through,Edwin Hawkins,91.215,-9.298,358.19057,,,,,,,,,,,,
TRAGHDO12903CD9736,L'a fête komine,Edith Lefel,135.099,-11.613,246.30812,,,,,,,,,,,,
TRAGHGU128F92CC064,Raining On The Cold_ Cold Ground,Lonnie Johnson,70.317,-17.214,298.13506,,,,,,,,,,,,
TRAGHHH12903CD1137,Shit 3 Outro,F.l.y.,87.63,-7.401,20.79302,,,,,,,,,,,,
TRAGHID128F93156AF,Nice Ride,Orbit,142.351,-7.893,254.45832,,,,,,,,,,,,
TRAGHJX128F426F76F,New Pony,Bob Dylan,80.7,-5.563,278.96118,,,,,,,,,,,,
TRAGHKK128F93240D1,El Manisero,Orlando Pops Orchestra,80.79,-15.018,146.59873,,,,,,,,,,,,
TRAGHLT12903CAC941,Sugar Coated Lover,Geiom Ft. Marita,140.989,-8.654,291.26485,,,,,,,,,,,,
TRAGHSE128F14743B2,Gwendolina,Line Renaud,137.567,-12.158,146.15465,,,,,,,,,,,,
TRAGHTH128F92F676E,Degrees of Freedom,Rhian Sheehan,216.023,-10.215,314.48771,,,,,,,,,,,,
TRAGIGX12903CF3AD4,This Time,David Saylor,112.998,-7.597,273.34485,,,,,,,,,,,,
TRAGIJH128F4280F72,US Air Force,The Sun Harbor's Chorus-Documentary Recordings,122.842,-13.915,137.84771,,,,,,,,,,,,
TRAGIJM12903D11E62,Love Don't Love Nobody,Roy Brown,154.631,-10.187,163.83955,,,,,,,,,,,,
TRAGIKK128F42424EF,Tonight Will Last Forever (Album Version),Mest,176.16,-8.247,255.50322,,,,,,,,,,,,
TRAGIMU12903D1201D,Deja El Ultimo Baile Para Mi (Lascia L'Ultimo Ballo Per Me),Los Iracundos,93.283,-9.368,188.05506,,,,,,,,,,,,
TRAGIPY128F422D10B,One Day At A Time,Cumberland Quartet,150.75,-13.533,192.88771,,,,,,,,,,,,
TRAGJEF128F92E367E,My Melody Of Love,Ray Conniff,172.514,-12.307,210.18077,,,,,,,,,,,,
TRAGJFW12903C9D027,I've Got a Home,Five Blind Boys of Alabama,93.417,-7.495,131.81342,,,,,,,,,,,,
TRAGJGX12903CB3F2F,Olhos Ciganos,Luiz Bonfa,130.272,-13.476,151.09179,,,,,,,,,,,,
TRAGJGZ128F421EE19,Writing Paper Blues,Blind Willie McTell,131.624,-11.383,191.73832,,,,,,,,,,,,
TRAGJNI128F9304EF4,So Small (Lullaby Rendition of Carrie Underwood),Hushabye Baby,147.853,-22.803,227.52608,,,,,,,,,,,,
TRAGJOX128F932551E,Felicidades,Arco Iris,131.857,-8.415,201.03791,,,,,,,,,,,,
TRAGJPA128F92F9665,FEZ-Being Born,U2,187.844,-7.896,316.96934,,,,,,,,,,,,
TRAGJQL128E078E840,Raining On Our Love,Shania Twain,82.789,-11.958,278.54322,,,,,,,,,,,,
TRAGJQS12903CC9CD0,Jacques Your Body (Make Me Sweat)/ Sounds Of Wickedness (PF Project Def Scratch Mix),Les Rythmes Digitales/ Tzant Feat. ODC MC,86.113,-4.242,186.40934,,,,,,,,,,,,
TRAGJQZ128F9302ADA,Over The Edge,Akon,126.983,-6.102,266.89261,,,,,,,,,,,,
TRAGJXQ128F148E23D,Les Grande Bois,Jo-El Sonnier,144.649,-8.556,168.04526,,,,,,,,,,,,
TRAGJYM128F934B753,All For Nothing,Since The Flood,189.987,-2.191,117.08036,,,,,,,,,,,,
TRAGJZP128F424A16F,My Mind Got Bad,Yank Rachell,91.589,-16.589,184.73751,,,,,,,,,,,,
TRAGKAC128F4225537,Melodia Simple,La Mancha De Rolando,100.046,-4.296,243.98322,,,,,,,,,,,,
TRAGKAK128F9324CE4,Xiao Shuo Xiang,Leo Ku,117.181,-5.315,245.55057,,,,,,,,,,,,
TRAGKFX128F9308791,Serenade,Slim Whitman,100.398,-14.573,141.92281,,,,,,,,,,,,
TRAGKHQ12903D0518B,Turn It Out,Larry Graham & Graham Central Station,97.103,-12.546,277.62893,,,,,,,,,,,,
TRAGKJS12903CDA8C6,La Palabra Fin,Johnny Pacheco/Rolando La Serie,112.915,-10.295,136.09751,,,,,,,,,,,,
TRAGKKN12903CE6B5C,Flight Of Earls,Barley Bree,119.017,-13.515,279.58812,,,,,,,,,,,,
TRAGKLF128F9315B67,Hey Joe,Carl Smith,120.546,-11.852,141.47873,,,,,,,,,,,,
TRAGKLK12903CC4264,Enough,Storyville,109.085,-6.18,263.41832,,,,,,,,,,,,
TRAGKMU128F429757E,The Luck You Got,The High Strung,139.72,-3.765,187.27138,,,,,,,,,,,,
TRAGKMU128F9305831,September Song,Tony Martin,122.709,-20.142,182.85669,,,,,,,,,,,,
TRAGKPD128F4275DF9,Rodriguez Pena,Jo Privat,127.659,-6.811,153.36444,,,,,,,,,,,,
TRAGKPS12903CA7AE5,I'm Free,Jah Cure,151.744,-5.142,224.02567,,,,,,,,,,,,
TRAGKQO128F92F0E10,Strange Fruit,James Carter,81.492,-6.115,258.42893,,,,,,,,,,,,
TRAGKTN128F933C68B,Down On Him,Pursuit Of Happiness,131.966,-10.133,151.01342,,,,,,,,,,,,
TRAGKUI128F92F4698,Guided By History,Mithotyn,110.897,-7.078,391.02649,,,,,,,,,,,,
TRAGKVI128F1459B5E,Search For Jenny,Francis Lai,85.131,-16.45,184.45016,,,,,,,,,,,,
TRAGKXH128F933D9BB,Missing You For A Mile,Beres Hammond,85.56,-15.121,252.55138,,,,,,,,,,,,
TRAGKXX128F424F3B5,Crash Course,UK Subs,123.26,-11.031,140.30322,,,,,,,,,,,,
TRAGLAE12903CFFEED,Ley Lines,Embrace the End,119.827,-3.6,364.14649,,,,,,,,,,,,
TRAGLAG128F14ADD03,Even A Child - Proverbs 20:11,Steve Green,146.677,-13.484,78.81098,,,,,,,,,,,,
TRAGLCK12903CDD07F,Sirène,Marc Perrone,0,-26.393,13.5571,,,,,,,,,,,,
TRAGLEQ128F934055A,Porque Yo Te Amo,Leonardo Favio,163.519,-11.378,201.50812,,,,,,,,,,,,
TRAGLFC12903CA6A5D,Termina La Feria,Gloria Lasso,65.195,-15.953,187.92444,,,,,,,,,,,,
TRAGLFE128F428566B,Au Bout De La Marelle,Patrick Bruel,105.994,-8.086,257.2273,,,,,,,,,,,,
TRAGLHT12903CCDB86,Ma Douleur...,Julie Zenatti,87.013,-10.166,287.92118,,,,,,,,,,,,
TRAGLKL12903CEDE95,Rain from the Skies Mix 2,Delroy Wilson,157.446,-8.884,157.57016,,,,,,,,,,,,
TRAGLMS128F425FE0A,Destined To Win,DeGarmo & Key,120.548,-6.917,203.62404,,,,,,,,,,,,
TRAGLRX128F932A5A3,I Saw An Angel,Pentangle,193.578,-11.514,172.38159,,,,,,,,,,,,
TRAGLSM128F42253BF,Begin The Beguine,Los Tres Diamantes,98.082,-12.421,175.43791,,,,,,,,,,,,
TRAGLST128F92D93E1,Happiness Stan - Original,Small Facers,70.163,-18.626,1141.08036,,,,,,,,,,,,
TRAGLSU128F145FFB2,Heaven Only Knows,K-OS,90.507,-9.642,235.04934,,,,,,,,,,,,
TRAGLTB128F9360F00,The Mighty SB,Michael Landau,73.894,-11.749,597.41995,,,,,,,,,,,,
TRAGLUL128F426F94C,Trane's Strain,Jack Sheldon,167.307,-12.921,283.92444,,,,,,,,,,,,
TRAGLUU12903D024F2,I'm Wrong,Dave Hollister,113.09,-4.942,301.87057,,,,,,,,,,,,
TRAGLXF128E078703E,I've Been Thinking featuring Cat Power (Album Version),Handsome Boy Modeling School,160.02,-9.423,324.07465,,,,,,,,,,,,
TRAGLXV128F42601B8,The Journey North,Michael Gettel,94.849,-10.879,338.75546,,,,,,,,,,,,
TRAGLZM128F931C995,Tell It Like It T-I-IS (Album Version),The B-52's,136.767,-7.465,313.20771,,,,,,,,,,,,
TRAGMAD128F429AEA4,Just One Girl,Gordon MacRae,103.713,-16.71,134.89587,,,,,,,,,,,,
TRAGMKE128E078543E,Song Of David (LP Version),Maire Brennan,65.264,-13.434,248.34567,,,,,,,,,,,,
TRAGMTY128F4260063,Pray On,Babbie Mason,129.88,-11.29,240.84853,,,,,,,,,,,,
TRAGMXK128F9305A50,De Onda,Bersuit Vergarabat,121.764,-7.301,181.18485,,,,,,,,,,,,
TRAGMXM128F934AA30,Um_ Um_ Um_ Um_ Um_ Um (Curious Mind),Major Lance,117.464,-8.763,134.03383,,,,,,,,,,,,
TRAGNAX128F9313AE8,That's How Strong My Love Is,Doyle Bramhall,168.36,-6.367,254.35383,,,,,,,,,,,,
TRAGNBQ128F149CB93,The Carpal Tunnel Of Love,Fall Out Boy,140.878,-3.237,203.91138,,,,,,,,,,,,
TRAGNCM128F92EF1E8,(Sittin') Alone At A Table For Two,Hank Locklin,100.705,-15.242,168.6722,,,,,,,,,,,,
TRAGNFZ12903CD04C2,Deckard,Deckard,90.964,-5.973,175.90812,,,,,,,,,,,,
TRAGNGY12903C9CD76,Coming Undone,Tantric,140.111,-2.741,176.43057,,,,,,,,,,,,
TRAGNMP128F92EFD64,Like A Deck Of Cards,Bedwetters,101.997,-1.927,202.91873,,,,,,,,,,,,
TRAGNOH128F42A87FF,Here we are,The Refreshments,169.943,-6.986,184.5024,,,,,,,,,,,,
TRAGNOK12903CE7FF6,Tranceplant,Organ Donors,140.013,-2.988,433.71057,,,,,,,,,,,,
TRAGNQK12903CCB987,Summer Love Triangle,David Tao,136.749,-4.602,260.33587,,,,,,,,,,,,
TRAGNUI128F1471068,Don't Mess With Me (2006 Digital Remaster),Whitesnake,114.902,-4.556,204.14649,,,,,,,,,,,,
TRAGNXF128F933A80E,Apples in the Trees (Live),Mirah,116.087,-10.453,158.09261,,,,,,,,,,,,
TRAGNYU128F42246AC,Just Keep It Up,Dee Clark,95.948,-16.865,132.07465,,,,,,,,,,,,
TRAGOEA128F1456EAA,Revelations:  Visions In A Dream,Tom Cochrane,89.042,-13.706,208.79628,,,,,,,,,,,,
TRAGOEW128F427A209,Choro II,Charlie Byrd / Laurindo Almeida,115.798,-18.054,172.43383,,,,,,,,,,,,
TRAGOJJ128EF3669D8,Vendiste Los Gueyes -Maldita Miseria-,Mercedes Castro,149.293,-9.451,184.42404,,,,,,,,,,,,
TRAGOJT128F930735A,Beaux parleurs,Clarisse Lavanant,177.931,-9.366,175.17669,,,,,,,,,,,,
TRAGOKC128F42472B9,Woe is Woman,The Skabs,94.072,-9.733,121.65179,,,,,,,,,,,,
TRAGOMV128F4274745,An Mouvman,Kassav',147.781,-8.158,268.90404,,,,,,,,,,,,
TRAGONI128F4292FAE,'Ti Monde (LP Version),BeauSoleil,119.663,-13.758,268.30322,,,,,,,,,,,,
TRAGOQJ128F92F44ED,Money In Da Bank [Screwed],Tum Tum,206.791,-10.525,188.94322,,,,,,,,,,,,
TRAGOUB128F42369BA,Hold On (LP Version),Michelle Tumes,111.824,-9.279,265.29914,,,,,,,,,,,,
TRAGOVG128F42A963D,Make Me Bad,Korn,110.071,-6.378,231.73179,,,,,,,,,,,,
TRAGOVH128F42480F5,Seven Days Of Heaven,Knack,142.432,-5.227,285.51791,,,,,,,,,,,,
TRAGPAD128F42990B7,Livre D'orgue (1951) : VII Soixante-Quatre Durées (Remasterisé En 2008),Olivier Messiaen,101.636,-24.98,647.60118,,,,,,,,,,,,
TRAGPAF128EF34542A,Sensory Deprivation Adventure,From Autumn To Ashes,93.061,-5.911,175.80363,,,,,,,,,,,,
TRAGPAW12903CEFD43,Lord We Give You All The Praise,The Jackson Southernaires,92.555,-10.65,356.10077,,,,,,,,,,,,
TRAGPEA128F422B47E,Dying Batteries,Casiotone For The Painfully Alone,78.16,-20.499,51.01669,,,,,,,,,,,,
TRAGPFL128EF342E1D,Soopman Luva 6 1/2,Redman / Hurricane G / Melanie Rutherford,109.265,-10.152,113.65832,,,,,,,,,,,,
TRAGPKF128F427B439,Making Up For Lost Time (Footprints In The Sand Album Version),Cristy Lane,86.142,-12.118,196.80608,,,,,,,,,,,,
TRAGPMR128F930C0D8,30 Days In The Hole (Live),Humble Pie,132.598,-7.033,469.44608,,,,,,,,,,,,
TRAGPMS128F4248295,A Brief History of Shitty Comedy,Patton Oswalt,75.669,-13.322,121.96526,,,,,,,,,,,,
TRAGPNN128F4230758,Tom Dooley,Kingston Trio,117.214,-17.9,199.94077,,,,,,,,,,,,
TRAGPOW128F932DC3A,Un Ojo Dimos,Barrio Obrero,182.962,-7.797,231.47057,,,,,,,,,,,,
TRAGPZS128F9332248,Fax Me,Supertalented,115.954,-8.518,96.65261,,,,,,,,,,,,
TRAGQBY128F42635B7,One More Go Round,James Taylor,108.047,-12.346,280.81587,,,,,,,,,,,,
TRAGQCY128F147B630,Surf Bat (Album Version),45 Grave,173.581,-10.285,118.38649,,,,,,,,,,,,
TRAGQDM128F92E8E51,Isn't Radio,Roommate,85.005,-7.494,367.01995,,,,,,,,,,,,
TRAGQEN128F92E118C,Dum Dum (Marble Breaks And Iron Bends),The Dee Jays,114.375,-10.412,174.21016,,,,,,,,,,,,
TRAGQKG128F9332F7A,I Dream Of Chi Chi,Brian Tyler,104.988,-19.963,52.87138,,,,,,,,,,,,
TRAGQLB128F422AB83,Eso No Tiene Remedio,Orquesta Aragon,91.548,-13.143,308.76689,,,,,,,,,,,,
TRAGQLG128F9351109,The Jezebel Spirit,Brian Eno And David Byrne,118.203,-8.209,296.33261,,,,,,,,,,,,
TRAGQMQ12903CC4279,Le chacha des gorilles,Bézu,133.64,-11.428,275.3824,,,,,,,,,,,,
TRAGQQK128F42561AB,Canto Triste,Edu Lobo,84.853,-18.581,309.52444,,,,,,,,,,,,
TRAGQVO128F145C0AF,Say Your Prayers,Gang Starr,166.092,-18.7,84.63628,,,,,,,,,,,,
TRAGQWI12903CF58A5,Rhumboso,Nestor Torres,137.908,-13.006,294.53016,,,,,,,,,,,,
TRAGQXP128F92EE64C,The Kiss: Chris & The Model Airplane,Philip Glass,104.667,-22.104,289.4624,,,,,,,,,,,,
TRAGQZD128F42761EF,Variations Sur Un Theme De Haydn Op51,Herbert Von Karajan,171.78,-20.536,1143.03955,,,,,,,,,,,,
TRAGRBP128F422B80A,Part 1 (19 Flowerpots_ 2 Hammered Dulcimers_ Bavarian Zither_ Shakuhachi),Stephan Micus,142.158,-22.517,519.8624,,,,,,,,,,,,
TRAGRHC128F933E939,Gumby Killed the Dinosaur (House Mix),Pumpkin Buzzard,169.771,-5.676,137.63873,,,,,,,,,,,,
TRAGRHF128F4295A42,Ling Shi Shi Ji Fen,Edmond Leung,113.571,-10.67,234.1873,,,,,,,,,,,,
TRAGRIH128F426FE32,Devon,Gabriel Yared,111.577,-19.64,229.98159,,,,,,,,,,,,
TRAGRLY128F1466214,Si Mi Chiamano Mimila Boheme Act1 Remast,Herbert Von Karajan,75.416,-22.384,288.41751,,,,,,,,,,,,
TRAGROY128F92D2C53,This Kind Of Love (Full Band),Sister Hazel,139.841,-12.283,230.37342,,,,,,,,,,,,
TRAGRRP12903CD2911,White Feather,Wolfmother,110.441,-6.183,316.21179,,,,,,,,,,,,
TRAGRWL128F92FA2F6,Dreamer (Jamie J Sanchez Club Mix),Janice Robinson,84.655,-6.99,459.33669,,,,,,,,,,,,
TRAGSFU12903D0D340,Might As Well Laugh,The Aftermath,166.648,-10.386,118.30812,,,,,,,,,,,,
TRAGSGF128E0780CA7,One I Love,Coldplay,134.027,-7.446,274.41587,,,,,,,,,,,,
TRAGSIT128F426F746,Isolate,ZO2,150.715,-4.098,276.4273,,,,,,,,,,,,
TRAGSIX128F92E0933,Bark At The Moon (Album Version),Wednesday 13's Frankenstein Drag Queens From Planet 13,149.551,-3.587,239.20281,,,,,,,,,,,,
TRAGSJK128F1491F0A,Who's Your Daddy?,Ed Byrne,77.99,-8.366,330.63138,,,,,,,,,,,,
TRAGSJQ128F149EF8D,California_ Gracefully,Every Time I Die,93.458,-4.029,171.59791,,,,,,,,,,,,
TRAGSKH12903CCCAA9,Don't Call Me Andy,Andrew W.K.,120.153,-3.378,165.51138,,,,,,,,,,,,
TRAGSNG12903CB73C8,The Force,Onyx,85.541,-12.908,317.46567,,,,,,,,,,,,
TRAGSOA128E078F934,It's A Long Way Around,Burning Spear,122.376,-19.633,185.5473,,,,,,,,,,,,
TRAGSQU128F145693D,Narcotic,Methods Of Mayhem / Scott Kirkland,116.04,-3.246,199.31383,,,,,,,,,,,,
TRAGSWL12903CF67CB,Still I Will,Lisa Lynne,106.009,-9.559,261.95546,,,,,,,,,,,,
TRAGSWQ128F428109C,Taps,The Sun Harbor's Chorus-Documentary Recordings,36.151,-25.678,59.32363,,,,,,,,,,,,
TRAGSZA128F146A11A,Don't Worry Baby (1999 Digital Remaster),Bryan Ferry,116.36,-8.662,253.12608,,,,,,,,,,,,
TRAGTDM12903CE2E9D,Ouça,Maysa,103.172,-10.919,180.87138,,,,,,,,,,,,
TRAGTFI12903CA06E7,Kettle Black,BLEED THE SKY,116.064,-5.992,202.91873,,,,,,,,,,,,
TRAGTGA12903D0EE38,Mama Don't Know Love,Fred Locks,151.537,-6.924,242.38975,,,,,,,,,,,,
TRAGTLG128F93243AC,Al'amadalah Assa'bah (2004 Digital Remaster),Ragheb Alama,151.956,-9.13,319.37261,,,,,,,,,,,,
TRAGTNK128F14732E1,Turn It Into Something Special (Svengali's remix für Elisa),Sasha,155.996,-9.532,265.84771,,,,,,,,,,,,
TRAGTPQ128F42920A5,Storm In My Heart,Dolores Keane,149.619,-12.577,272.5873,,,,,,,,,,,,
TRAGTPT128F422D7DC,Social Note,Lauren Wagner & Fred Weldy,72.724,-26.356,51.12118,,,,,,,,,,,,
TRAGTUF128F42297F1,I'm callin,Mr. Sancho,100.032,-8.666,182.22975,,,,,,,,,,,,
TRAGTUL12903CC81E8,Cliff Burton Surprise,Tony Danza Tap Dance Extravaganza_ The,139.872,-8.202,198.66077,,,,,,,,,,,,
TRAGTXE128F4229231,I'm On To You,Hurricane,110.177,-4.618,236.042,,,,,,,,,,,,
TRAGUAA128F4291AB1,How I Miss You Tonight,Adolph Hofner,118.472,-18.169,135.07873,,,,,,,,,,,,
TRAGUCZ128F426E5F6,Night Life,Charlie McCoy,90.81,-13.027,282.53995,,,,,,,,,,,,
TRAGUHI12903C9F729,Shadows of the thought,Suicide,144.94,-5.75,321.30567,,,,,,,,,,,,
TRAGUJK128F42A75C3,Wild Side,Mötley Crüe,115.254,-5.938,248.55465,,,,,,,,,,,,
TRAGUMD128F9313BC2,Aurora (Rory's Cassette Jam Remix),Alex Gopher,127.902,-7.83,396.87791,,,,,,,,,,,,
TRAGUMU128F92F6963,Big Time Charlie,Cockney Rejects,84.59,-3.132,182.25587,,,,,,,,,,,,
TRAGUNG128F92F67B3,Somebody Sing,Wayne Watson,125.908,-7.831,228.49261,,,,,,,,,,,,
TRAGUPU128F42685F4,Hustlin',D.O.W.N.,117.263,-8.987,312.39791,,,,,,,,,,,,
TRAGUPV128F93354DE,Puedes ser feliz,SOL,62.076,-6.364,251.79383,,,,,,,,,,,,
TRAGURD12903CF497F,Sometime Ago,Philip Bailey,109.963,-7.884,227.47383,,,,,,,,,,,,
TRAGUSI128F42668FD,My Lady,Lee Michaels,123.474,-15.069,249.80853,,,,,,,,,,,,
TRAGVAO128F4289B5D,Up North Trip,Mobb Deep,87.747,-5.16,298.00444,,,,,,,,,,,,
TRAGVBL128EF35920C,Intermezzo,The American Boychoir,87.76,-33.595,224.54812,,,,,,,,,,,,
TRAGVCD128F42A4C01,For You,Mr. Lif,107.32,-7.144,327.6273,,,,,,,,,,,,
TRAGVEK128F42680B6,El Capitan (1998 Digital Remaster),Felix Slatkin/Concert Arts Symphonic Band,122.774,-16.325,138.57914,,,,,,,,,,,,
TRAGVGB128F423098D,Healed (LP Version),Shirley Caesar,115.508,-9.116,266.03057,,,,,,,,,,,,
TRAGVJG128F93386C6,Into My Eyes,Cherrelle,145.607,-6.222,290.82077,,,,,,,,,,,,
TRAGVJI128F9331513,Almost Us,Jim Chappell,86.39,-23.69,217.49506,,,,,,,,,,,,
TRAGVKL128F427E896,4/20/2002,Pearl Jam,138.291,-12.246,232.35873,,,,,,,,,,,,
TRAGVMH128F14ADF05,Don't Let Your Heart Be Hardened (This Means War Album Version),Petra,107.531,-11.403,222.61506,,,,,,,,,,,,
TRAGVOE128F92FFDD2,Chorando Baixinho,Yamandu + Dominguinhos,118.239,-16.21,276.79302,,,,,,,,,,,,
TRAGVOF128F4292ED0,Pretty Woman (LP Version),The Paul Butterfield Blues Band,77.207,-13.705,228.75383,,,,,,,,,,,,
TRAGVRD12903D09FED,Violence in Fluid Triceratops,Arsonists Get All The Girls,129.824,-3.424,240.92689,,,,,,,,,,,,
TRAGVRL128F4264526,How Can You Resist It,Teena Marie,81.947,-11.037,328.56771,,,,,,,,,,,,
TRAGVTG128F92FE9E2,He Will Break Your Heart,Jerry Butler,87.758,-18.341,167.18322,,,,,,,,,,,,
TRAGVWF128F4230C95,The Same Love That Made Me Laugh  [LP Version],Irma Thomas,99.492,-9.675,195.36934,,,,,,,,,,,,
TRAGWDA128F1473193,Do It To Me,Sasha,116.024,-9.249,181.65506,,,,,,,,,,,,
TRAGWHX12903CFAB71,Like A Prayer (Tribute To Madonna),Hot Wire,110.198,-5.485,194.66404,,,,,,,,,,,,
TRAGWJK12903CE640F,Faces,RUN-DMC,73.507,-13.306,267.59791,,,,,,,,,,,,
TRAGWJS128F933005F,Ola ou yé,Patrick Saint-Eloi,130.092,-5.777,314.122,,,,,,,,,,,,
TRAGWKV128F92C316A,How Does It Feel,Avril Lavigne,118.055,-4.772,224.93995,,,,,,,,,,,,
TRAGWMO12903CFD994,Look Up At The Stars And You're Gone,Evergreen Terrace,112.421,-4.732,159.4771,,,,,,,,,,,,
TRAGWOU12903CE3BF1,A Baby's Born,James Ingram,76.385,-11.937,376.68526,,,,,,,,,,,,
TRAGWPR128F426BDC3,The Saga Of Rita Joe,Danilo Perez / Claus Ogerman,100.394,-14.117,459.31057,,,,,,,,,,,,
TRAGWTT128F148CF2C,Cerilene,Sister Hazel,119.461,-8.416,332.93016,,,,,,,,,,,,
TRAGWUS128F4284292,25 Variations And Fugue On A Theme By G.F. Handel For Piano_ Op. 24: Fugue,Solomon,95.619,-18.321,284.23791,,,,,,,,,,,,
TRAGXAI128F4279B2B,Tiempos Dificiles,Juan Carlos Baglietto,97.342,-14.511,232.61995,,,,,,,,,,,,
TRAGXBC128F148E5CC,1. Molto allegro con fuoco,Jean-Yves Thibaudet / Gewandhausorchester Leipzig / Herbert Blomstedt,160.246,-19.852,413.1522,,,,,,,,,,,,
TRAGXBL128F149EBA2,Go Back,Crabby Appleton,89.091,-4.594,186.69669,,,,,,,,,,,,
TRAGXBL12903CF2C9A,They Held Hands,Dave Rave_ Mark McCarron,102.16,-13.711,165.61587,,,,,,,,,,,,
TRAGXBP128F42311F4,Rock N Roll,Remi Nicole,84.009,-5.39,379.37587,,,,,,,,,,,,
TRAGXDW128F933843F,Breiz Ma bro,André Blot,199.483,-6.031,179.85261,,,,,,,,,,,,
TRAGXHN128F933F557,As The Hog Pisseth,All Leather,84.562,-7.107,108.38159,,,,,,,,,,,,
TRAGXKH128F428BD2F,Goodbye (Solo Version),Billy Bragg,81.256,-17.81,180.1922,,,,,,,,,,,,
TRAGXNT12903CEB1B9,My Way,Little Milton,76.415,-6.144,264.59383,,,,,,,,,,,,
TRAGXNU128F932C7D8,E Samba (Accapella),Junior Jack,106.216,-12.715,96.10404,,,,,,,,,,,,
TRAGXUZ128F9311745,You Tell Me,Johnny Cash,196.303,-13.136,80.03873,,,,,,,,,,,,
TRAGYBS128F4227AD5,I Remember (amended album version),Lil Boosie,171.85,-3.165,243.35628,,,,,,,,,,,,
TRAGYDZ12903D0957F,Lover Come Back To Me,Candlebox,125.994,-7.589,283.66322,,,,,,,,,,,,
TRAGYEF128F426DF61,Jesus Laughing (Some Things Never Change Version),Mark Lowry,143.898,-7.874,205.26975,,,,,,,,,,,,
TRAGYJM128EF3466D2,Been There All The Time,Dinosaur Jr.,253.357,-3.868,220.70812,,,,,,,,,,,,
TRAGYKT128F92F5D8A,Loca (a/k/a Crazy) (Version Banda),Marisela,84.283,-5.837,162.55955,,,,,,,,,,,,
TRAGYLX128F427C5EC,When,Wilshire,126.179,-4.601,181.49832,,,,,,,,,,,,
TRAGYMA128EF34B55E,Die Kunst der Fuge_ BWV 1080 (2007 Digital Remaster): Contrapunctus XVII - Inversus,Lionel Rogg,126.786,-20.848,172.38159,,,,,,,,,,,,
TRAGYML128F4286683,It Killed Mom,The Oh Sees,100.928,-6.111,162.37669,,,,,,,,,,,,
TRAGYPG128F9326C28,Baby_ Baby_ Baby,Bob Margolin,79.905,-9.384,198.84363,,,,,,,,,,,,
TRAGYRZ128F429AB6B,If You Smile At The Sun,Kitty Kallen,86.961,-16.151,151.92771,,,,,,,,,,,,
TRAGYXF12903CC55B2,Beat Conductor,Autonomous Bass Heads,137.963,-6.497,307.722,,,,,,,,,,,,
TRAGYXL128F92F9FCB,Disconnected,Cowboy Mouth,103.218,-5.88,237.60934,,,,,,,,,,,,
TRAGZBS128F931DF7C,The Hard Part's Letting Go,Jeff Talmadge,160.105,-12.174,228.62322,,,,,,,,,,,,
TRAGZCW128EF34B85B,Ostravaczech,Krystof,130.042,-10.084,285.67465,,,,,,,,,,,,
TRAGZDU128F93070B1,Tomorrow Never Knows,Dwight Twilley,90.875,-8.812,224.54812,,,,,,,,,,,,
TRAGZFK128F92F43F1,So Fresh,Tum Tum,66.565,-17.014,209.18812,,,,,,,,,,,,
TRAGZHM12903CAEF3A,Qué Desilusión,Mägo de Oz,121.955,-4.638,295.31383,,,,,,,,,,,,
TRAGZIJ12903CE27E4,Come ALong,Johnny Osbourne,135.537,-7.454,200.41098,,,,,,,,,,,,
TRAGZKI128F4249FBE,Banho De Amor,Moraes Moreira,132.558,-7.437,280.65914,,,,,,,,,,,,
TRAGZNX128F92F40E9,Danote,Darko,124.255,-14.175,378.67057,,,,,,,,,,,,
TRAGZOK128F14ADF45,Angel Of Light (Never Say Die Album Version),Petra,101.004,-6.949,262.21669,,,,,,,,,,,,
TRAGZQD128F428E68B,Dream Lover,Plasmatics,125.363,-11.685,344.24118,,,,,,,,,,,,
TRAGZRF128E0781872,Party In The Sky,Inspiral Carpets,187.66,-11.319,232.12363,,,,,,,,,,,,
TRAGZRR128F4295E1C,Tüflische Plan,Stern,139.949,-8.452,241.13587,,,,,,,,,,,,
TRAGZTU128F9348113,Regresa A Mi (Unbreak My Heart),Yuridia,109.996,-7.918,264.54159,,,,,,,,,,,,
TRAHABF128F427E12C,I Will Turn Your Money Green (Tk. 1),Furry Lewis,104.237,-18.466,188.02893,,,,,,,,,,,,
TRAHABN12903CBD3C5,I Can't Wait 'Til Christmas (LP Version),Bryan White,126.618,-8.278,240.90077,,,,,,,,,,,,
TRAHAGF128F92EE1D5,The Fortway,Dirty Harry,126.412,-15.303,559.75138,,,,,,,,,,,,
TRAHAMC128F425B346,Subliminal mit Naturgeraeuschen,Kurt Tepperwein,145.259,-21.036,1222.42567,,,,,,,,,,,,
TRAHAOP128F42AC92E,Guitarra Dimelo Tu,Alberto Cortez,91.584,-6.752,183.17016,,,,,,,,,,,,
TRAHBEF128F42416F7,Gun Thirsty,Bounty Killer,96.006,-7.629,225.25342,,,,,,,,,,,,
TRAHBGV128F92F0790,Hollow Dream,M.I.K.E.,135.053,-10.744,440.52853,,,,,,,,,,,,
TRAHBKC128F426E014,Jesus Hold My Hand (The Best of Homecoming - Volume 1 Version),Bill & Gloria Gaither,116.903,-12.493,196.17914,,,,,,,,,,,,
TRAHBMA128F93167AE,Lonely,Gyptian,186.285,-5.863,253.70077,,,,,,,,,,,,
TRAHBMV12903D0553D,Hold me,Les Hou-Lops,111.555,-9.6,150.46485,,,,,,,,,,,,
TRAHBNZ128F92FC2A7,Uptown,Camp Lo,90.983,-9.06,214.46485,,,,,,,,,,,,
TRAHBOC128F9322A62,That Blows My Mind (Slammin' and Way Out There!),The Gone Jackals,177.563,-5.376,228.93669,,,,,,,,,,,,
TRAHBOV128F92EF77A,You,Wonderland,123.976,-6.485,172.30322,,,,,,,,,,,,
TRAHBQT128F4213403,Ego Trip by Nikki Giovanni,Blackalicious,60.017,-5.625,104.93342,,,,,,,,,,,,
TRAHBWE128F9349247,Dedicated To The One I Love,The Shirelles,71.597,-11.539,127.29424,,,,,,,,,,,,
TRAHBWK12903D0044A,Walking In Dub,Burning Spear,135.033,-13.615,146.88608,,,,,,,,,,,,
TRAHBXB128F42797AE,I Know Somethin (Bout You),Alice In Chains,114.758,-9.66,261.77261,,,,,,,,,,,,
TRAHCBD128F9336A3E,Sweet & Dandy,Toots & The Maytals,163.748,-5.914,169.53424,,,,,,,,,,,,
TRAHCDJ128F9310F1C,When I Grow Up,Fever Ray,122.934,-6.637,359.36608,,,,,,,,,,,,
TRAHCHN128F4276D58,Somos Gitanos,Gipsy Kings,118.056,-5.057,222.92853,,,,,,,,,,,,
TRAHCNT128EF360EFD,Gaviota Traidora,Flor Silvestre,109.518,-10.601,150.12526,,,,,,,,,,,,
TRAHCQZ12903CFF0B9,I Remember,Patrick Lamb,93.041,-5.536,290.37669,,,,,,,,,,,,
TRAHCRI128F4255C6E,Let Me Go Home Whiskey,Asleep At The Wheel,142.479,-16.261,254.58893,,,,,,,,,,,,
TRAHCTH128F9330B4A,The Last Round,Amoral,141.746,-5.532,520.88118,,,,,,,,,,,,
TRAHCUE128F935916E,You've Never Been Right - (Live In Boston_ MA 2008),Melvins,115.007,-14.682,165.38077,,,,,,,,,,,,
TRAHCVT128F4282806,Magdalaine,L.A. Guns,150.3,-9.244,398.44526,,,,,,,,,,,,
TRAHCZO128F933EA9B,Luv,Stan,119.965,-9.147,254.95465,,,,,,,,,,,,
TRAHDCA128F92E8221,Insanity,S.U.P,78.601,-7.803,369.24036,,,,,,,,,,,,
TRAHDIR12903CEB9EE,Wichita Cathedral [live],Butthole Surfers,108.251,-6.367,165.38077,,,,,,,,,,,,
TRAHDJK128F934281D,Si Yo Tuviera,Los Brujos,148.748,-16.397,36.54485,,,,,,,,,,,,
TRAHDJL128F9305B80,Piece Of My Heart,Janis Joplin,80.455,-10.561,266.23955,,,,,,,,,,,,
TRAHDKE12903CD4C45,Better,Vivian,140.08,-5.001,184.63302,,,,,,,,,,,,
TRAHDNJ128F4241432,The Heretic Anthem (Live version) (Album Version),Slipknot,163.007,-7.35,397.24363,,,,,,,,,,,,
TRAHDQV12903D08C3A,II Allegro,Varios,144.478,-24.877,165.66812,,,,,,,,,,,,
TRAHDSD12903CFE7D0,Merzwaltz,Atom,108.069,-12.643,331.88526,,,,,,,,,,,,
TRAHDSO128F426B033,No More Blues,Jimmy Wyble,80.016,-18.891,181.96853,,,,,,,,,,,,
TRAHDUP128F9332D64,Ugly Like Me (Demo Version),Die Symphony,160.184,-7.249,231.67955,,,,,,,,,,,,
TRAHDXD128F4264AA2,Hot Night Downtown,Charlie Peacock,118.155,-9.535,202.34404,,,,,,,,,,,,
TRAHDYQ128F930CE03,Tootie Blues,Paul Geremia,116.318,-14.554,204.56444,,,,,,,,,,,,
TRAHEAC128F4266DA2,The Old Rugged Cross (Medley)  (Love To Tell The Story Album Version),Andy Griffith,102.402,-14.701,215.48363,,,,,,,,,,,,
TRAHECO128F9360EB4,Obstacles in My Way,Walter Trout,166.411,-8.392,233.24689,,,,,,,,,,,,
TRAHEDB128F42131D2,No Bad Oral Sex / Dick Dessert,Monique Marvez,121.075,-10.825,639.60771,,,,,,,,,,,,
TRAHEEQ128F4237D87,When The Sun Comes Out,Dancecore Allstars,95.298,-5.317,223.29424,,,,,,,,,,,,
TRAHEEY128F9335ECD,Face Drop,Sean Kingston,168.02,-3.426,184.58077,,,,,,,,,,,,
TRAHEII128F9307D9A,Gone Dead On You Blues,Blind Lemon Jefferson,132.59,-24.321,165.35465,,,,,,,,,,,,
TRAHEPA128F4285D9E,Chagall(OS),Mei Chi Chiang,150.933,-21.585,73.03791,,,,,,,,,,,,
TRAHEPG12903CAECB2,Les chasseurs d'esclaves,Gabriel Yared,111.034,-13.005,118.83057,,,,,,,,,,,,
TRAHEQC128F42153D6,La Marca De Tus Labios,Sergio Dalma,124.008,-6.213,279.24853,,,,,,,,,,,,
TRAHESU12903CDC17F,Sea Of Heartbreak,Zombina & The Skeletons,120.848,-8.017,198.16444,,,,,,,,,,,,
TRAHEUP12903CA1AFC,Ammunition,The Jane Shermans,140.143,-6.299,235.49342,,,,,,,,,,,,
TRAHEWR128F422BDF8,I Love This Town,Bon Jovi,134.293,-3.38,286.35383,,,,,,,,,,,,
TRAHEWU128F4279CAF,Miserere: XII. Ne Projicias,Dan Shen_ Gruppo Vocale Cantemus_ Ensemble Airone_ Luigi Marzola,48.942,-30.978,42.70975,,,,,,,,,,,,
TRAHEYD128F934A130,Got To Find My Little Woman,Blind Boy Fuller,87.899,-14.243,151.19628,,,,,,,,,,,,
TRAHFAH12903CA7F20,So In Love,Bescenta,126.631,-7.414,243.1473,,,,,,,,,,,,
TRAHFAO12903CBCD36,The Happy Organ,"Dave ""Baby"" Cortez",185.559,-11.19,125.6224,,,,,,,,,,,,
TRAHFCR128F422A375,Quartier Latin,Bloomfield,179.987,-10.87,277.39383,,,,,,,,,,,,
TRAHFHR12903CCCAF8,Can You Dance With Me?,Andrew W.K.,161.874,-2.445,127.4771,,,,,,,,,,,,
TRAHFLM128F426FD27,Buddy and Santa's Flight,John Debney,83.95,-17.712,74.762,,,,,,,,,,,,
TRAHFOU128F42B3F2A,Outro,Rakim,50.059,-22.214,79.93424,,,,,,,,,,,,
TRAHFPA128F14A473A,Out Of The Blue,Tommy James And The Shondells,133.312,-11.693,146.02404,,,,,,,,,,,,
TRAHFPF12903CCAF15,Wide Awake In A Dream,Coraleena Ellis,88.015,-12.198,250.77506,,,,,,,,,,,,
TRAHFQG128F149892A,Satin Doll,Terry Callier,92.927,-19.933,258.19383,,,,,,,,,,,,
TRAHFSC128F92EACAB,The Raggle Taggle Gypsy,The Chieftains,210.957,-6.984,187.92444,,,,,,,,,,,,
TRAHFWJ128F92C9F86,No Night In Zion - Original,Count Ossie,137.714,-14.835,234.9971,,,,,,,,,,,,
TRAHFYH128F92CE223,Shogun [with fade_ for special edition],Trivium,140.112,-4.002,678.76526,,,,,,,,,,,,
TRAHGAF128F930468E,The Quality of Life,Charlie Peacock,137.158,-6.02,133.3024,,,,,,,,,,,,
TRAHGCI128F14ACB7D,Drown The Dog!,Elmer Bernstein,83.255,-19.583,231.67955,,,,,,,,,,,,
TRAHGGG12903CEA033,Baby I,Peter Spence,97.284,-9.974,277.41995,,,,,,,,,,,,
TRAHGGH128F425529F,Pata Pata,Vusi Mahlasela,137.942,-6.144,273.31873,,,,,,,,,,,,
TRAHGHP128F9305799,Charley_ My Boy,Eddie Cantor,125.361,-19.052,168.88118,,,,,,,,,,,,
TRAHGJZ12903CCEA63,Choral : Komm_ Heiliger Geist_ BuxWV 199 (Remasterisé En 2010),Lionel Rogg,68.388,-22.737,203.44118,,,,,,,,,,,,
TRAHGMB128F9335BC9,Atotonilco,Marimba Alma De Chiapas De Juan Palacios,147.597,-10.033,182.02077,,,,,,,,,,,,
TRAHGMC128F92FB531,When The Saints Go Marching In,Precious Bryant,130.453,-11.425,164.8322,,,,,,,,,,,,
TRAHGMV128F92CD444,Town Topic (Instrumental),Casiotone For The Painfully Alone,125.663,-7.807,115.17342,,,,,,,,,,,,
TRAHGRQ128F9307C90,Player No More,Singing Melody,162.155,-13.533,179.93098,,,,,,,,,,,,
TRAHGSZ128F930C9A6,Waterfall,Jeff Wahl,243.195,-23.366,43.88526,,,,,,,,,,,,
TRAHGVP128F934B26C,Out In The Street (Live In Cleveland_ Ohio),UFO,87.097,-9.314,310.41261,,,,,,,,,,,,
TRAHGXT12903CF1566,Humppa,Kapelle Herrenweide,109.293,-12.246,214.36036,,,,,,,,,,,,
TRAHHAY12903CD8B6F,Easier By Now,Jamie Richards,84.069,-8.592,202.91873,,,,,,,,,,,,
TRAHHBV128F930B736,Spirit and Machine,Marcelo Radulovich,88.648,-12.373,85.15873,,,,,,,,,,,,
TRAHHJP128F9352A3C,Track TAKE FIVE,Antonio Koudele,117.298,-14.881,175.90812,,,,,,,,,,,,
TRAHHJY12903CA73BD,Porcelain Man,John Debney,91.249,-32.637,76.79955,,,,,,,,,,,,
TRAHHMM128F932D5D9,Turntable Terrorist,Sonic Subjunkies,149.853,-10.22,327.73179,,,,,,,,,,,,
TRAHHMV12903CD0B0D,PDA,Backstreet Boys,122.988,-5.98,228.38812,,,,,,,,,,,,
TRAHHPE128F934AC3B,(Wake Up) Time to Die,Lizzy Borden,107.886,-9.657,371.19955,,,,,,,,,,,,
TRAHHSV128F42374E3,I Only Have Eyes For You (Album Version),John Stevens,244.366,-12.785,245.44608,,,,,,,,,,,,
TRAHHUN128F4227029,Jody,Eddie Turner,107.053,-3.879,278.30812,,,,,,,,,,,,
TRAHHVA128F424ED80,Dept. Of Youth,Pretty Boy Floyd,139.947,-13.434,179.48689,,,,,,,,,,,,
TRAHHZJ12903CF6D48,Where the Rats 3,DJ Slugo,160.129,-9.868,287.55546,,,,,,,,,,,,
TRAHIBI128F42390D0,Turn Around (LP Version),Chris Rodriguez,121.101,-5.439,209.52771,,,,,,,,,,,,
TRAHIGT12903CC04A8,Hary Janos Suite : VI. A csaszari udvar bevonulasa (Entrance of the Emperor and his Court),Neeme Jarvi,131.118,-17.382,194.48118,,,,,,,,,,,,
TRAHIJE128F4243356,Horrible,Jack Off Jill,177.866,-12.625,149.36771,,,,,,,,,,,,
TRAHIPA128F4279744,Another Year,K's Choice,171.648,-11.622,207.56853,,,,,,,,,,,,
TRAHIRO128F93093A1,Noches Arabes,Los Fabulosos Cadillacs,0,-15.909,187.0624,,,,,,,,,,,,
TRAHISQ128F4243C7B,Aurora,NAZCA PERU,147.734,-6.22,159.45098,,,,,,,,,,,,
TRAHIWK12903CB0F3F,Hatesex (Reborn),Hatesex,126.955,-10.203,376.08444,,,,,,,,,,,,
TRAHIXN128F147F25D,Ridin' High,The Impressions,116.122,-7.293,143.15057,,,,,,,,,,,,
TRAHIZA128F14ADC50,Circle Of Hands (For A Time Like This Album Version),Sheila Walsh,88.012,-9.475,332.01587,,,,,,,,,,,,
TRAHIZR128F148D3D1,Memphis In The Meantime,John Hiatt,181.355,-8.626,239.5424,,,,,,,,,,,,
TRAHJCI128F92FFB38,Knowledge Is King,Kool Moe Dee,107.905,-16.205,219.76771,,,,,,,,,,,,
TRAHJPC128F4268DC7,Decir Adios,Carlos Ponce,84.631,-8.704,269.97506,,,,,,,,,,,,
TRAHJTK128F42837BF,Piano Sonata No. 28 in A Op. 101 (1993 Digital Remaster): III.    Adagio_ ma non troppo,Solomon,90.987,-30.381,150.88281,,,,,,,,,,,,
TRAHKCD128F42969ED,Pranafestation,Desert Dwellers,86.675,-11.128,406.17751,,,,,,,,,,,,
TRAHKEG12903CDB829,Sleeping My Day Away [Live],D.A.D.,148.856,-9.217,283.16689,,,,,,,,,,,,
TRAHKGQ128F1458CAB,Collapsar,Brand X,158.578,-27.885,95.76444,,,,,,,,,,,,
TRAHKLC12903CC632E,Let's Get It Started,Black Eyed Peas,107.199,-5.939,223.03302,,,,,,,,,,,,
TRAHKMS128F934B09E,There Will Be Blood Tonight,Lizzy Borden,115.418,-3.053,235.65016,,,,,,,,,,,,
TRAHKND128F935E15F,Sentimental Journey,The Merry Macs,118.096,-11.897,140.59057,,,,,,,,,,,,
TRAHKNW128F9312CFD,Harlem Shuffle,Righteous Brothers,103.225,-8.602,188.55138,,,,,,,,,,,,
TRAHKOV128F4295F9C,Step 2 It,Pinch feat. Rudey Lee,139.959,-9.989,260.30975,,,,,,,,,,,,
TRAHKOY128F9304B8F,I believe,Casual,85.652,-12.054,238.31465,,,,,,,,,,,,
TRAHKRO128F9320EA7,The Drop-Off,The Tragically Hip,165.224,-3.926,219.89832,,,,,,,,,,,,
TRAHKUS128F425ABD8,In The Name Of God (Gentle Revolution Album Version),Scott Krippayne,59.17,-14.587,244.87138,,,,,,,,,,,,
TRAHLDG128F92EB4A9,Tabloid Junkie,Michael Jackson,111.132,-6.779,272.71791,,,,,,,,,,,,
TRAHLDM128F933A3B1,Bubulina,Sui Generis,109.305,-14.886,319.00689,,,,,,,,,,,,
TRAHLDS12903CBADB8,Immonumental,Flowin Immo et Les Freaqz,51.714,-6.79,185.10322,,,,,,,,,,,,
TRAHLIF128F92E9CCF,Borrow Mine,Bebo Norman,144.022,-5.174,280.39791,,,,,,,,,,,,
TRAHLMD128F146A75F,Under The Palms,Photek,105.085,-15.006,157.3873,,,,,,,,,,,,
TRAHLNJ128F4214527,Limosna De Amores,Isabel Pantoja,128.502,-8.361,237.322,,,,,,,,,,,,
TRAHLQF12903CDB530,Superstar,BigElf,120.07,-4.456,225.59302,,,,,,,,,,,,
TRAHLUE128F92D94BD,Seis Perlas Cubanas,Orquesta Sublime,208.737,-10.501,172.85179,,,,,,,,,,,,
TRAHLVM128F9302BEE,Rebelion,Juanes,196.106,-5.821,332.5122,,,,,,,,,,,,
TRAHLVW128F426684F,Mi Alma Esta Enamorada,Bobby Pulido,199.826,-9.433,233.06404,,,,,,,,,,,,
TRAHLZV128F42570AF,Pish Tash,Mish Mash,126.785,-11.123,202.68363,,,,,,,,,,,,
TRAHMAA128F4267747,Hao Lai Hao Qu,Alex Fong,162.987,-5.732,191.97342,,,,,,,,,,,,
TRAHMAJ12903CA6CCB,Moving Up,Gustavo Santaolalla,150.028,-17.746,95.58159,,,,,,,,,,,,
TRAHMGK128F423AB8B,Did You Ever Go Sailin',Isaacs,103.694,-14.665,194.01098,,,,,,,,,,,,
TRAHMIV128F14693DC,Nobody's Perfect,Mike And The Mechanics,97.882,-6.951,283.24526,,,,,,,,,,,,
TRAHMLN128E0786AC2,Tigers Fucking (Spoken Word) (Album Version),Joe Rogan,83.99,-11.926,356.362,,,,,,,,,,,,
TRAHMLW128F92D9D82,Vollmond,In Extremo,110.133,-5.065,297.45587,,,,,,,,,,,,
TRAHMME128F9324425,This Train (Munk Edit),Who Made Who,137.924,-6.743,480.96608,,,,,,,,,,,,
TRAHMQV12903CB2DB7,Give Your Heart a Home,Don Francisco,103.584,-15.636,280.73751,,,,,,,,,,,,
TRAHMWO128F42A2181,Real McKoy Feat. Busy Signal,Mavado,125.348,-6.088,211.30404,,,,,,,,,,,,
TRAHNBF128F93432EC,Catch Me In The Morning (Album Version),Doug Sahm Tex Mex Trip,140.945,-15.016,307.51302,,,,,,,,,,,,
TRAHNDR128F4282683,No Comprimise_ No Regrets,Hanoi Rocks,126.105,-3.764,240.66567,,,,,,,,,,,,
TRAHNFO128F92EB631,La Vida Eres,Orquesta Sublime,134.923,-8.742,185.75628,,,,,,,,,,,,
TRAHNGN12903CBDF59,Missing,Nicola Fasano feat. Paula B.,84.032,-7.329,220.31628,,,,,,,,,,,,
TRAHNHL128F14A4DDD,Peer Gynt - Incidental Music (2004 Digital Remaster): 4.   In the Hall of the Mountain King,Staatskapelle Dresden/Herbert Blomstedt,100.005,-19.897,158.92853,,,,,,,,,,,,
TRAHNKH128F93426EC,A la Hora,Ocho y Media,62.78,-3.638,278.17751,,,,,,,,,,,,
TRAHNMN128F932DA8E,Destroy 2000 Years Of Culture,Atari Teenage Riot,114.037,-5.054,231.47057,,,,,,,,,,,,
TRAHNPU128F42AEE9C,Crack,RUN-DMC,96.686,-6.905,101.74649,,,,,,,,,,,,
TRAHNQU128F429FA26,Stand By Me (Freedom Band Album Version),Bill & Gloria Gaither,40.27,-18.34,207.41179,,,,,,,,,,,,
TRAHNSH128F425346F,Birdies,Danny Elfman,99.987,-25.368,98.84689,,,,,,,,,,,,
TRAHNVN128F933EBE8,Evil Ways,Otis Spann,115.38,-23.893,233.63873,,,,,,,,,,,,
TRAHNXA128F92E57A9,Tramonto Etnico,Daniela Dessì,89.978,-14.767,201.22077,,,,,,,,,,,,
TRAHOBV128F933CE68,Distant Voices,Atman,91.007,-11.783,268.22485,,,,,,,,,,,,
TRAHODY128F92F6CB6,Give Me Your Word,Frank Ifield,101.335,-14.712,152.18893,,,,,,,,,,,,
TRAHOEP128F42591ED,Tudo E Ilusao (1997 Digital Remaster),Clara Nunes,104.709,-12.665,188.44689,,,,,,,,,,,,
TRAHOHJ128F930F305,Hurry Hurry Baby (Dj Edit),Fyah Blaze,121.407,-6.634,62.92853,,,,,,,,,,,,
TRAHOIN128F1473575,Improv #1,Gonzalo Rubalcaba,72.071,-24.57,206.00118,,,,,,,,,,,,
TRAHOLR12903CD4869,Kids In the Store,George Lopez,83.883,-15.336,261.51138,,,,,,,,,,,,
TRAHOOP128F42B62AB,Losing Weight Part 2,Cam'Ron / Juelz Santana,110.57,-6.426,366.05342,,,,,,,,,,,,
TRAHORF12903CDA9FB,Fingerprints,Minipop,160.051,-4.993,163.00363,,,,,,,,,,,,
TRAHOSA128EF34B865,Star,Krystof,105.157,-7.016,301.24363,,,,,,,,,,,,
TRAHOSP128F4260E9B,Jody,Jeff Beck Group,159.415,-12.569,367.46404,,,,,,,,,,,,
TRAHOSZ12903CA58F1,Love Without Fear,Katie Armiger,155.926,-6.156,288.28689,,,,,,,,,,,,
TRAHOUO12903CB8F75,Rain Please Go Away,The Del McCoury Band,104.79,-11.68,161.95873,,,,,,,,,,,,
TRAHOVC128F4297419,Goofy Golf,Mack and Jamie,76.125,-21.685,65.95873,,,,,,,,,,,,
TRAHOWC128F9337C07,Get Back,F4,135.064,-10.432,279.32689,,,,,,,,,,,,
TRAHPAY12903CCD787,Peace Prayer,Dhamika,66.691,-17.045,439.17016,,,,,,,,,,,,
TRAHPBE128F93071CF,The Legionnaire,K.T. Oslin,192.027,-3.082,250.5922,,,,,,,,,,,,
TRAHPBP128E079367D,On The Boards,Taste,161.529,-13.839,362.03057,,,,,,,,,,,,
TRAHPHY128F9345BA0,Life,Cece Winans,124.332,-7.181,248.99873,,,,,,,,,,,,
TRAHPJP128F92F7661,Meditations,Joanna Connor,86.475,-15.493,174.602,,,,,,,,,,,,
TRAHPKH128F423764D,You Made The Difference To My Life (LP Version),Ben E. King,208.338,-12.652,339.66975,,,,,,,,,,,,
TRAHPNB12903CCB8FA,She Will Never Let Me Down,Toots & The Maytals,115.75,-9.969,125.88363,,,,,,,,,,,,
TRAHPOB128F42B1E55,Flash_ Crash and Thunder,The LeRoi Brothers,121.666,-7.093,126.53669,,,,,,,,,,,,
TRAHPQQ128F428CC41,Pus-Filled Carcass,Hemdale,122.678,-9.329,166.68689,,,,,,,,,,,,
TRAHPUC128F92D1EC3,Death Don't Have No Mercy,Hot Tuna,116.806,-15.202,375.562,,,,,,,,,,,,
TRAHQBJ12903CAB1FA,Stranger In My Room,Year Long Disaster,166.025,-4.776,222.04036,,,,,,,,,,,,
TRAHQDQ128F421F629,Sabina,Sam Fan Thomas,135.458,-12.398,433.42322,,,,,,,,,,,,
TRAHQEJ128F92E3C3B,I'm Going Around In Circles,Jimmy Witherspoon,53.672,-12.546,191.9473,,,,,,,,,,,,
TRAHQHC128F42A77D8,Bubbles in My Beer,Bob Wills,86.197,-15.987,137.42975,,,,,,,,,,,,
TRAHQHK128F4288FC7,Sangre americana,Bacilos,156.002,-5.047,229.32853,,,,,,,,,,,,
TRAHQKP128F931FFD1,Hip Hug Her,Jimmy McGriff,105.509,-13.331,272.09098,,,,,,,,,,,,
TRAHQKV12903CB6CA9,Wigue,Dobet Gnahoré,142.782,-15.912,46.21016,,,,,,,,,,,,
TRAHQNV12903CECAB0,In Place Of Love [edit],Terminal 11 feat. b.b0Nd,127.355,-7.769,114.83383,,,,,,,,,,,,
TRAHQST128F9343EB6,Grin'in In Ya Face,Smidi Beats,139.167,-8.441,190.35383,,,,,,,,,,,,
TRAHQWU128F4277B78,Of Myth And Men (Album Version),Red I Flight,92.439,-5.033,259.29098,,,,,,,,,,,,
TRAHQYK128F426A82F,Are We Mindless?,Headhunter,173.985,-5.068,284.9171,,,,,,,,,,,,
TRAHQZX12903CC457C,Playing the Role of God,Adrenaline,146.879,-5.621,231.96689,,,,,,,,,,,,
TRAHRDL128F92FC334,World Of The Video Game,Shinehead,140.281,-12.955,227.34322,,,,,,,,,,,,
TRAHRGA12903CBB8AA,My Mind Is Gone,3 Steps Ahead,74.551,-16.459,45.50485,,,,,,,,,,,,
TRAHRIG12903CC4871,Prove Something (explicit album version),Fat Joe,159.499,-3.775,235.17995,,,,,,,,,,,,
TRAHRIN128F9314D58,Arrivederci Roma,Sergio Franchi,90.098,-17.962,203.72853,,,,,,,,,,,,
TRAHRJN128F42ACA90,Christelle Est Une Ordure,Bénabar,100.312,-14.658,224.9922,,,,,,,,,,,,
TRAHRKC128F9335A7B,Burlesque burglary,Cool cavemen,90.267,-4.774,261.8771,,,,,,,,,,,,
TRAHRLI128F933D96F,Mine Yuh Business,Johnny Osbourne,85.714,-10.901,209.162,,,,,,,,,,,,
TRAHRMY128F427D064,Encore,Roni Size,87.618,-2.904,268.9824,,,,,,,,,,,,
TRAHRNT12903D0F8C3,Are You Home,Singing Melody Feat. Robyn,97.289,-5.688,213.31546,,,,,,,,,,,,
TRAHROM128F9308F9B,I Love It [Clubstar Remix],Sneaky Sound System,145.032,-6.424,342.02077,,,,,,,,,,,,
TRAHRPF128F4252CB3,Punjabian Di Chale Glassi,Bally Sagoo,96.043,-12.686,282.25261,,,,,,,,,,,,
TRAHRQI128F422BF78,No La Dejes Sola,Los Titanes,103.548,-6.453,214.17751,,,,,,,,,,,,
TRAHRRS128F4282F7A,Mystic River,Blue Rodeo,121.795,-7.225,251.402,,,,,,,,,,,,
TRAHRSA128F93235CB,Romance,Whitney Cummings,106.41,-4.429,48.63955,,,,,,,,,,,,
TRAHRWJ12903CFACFF,Unconditionally (Soul and R&B),Willie Clayton,141.992,-8.681,279.7971,,,,,,,,,,,,
TRAHSAP128F42578CE,Lu Ren Jia,Justin,79.098,-9.225,233.92608,,,,,,,,,,,,
TRAHSAW128F4253EFC,Rock Of Gibraltar,Nick Cave & The Bad Seeds,158.404,-8.537,180.03546,,,,,,,,,,,,
TRAHSFC128F9303E8E,O Come All Ye Faithful,Nando Lauria,106.658,-12.928,210.52036,,,,,,,,,,,,
TRAHSHB128F426E253,Blue Yodel No. 1(T For Texas),Charlie McCoy,136.208,-14.807,157.93587,,,,,,,,,,,,
TRAHSHQ128F4259072,Maldito Amor Featuring Tito El Bambino (Version Urbana),Andy Andy,88.578,-6.845,220.49914,,,,,,,,,,,,
TRAHSIB128E0784FEA,Holly & The Ivy (Album Version),Danny Wright,111.549,-20.578,239.5424,,,,,,,,,,,,
TRAHSIK12903CD4EB1,Three Bells / Les 3 cloches,Leon Russel,91.289,-14.135,259.91791,,,,,,,,,,,,
TRAHSJR12903CBF093,I Promise My Heart,Ross,135.826,-9.233,68.49261,,,,,,,,,,,,
TRAHSKG128F426A89A,Hide Thou Me,Oak Ridge Boys,65.573,-16.866,192.05179,,,,,,,,,,,,
TRAHSMY12903CE37E5,Melody,Kerson,125.037,-10.249,396.5122,,,,,,,,,,,,
TRAHSPW128F149867A,Cordeiro De Nana,João Gilberto / Gilberto Gil / Caetano Veloso,113.515,-22.659,77.00853,,,,,,,,,,,,
TRAHSQL128F4288AC7,Narrow Grave,Army of the Pharoahs,92.236,-5.995,129.69751,,,,,,,,,,,,
TRAHSRU12903CBBA9F,C'est moi le mari,Jean Gabin,88.915,-10.499,193.27955,,,,,,,,,,,,
TRAHSSO128EF347345,Derek Taylor - Introduction,The Beatles,112.361,-47.664,53.78567,,,,,,,,,,,,
TRAHSTL128F931708D,No One,Streetwize,93.001,-8.723,265.58649,,,,,,,,,,,,
TRAHSWZ128F9332296,Juguete,Cheo Feliciano,165.346,-6.071,269.26975,,,,,,,,,,,,
TRAHSYA128F428143A,I Put a Spell on You,Screamin' Jay Hawkins,130.335,-6.56,211.33016,,,,,,,,,,,,
TRAHTBV128F933668F,Luminous Bliss,Atman,118.058,-8.732,290.48118,,,,,,,,,,,,
TRAHTDA128F147A055,S.O.S.,A-Studio,127.574,-7.625,177.81506,,,,,,,,,,,,
TRAHTEK128F4214840,Le Théâtre / Bof L'Important C'Est D'Aimer,Georges Delerue,178.63,-24.953,130.66404,,,,,,,,,,,,
TRAHTGS12903CDC5E8,Can't Hold Back,Bellatrax feat. Tina Cousins,128.006,-7.475,410.90567,,,,,,,,,,,,
TRAHTHN128F93309DB,Boat Day At the Marina,Forensics,145.521,-7.992,289.98485,,,,,,,,,,,,
TRAHTIM128F1475DBA,Why We Thugs (edited version),Ice Cube,99.095,-5.815,224.02567,,,,,,,,,,,,
TRAHTLO128F934063E,La Luna Enamora - Original,Bobby Capo,77.788,-10.509,178.25914,,,,,,,,,,,,
TRAHTNH12903CAB43D,When Will I Be Loved,Sandy Posey,120.92,-12.892,125.36118,,,,,,,,,,,,
TRAHTOP128F429484D,Gangsta's Fairytale 2 (Explicit),Ice Cube,87.102,-6.353,198.86975,,,,,,,,,,,,
TRAHTPW128F4285343,Fanfare For Freedom,US Coast Guard Band,120.317,-16.657,106.16118,,,,,,,,,,,,
TRAHTWM12903CA1BC9,Are We Really Doing Your Will,The Winans,139.224,-12.515,252.49914,,,,,,,,,,,,
TRAHTXN128F933746C,Religion,Kathleen Madigan,79.952,-16.007,225.61914,,,,,,,,,,,,
TRAHTZF128F4229377,Contessa Entellina,Stephan Micus,82.581,-25.395,274.65098,,,,,,,,,,,,
TRAHTZN128F421A41F,Again,Radney Foster,140.595,-5.384,208.14322,,,,,,,,,,,,
TRAHUAG12903D07658,Drummer Boy,The Clark Sisters,108.584,-8.691,283.0624,,,,,,,,,,,,
TRAHUAW128F425BA0B,Heiliges Feuer,A Challenge Of Honour,120.059,-13.459,242.28526,,,,,,,,,,,,
TRAHUCB128F930E732,Un Amor En El Olvido,Marisela,84.81,-9.437,200.28036,,,,,,,,,,,,
TRAHUEG128F932C5FC,Bar Talk,Ed Calle,116.034,-6.803,253.51791,,,,,,,,,,,,
TRAHUGP128F93173B9,Fair Diana,Johnny Keating & All Stars,118.617,-13.567,160.31302,,,,,,,,,,,,
TRAHUGQ128F92FF08F,Happy Cycling,Boards of Canada,100.013,-13.207,472.52853,,,,,,,,,,,,
TRAHUHP128F424BD36,Cursed Again,MU330,126.274,-7.554,132.44036,,,,,,,,,,,,
TRAHULA128F92CC05F,Old Friends,Simon & Garfunkel,149.9,-23.964,130.76853,,,,,,,,,,,,
TRAHULL128F92DDBFB,For Me And My Gal,Ed Ames,134.56,-11.467,154.30485,,,,,,,,,,,,
TRAHUQF128F934EF0C,Freedom,Jah Cure,85.731,-6.304,287.65995,,,,,,,,,,,,
TRAHUQT128F4281228,We Will Rock You,Nickelback,161.909,-5.535,119.7971,,,,,,,,,,,,
TRAHUSK128F14AD120,Personal Tragedy,Ron Goodwin,61.409,-19.995,47.51628,,,,,,,,,,,,
TRAHUTQ128F4254D9A,Better Way Of Life,George Nooks,149.827,-5.641,223.50322,,,,,,,,,,,,
TRAHUVQ12903D05C14,Double Jig: The Rolling Wave,Willie Clancy,145.635,-11.367,105.74322,,,,,,,,,,,,
TRAHUWM128F42801C0,I'm Amazing,Keb' Mo',88.746,-10.981,194.48118,,,,,,,,,,,,
TRAHUYG128F92FE8DB,Frontiers (LP Version),Bela Fleck And The Flecktones,227.48,-20.335,368.53506,,,,,,,,,,,,
TRAHUZS12903C9D9DD,Roman Empire,P.o.d,128.961,-10.012,159.76444,,,,,,,,,,,,
TRAHUZW128F92FB27F,Urbania,Statues,107.892,-8.873,211.01669,,,,,,,,,,,,
TRAHVBC12903CEF90F,Thank You Mama,The Jackson Southernaires,129.034,-13.795,248.99873,,,,,,,,,,,,
TRAHVBF12903CB81F3,Gone But Not Forgotten,The Del McCoury Band,170.079,-7.659,188.49914,,,,,,,,,,,,
TRAHVDM12903CD4C4C,Celebration,Vivian,105.004,-4.373,182.62159,,,,,,,,,,,,
TRAHVGN128F1484412,Pushing Me Away (Album Version),Linkin Park,103.129,-4.78,190.30159,,,,,,,,,,,,
TRAHVMI128F93235CD,Porn,Whitney Cummings,145.562,-4.314,78.91546,,,,,,,,,,,,
TRAHVRW128F92F15FE,Why Don't You Spend The Night,Ronnie Milsap,113.86,-10.415,251.27138,,,,,,,,,,,,
TRAHVUH128F4295249,Time Will Crawl (Extended Dance Mix),David Bowie,121.842,-11.085,369.13587,,,,,,,,,,,,
TRAHVUK128F1456988,The Ultimate,The Roots,94.819,-2.664,237.58322,,,,,,,,,,,,
TRAHVVX128F4273BCC,All Too Human,The Flies,95.051,-11.814,222.40608,,,,,,,,,,,,
TRAHVWT128F148D428,Mr. Bozack,EPMD,173.423,-11.498,159.26812,,,,,,,,,,,,
TRAHVYQ128F429826B,Razamataz,Bruce BecVar,45.43,-12.778,226.82077,,,,,,,,,,,,
TRAHVZW128F146477A,Use Of A Weapon (Album Version),Between The Buried And Me,179.406,-5.765,291.39546,,,,,,,,,,,,
TRAHWBI128F4234331,Confused,Deborah Coleman,127.122,-3.432,209.44934,,,,,,,,,,,,
TRAHWBP12903CAEBFC,Evenfall,Dark Fortress,127.817,-3.832,336.16934,,,,,,,,,,,,
TRAHWEI128F4287988,Fleeting sound,Time Factory,89.335,-6.612,243.56526,,,,,,,,,,,,
TRAHWMN128F145DB77,Hoy,Emilio,198.118,-13.718,165.27628,,,,,,,,,,,,
TRAHWNG128F932AFB7,Down On My Knees,Ayo,182.705,-10.372,240.95302,,,,,,,,,,,,
TRAHWOM128F933A1A1,No Sé  Lo Que Hacer,Los Auténticos Decadentes,121.834,-9.341,199.8624,,,,,,,,,,,,
TRAHWSF128F934B190,Intro,The Germs,64.259,-16.673,82.9122,,,,,,,,,,,,
TRAHWXL12903CDCF8C,Represent,Deathstar,142.253,-5.766,122.56608,,,,,,,,,,,,
TRAHXBP128F92E7528,Garden Of Eden,Donna The Buffalo,130.545,-6.079,231.73179,,,,,,,,,,,,
TRAHXEG128F428F1EC,Be With Me,Mindy McCready,88.942,-9.018,231.33995,,,,,,,,,,,,
TRAHXFG12903CCED81,Strange Kinda Feeling (Take 4),Elmore James,172.9,-10.985,57.39057,,,,,,,,,,,,
TRAHXGG128F9350452,Right Now,Korn,210.691,-6.738,185.93914,,,,,,,,,,,,
TRAHXHO128F933934B,Black Betty,Pat Travers,114.083,-8.665,239.0722,,,,,,,,,,,,
TRAHXJE12903CB8095,Jingle Bell Rock,Bobby Russell,137.959,-14.945,130.71628,,,,,,,,,,,,
TRAHXKA128F426E903,U Never Nu How Good U Had It,Lisa Lisa & Cult Jam (featuring Full Force),107.944,-7.311,285.12608,,,,,,,,,,,,
TRAHXKC128F4264AC1,Mulin' Around,Sugarman Three,135.525,-6.692,200.35873,,,,,,,,,,,,
TRAHXMC128F4267B70,Knowledge Of Self (Evol Intent Remix),BT,136.897,-6.21,253.07383,,,,,,,,,,,,
TRAHXOI128F93254C8,Swinging Down the Lane,Gisele MacKenzie,121.078,-13.298,178.88608,,,,,,,,,,,,
TRAHXRA128F9339E18,Sex Will Sell,Faking David,107.303,-8.101,196.54485,,,,,,,,,,,,
TRAHXWA128F4265D32,Hook Of Holland,Eric Burdon,148.142,-9.951,271.64689,,,,,,,,,,,,
TRAHXWI128F428B7DA,Special Someone,Geggy Tah,103.046,-9.781,231.54893,,,,,,,,,,,,
TRAHXZJ128F930C784,McDermott's Fancy / Swans Among The Rushes / Chicago / The Swallow's Nest - (jig),Seamus Egan,61.82,-10.638,277.18485,,,,,,,,,,,,
TRAHYDH128F9325200,Piranha,Bumblefoot,98.784,-4.793,200.35873,,,,,,,,,,,,
TRAHYFB128F4280BB8,Fixin' To Die Blues,Bukka White,107.081,-14.873,172.30322,,,,,,,,,,,,
TRAHYFE128F4273577,I Can't,Foxy Brown / Total,97.143,-3.848,287.7122,,,,,,,,,,,,
TRAHYHQ12903C9D013,Sublime Control,:Blacks On :Blondes,124.969,-7.085,383.58159,,,,,,,,,,,,
TRAHYLE128F1494718,Arnold Layne,David Gilmour Featuring Richard Wright,138.43,-7.204,202.1873,,,,,,,,,,,,
TRAHYLW128F92E3A44,Strangerhood,Schizoid,175.127,-24.2,244.6624,,,,,,,,,,,,
TRAHYMJ128E0787801,Venice Queen (Album Version),Red Hot Chili Peppers,88.57,-5.278,367.01995,,,,,,,,,,,,
TRAHYON12903CC36EF,People Like New (LP Version),Seven Mary Three,77.885,-10.133,238.10567,,,,,,,,,,,,
TRAHYRS128F4262BCE,Oute Mia Fora,Irini Merkouri,160.001,-7.788,237.81832,,,,,,,,,,,,
TRAHYVC128F421BB24,It's Not Unusual,Willie Bobo,113.552,-12.039,139.49342,,,,,,,,,,,,
TRAHYVL12903CC97AB,Running Sabotage,Johnny Pearson,107.93,-14.579,105.92608,,,,,,,,,,,,
TRAHZAL128F9323495,The Dance at The Gym,The Jets & The Sharks & Leonard Bernstein&The New York Philharmonic Orchestra,111.506,-14.953,185.99138,,,,,,,,,,,,
TRAHZBL128F4256274,Shi Qu Ni,Elva Hsiao,135.778,-6.916,287.92118,,,,,,,,,,,,
TRAHZCF128F9316036,Maudits anglois,Alexis HK,160.066,-12.215,202.57914,,,,,,,,,,,,
TRAHZET128F4271AA0,The Bubble,Tha Liks featuring King T,89.311,-5.17,251.6371,,,,,,,,,,,,
TRAHZFD12903C9AC7E,The Education Of Jamie,The Family Stand,122.691,-10.216,413.54404,,,,,,,,,,,,
TRAHZFG128F4275C87,Because - Part 1,Buddy Johnson,67.176,-10.03,171.38893,,,,,,,,,,,,
TRAHZFI128F92C21D6,Dios Bendiga,Andy & Lucas,143.855,-3.628,289.12281,,,,,,,,,,,,
TRAHZHD128F1462C2D,Soon Come (2002 Digital Remaster),Peter Tosh,92.643,-7.261,238.23628,,,,,,,,,,,,
TRAHZIL12903CF1DC2,If I Had My Way I'd Tear This Building Down,Blind Willie Johnson,164.641,-16.111,189.3873,,,,,,,,,,,,
TRAHZLK12903CA2DCA,Awake (Album Version),Onesidezero,86.844,-6.036,228.80608,,,,,,,,,,,,
TRAHZLT12903CBEE31,La Ley De La Vida,Fito Paez,124.989,-6.116,273.03138,,,,,,,,,,,,
TRAHZMM128E07838FF,Goodnight Girl,Wet Wet Wet,93.156,-4.925,257.25342,,,,,,,,,,,,
TRAHZNL128F9312B48,It's So Hard To Stumble (When You're Down On Your Knees),Lou Reid & Carolina,109.696,-9.063,145.94567,,,,,,,,,,,,
TRAHZOF12903CF3F75,Print,Jacob Young,77.635,-21.498,335.93424,,,,,,,,,,,,
TRAHZQF128F92F7F6C,An Afternoon On the Moon (Jet Jaguar's Remix),Rhian Sheehan,98.998,-12.88,200.77669,,,,,,,,,,,,
TRAHZQU128F92DDCAB,Rainin' In My Heart,The Fabulous Thunderbirds,110.98,-14.977,221.23057,,,,,,,,,,,,
TRAHZSF128F9324CED,Ai De Jie Shi,Leo Ku,110.007,-9.801,280.55465,,,,,,,,,,,,
TRAHZVZ128F9322915,Jokers and Thieves,Chris Vickery,141.868,-9.22,191.7122,,,,,,,,,,,,
TRAHZXW128F932FAFC,Doin' It,Riviera Regime,93.03,-5.572,275.22567,,,,,,,,,,,,
TRAHZXY128F930A09A,Wanna Be A Star,Kool Keith,181.208,-4.224,222.30159,,,,,,,,,,,,
TRAIACZ128F428C60A,Heard 'Em Say,Kanye West / Adam Levine,95.098,-11.38,204.5122,,,,,,,,,,,,
TRAIADF12903D0023E,Hot Cross Bun,Mikey Dread,132.088,-8.173,193.12281,,,,,,,,,,,,
TRAIAFH128F4271742,Please Come Home For Christmas,Lou Ann Barton,87.485,-10.733,241.26649,,,,,,,,,,,,
TRAIAFX128F92F7F4C,Existing Alone,Rhian Sheehan,42.782,-17.549,288.62649,,,,,,,,,,,,
TRAIAID128F4298FF9,Paint Ball,Mario Rosenstock,84.871,-11.924,199.57506,,,,,,,,,,,,
TRAIAIH128F9308AC7,Nena Neurótica,Alejandro Lerner,140.186,-5.585,199.54893,,,,,,,,,,,,
TRAIAJT12903CED2F9,Mule Get Up In The Alley,Cannon's Jug Stompers,95.227,-16.521,167.88853,,,,,,,,,,,,
TRAIAJU128F42581EF,Reach For The Ground,The Ghost Of Lemora,136.89,-7.105,208.69179,,,,,,,,,,,,
TRAIALS128F425A9E3,Calling Dr Zarkov,Robin Frederick,119.727,-12.237,272.01261,,,,,,,,,,,,
TRAIAMS128EF34DC1B,Black Tiger,Y&T,170.773,-8.112,275.9571,,,,,,,,,,,,
TRAIAOL12903CEB667,Telling Me Lies,Dolores Keane,114.093,-14.375,229.92934,,,,,,,,,,,,
TRAIAQH128F423B794,I Know A Man,Rev. Timothy Wright,208.51,-6.094,244.74077,,,,,,,,,,,,
TRAIAQY128F4291ECC,Love Ain't A Play Thing,Earl Hooker,94.1,-14.476,298.91873,,,,,,,,,,,,
TRAIARL12903CEE20A,Le bar du grand désir,Michèle Bernard,83.116,-12.838,232.38485,,,,,,,,,,,,
TRAIASV128F930BC5F,I'm Gonna Make Her Mine - Original,Billy Butler,113.204,-28.107,213.99465,,,,,,,,,,,,
TRAIATD128F9331CD6,I'll Show You Love,Usher,90.199,-7.275,283.89832,,,,,,,,,,,,
TRAIAUB12903CDFB3D,Small Axe,Bob Marley,101.121,-9.715,224.96608,,,,,,,,,,,,
TRAIAWE128F427700F,Zélé,Yodi's,84.672,-9.432,300.5122,,,,,,,,,,,,
TRAIBHP128F149C2ED,Holla Boyz Outro,Shade Sheist / DJ Vice / DJ Echo / Damizza,180.005,-6.016,88.39791,,,,,,,,,,,,
TRAIBHW128F146721B,Easter Parade (1992 Digital Remaster),Andy Russell,36.773,-15.413,188.682,,,,,,,,,,,,
TRAIBJP128F932B2FF,Green Fields  (Album Version),Eddie Cano,126.029,-15.71,152.99873,,,,,,,,,,,,
TRAIBMN128E0780C96,Evalia,Placebo,78.245,-10.942,260.75383,,,,,,,,,,,,
TRAIBWR128F42390B3,Gospel Train (LP Version),David Meece,162.995,-6.429,185.33832,,,,,,,,,,,,
TRAIBXJ128F4260700,Scenario,A Tribe Called Quest,102.829,-10.086,251.14077,,,,,,,,,,,,
TRAIBXQ128F425E6A5,My Party (Kenna Remix),Kings Of Leon,127.006,-6.205,225.27955,,,,,,,,,,,,
TRAIBYS12903CAE55D,Hole In The Coal,Pentangle,121.884,-17.15,159.68608,,,,,,,,,,,,
TRAIBZF128F4275B4A,Suite nupcial (directo Enjoy 07),Jaime Urrutia,72.91,-4.316,213.68118,,,,,,,,,,,,
TRAICBC128F932D9F6,Kick Jump - Part Jump,Cobra Killer,86.96,-10.672,112.19546,,,,,,,,,,,,
TRAICDV128F92EE216,Battle Of The Tom Tom,Shaman,138.001,-10.329,445.77914,,,,,,,,,,,,
TRAICEE12903D04035,Poaki,Nicholas,180.874,-12.504,152.68526,,,,,,,,,,,,
TRAICFW128F42ADB39,Smile,Marvin Sapp,97.022,-8.299,264.09751,,,,,,,,,,,,
TRAICGE128F930DFDE,I'm Poured Out Like Water,Tel Basta,120.349,-12.383,220.36853,,,,,,,,,,,,
TRAICHS128E0785545,"Dirty Movies"" (Album Version)",Van Halen,184.012,-6.635,248.00608,,,,,,,,,,,,
TRAICIL128F42598E2,The Sun Shines From You,Teenage Fanclub,127.811,-5.013,204.77342,,,,,,,,,,,,
TRAICIO12903CBD65B,Catalyst (LP Version),Epidemic,129.333,-5.192,205.19138,,,,,,,,,,,,
TRAICJQ12903CF2681,Ghastly Indoctrination,Dark Fortress,115.37,-7.57,459.33669,,,,,,,,,,,,
TRAICKK128F421847C,Rise,Eddie Turner,91.084,-6.398,306.78159,,,,,,,,,,,,
TRAICNK128F428E555,Vuelve Junto A Mi,Los Chichos,152.857,-8.707,242.80771,,,,,,,,,,,,
TRAICPJ128F42A047C,Toot Toot Dixie Bound,Birmingham Jubilee Singers,81.647,-14.886,184.00608,,,,,,,,,,,,
TRAICRD12903CDE044,Midnight Wind,Jimmy Wakely,88.314,-13.683,171.4673,,,,,,,,,,,,
TRAICUK128F425E594,Night Cruiser (Album Version),Deodato,113.52,-13.362,378.09587,,,,,,,,,,,,
TRAICXC12903CBC0FB,There Is a Way,Jeff & Sheri Easter,156.139,-8.17,241.99791,,,,,,,,,,,,
TRAIDBZ12903CF5A37,Assisted Suicide 2.5,X-Raided,84.973,-10.069,247.37914,,,,,,,,,,,,
TRAIDFK128F428A25D,Lian Ai Tian Chi,Kary Ng,90.139,-3.616,188.36853,,,,,,,,,,,,
TRAIDGE128F4260E9F,Ice Cream Cakes,Jeff Beck Group,98.087,-13.637,340.34893,,,,,,,,,,,,
TRAIDHP12903D09B15,Shagi po bitomu steklu,Malina,153.998,-5.497,239.72526,,,,,,,,,,,,
TRAIDIU128F92F11C7,If My Baby (LP Version),Mista,169.722,-5.2,259.3171,,,,,,,,,,,,
TRAIDMR128F9327232,Better Off That Way,Steve Smith,159.621,-7.992,270.99383,,,,,,,,,,,,
TRAIDPY128F425E9D0,Informer,Sugar Minott,154.585,-5.627,226.40281,,,,,,,,,,,,
TRAIDPZ128F4282908,Spirit in My Life (Earnshaw's Instrumental),Cedric Gervais Featuring Caroline,84.676,-10.047,396.5122,,,,,,,,,,,,
TRAIDSB128F4296B73,The Army Air Corps,The King Sisters & Alvino Rey,100.72,-10.814,163.97016,,,,,,,,,,,,
TRAIDUU128F145B15D,Mama's Boy,Suzi Quatro,168.165,-11.314,217.46893,,,,,,,,,,,,
TRAIDWL128F147ADAE,Anxiety,Humanzi,186.141,-3.853,110.78485,,,,,,,,,,,,
TRAIDXI128F9307464,Groove It,Gene Latter,86.949,-13.135,167.00036,,,,,,,,,,,,
TRAIDXN128F424DC21,Tenderly,Billy May & His Orchestra,64.79,-22.729,147.59138,,,,,,,,,,,,
TRAIELD128F92DC682,Genius,Kings Of Leon,125.875,-6.538,168.82893,,,,,,,,,,,,
TRAIENF128F42AAA41,She Flock To Me,Kurupt_ Rosco_ Jayo Felony & 40 Glocc,174.762,-14.922,192.86159,,,,,,,,,,,,
TRAIEPK128EF340961,Roll Back The Clouds,Christie Hennessy,126.488,-15.673,332.69506,,,,,,,,,,,,
TRAIESZ128F42555B4,Travellin' (Album Version),The Jeremy Spencer Band,116.137,-9.1,206.05342,,,,,,,,,,,,
TRAIETL128F14B0696,Studio Dialogue (#19),The Stooges,100.353,-22.115,43.91138,,,,,,,,,,,,
TRAIEUH128F93363F7,Ji Nian Pin,Candy Lo,235.903,-8.951,244.03546,,,,,,,,,,,,
TRAIEWD128F42A0039,Evil Hearted Ada,Flamin' Groovies,235.405,-5.24,199.96689,,,,,,,,,,,,
TRAIEXH128F9353678,That's The Kind Of Baby For Me,Eddie Cantor,122.887,-24.705,145.31873,,,,,,,,,,,,
TRAIEYB128F4212FFE,Introduction,Marga Gomez,104.618,-13.467,26.93179,,,,,,,,,,,,
TRAIEYP12903CEAF17,Oriza Eh,Roberto Roena,126.291,-6.648,224.522,,,,,,,,,,,,
TRAIEYQ12903CD18C5,Definition Of A Zilla'Naire,Tum Tum [DJ Drop Mix],159.252,-9.285,87.14404,,,,,,,,,,,,
TRAIFEQ128F93319C2,Mi Amante Amigo,Rocio Jurado,159.026,-17.172,238.05342,,,,,,,,,,,,
TRAIFGE12903CDAD7B,Now everybody's gone,Salieri,86.55,-20.865,238.81098,,,,,,,,,,,,
TRAIFJE128F933046A,I.A.I,Royal S,92.969,-6.29,95.9473,,,,,,,,,,,,
TRAIFMZ128F92F335C,Yang Guang He Xu,Steve Chou,131.889,-9.592,270.10567,,,,,,,,,,,,
TRAIFSJ128F92FE22F,Everything I Desire,The Brooklyn Tabernacle Choir,162.987,-11.907,226.66404,,,,,,,,,,,,
TRAIFSM128F42722F1,Wake Up! Wake Up! (Wake Up! Wake Up! Album Version),Everyday Sunday,151.844,-4.017,168.95955,,,,,,,,,,,,
TRAIFYS128F42685F1,I Don't Give A F**K,D.O.W.N.,109.659,-7.425,265.66485,,,,,,,,,,,,
TRAIFZX128F92F193C,Hot Tamale Baby,Buckwheat Zydeco,124.577,-7.822,246.49098,,,,,,,,,,,,
TRAIGCZ128F428C2D9,Let The Chips Fall,Charley Pride,100.893,-11.943,163.52608,,,,,,,,,,,,
TRAIGJJ128F92D5107,When You're Smiling - Sheik Of Araby,Louis Prima & Keely Smith,116.596,-10.937,239.51628,,,,,,,,,,,,
TRAIGJV12903CEFD5E,The Wonders,Yami Bolo,166.749,-10.742,234.03057,,,,,,,,,,,,
TRAIGNN128F9326AB4,In A Dead World (Album Version),Killswitch Engage,104.939,-3.902,254.45832,,,,,,,,,,,,
TRAIGNW12903D064C9,Dama Dam Mast Kalander,Pardesi,202.036,-7.071,368.32608,,,,,,,,,,,,
TRAIGOB128F426AE43,Jesus Walked This Lonesome Valley  (The Christmas Guest Album Version),Andy Griffith,96.052,-10.239,190.85016,,,,,,,,,,,,
TRAIGRF128F9332355,Get Picked Up,Crazy Girl,91.997,-5.533,323.00363,,,,,,,,,,,,
TRAIGSC128F933BBD7,Printemps,Les Ogres De Barback,148.633,-8.789,189.3873,,,,,,,,,,,,
TRAIGTF12903CE60BD,Ambulance Man,Memphis Jug Band,97.754,-15.963,161.54077,,,,,,,,,,,,
TRAIGTJ128F425D552,La Barca,Nelson Ned,156.029,-3.892,241.57995,,,,,,,,,,,,
TRAIGTW128F92E8520,Laziness,Juan Farcik,130.007,-13.015,325.85098,,,,,,,,,,,,
TRAIGVL12903CBD7F6,Avec lui,Michèle Arnaud,61.994,-10.635,172.01587,,,,,,,,,,,,
TRAIGWQ128F4270EB9,ICU,Saigon Kick,110.487,-8.932,233.66485,,,,,,,,,,,,
TRAIGYC128F93474E4,Tomame O Dejame,Nicho Hinojosa,159.036,-8.579,183.17016,,,,,,,,,,,,
TRAIGZU128F4236EB6,Over You (feat Joyo Velarde_ prod DJ Shadow),Lyrics Born,174.293,-4.316,256.13016,,,,,,,,,,,,
TRAIHCX12903CEBAE1,My Girlfriend's Friend,The Refreshments,191.436,-5.95,195.39546,,,,,,,,,,,,
TRAIHFF128EF351817,Just A Little Bit Of You,Michael Jackson,110.28,-7.98,192.57424,,,,,,,,,,,,
TRAIHGS12903CDE8BE,Fuckin' Wita Psycho,X-Raided,178.934,-6.644,359.65342,,,,,,,,,,,,
TRAIHHD128F9324581,Only A Look,The Nelons,107.779,-12.16,237.03465,,,,,,,,,,,,
TRAIHIY12903CCF6D4,Do It,DJ Nasty,100.013,-3.786,191.84281,,,,,,,,,,,,
TRAIHPX128F428081B,Just A Phase,Incubus,107.922,-8.744,353.77587,,,,,,,,,,,,
TRAIHSY128F1484AB6,I'm Gonna Cry Til' My Tears Run Dry,Irma Thomas,183.882,-10.22,146.88608,,,,,,,,,,,,
TRAIHTK128F4291340,Werther - Lyric Drama in four Acts/Act I/Rêve! Extase! Bonheur!,Ramón Vargas;Vesselina Kasarova;Vladimir Jurowski,77.235,-18.149,234.26567,,,,,,,,,,,,
TRAIHWC128F9331CF0,Love & Devotion,Sizzla,131.868,-6.382,197.48526,,,,,,,,,,,,
TRAIHXV128F14A5216,Everything's Gonna Be Alright (Live Version),King Curtis with Jack Dupree,158.121,-11.922,329.19465,,,,,,,,,,,,
TRAIHYT128F9350C8D,It Is What It Is (feat. Anton X),Omni,240.263,-6.566,479.9473,,,,,,,,,,,,
TRAIHZO12903CC4C78,Losin' End (LP Version),Michael McDonald,128.835,-22.073,255.32036,,,,,,,,,,,,
TRAIIBP128F4252D20,Atto Quarto: 'La Fatal Pietra Sovra Me Si Chiuse...' (Radames) (Verdi),Orchestra e Coro del Palacio de Bellas Artes Di Cittá del Messico_ Oliviero De Fabritiis_ Maria Call,114.407,-21.08,370.99057,,,,,,,,,,,,
TRAIIDR12903D06335,Bop Moon,Giuseppi Logan,104.231,-12.518,454.94812,,,,,,,,,,,,
TRAIIEV128F934712A,Broke Down,Radio Moscow,163.087,-6.83,255.89506,,,,,,,,,,,,
TRAIIHN128F42AA377,Amdokwe,Vusi Mahlasela,120.024,-10.29,250.48771,,,,,,,,,,,,
TRAIIJF128F4266603,Indita Mia (Album Version),Alacranes Musical,168.144,-5.202,284.1073,,,,,,,,,,,,
TRAIIJJ12903CC0B1B,Mr. Sellack (Album Version),The Roches,131.84,-19.514,243.51302,,,,,,,,,,,,
TRAIINI128F426C8DD,Hypnotise The Cat,Tam Tam Go!,133.45,-6.55,216.63302,,,,,,,,,,,,
TRAIIOG12903CD02C5,Nassau Town,John D. Loudermilk,133.582,-9.926,123.42812,,,,,,,,,,,,
TRAIIPY128F426B797,Too Late (Orange Factory Extended Mix),Tina Ann,135.037,-3.139,395.62404,,,,,,,,,,,,
TRAIIRA128F931140A,Pocket Calculator (2009 Digital Remaster),Kraftwerk,132.026,-8.801,272.03873,,,,,,,,,,,,
TRAIIRK128F934E1C0,Dime,Conjunto Mar Azul,97.667,-9.062,203.20608,,,,,,,,,,,,
TRAIIRM128F933E946,The Buzzard's Back in Town (Live),Pumpkin Buzzard,87.406,-7.477,61.57016,,,,,,,,,,,,
TRAIISE128F42AE299,Look Me In The Eye,Margaret Becker,141.729,-6.108,193.74975,,,,,,,,,,,,
TRAIIUE128E07826EC,Harry Flowers,William Orbit,146.389,-20.607,270.94159,,,,,,,,,,,,
TRAIIVU128F14AD113,The Lull Before The Storm,Ron Goodwin,71.228,-16.333,99.97016,,,,,,,,,,,,
TRAIIWZ128F933E996,Gonna Take a Miracle,The Elders,146.053,-6.454,241.05751,,,,,,,,,,,,
TRAIIXC128F92EA806,Orgasme Tellurique,Stille Volk,149.971,-12.685,276.37506,,,,,,,,,,,,
TRAIJBM128F92CA7A1,SAMJHO NA,F-4,126.934,-5.983,262.19057,,,,,,,,,,,,
TRAIJER128F9332661,The Sun Shine Down My Way,Doug MacLeod,85.56,-10.516,337.42322,,,,,,,,,,,,
TRAIJGU128F931FA16,Neighbor_ Neighbor,Jimmy Hughes,122.152,-6.953,177.26649,,,,,,,,,,,,
TRAIJHF128F930EDEB,Trace Of Time,Emotion Code,119.534,-15.857,319.7122,,,,,,,,,,,,
TRAIJLI128F92FC94A,Mary Had A Little Lamb,Stevie Ray Vaughan And Double Trouble,122.546,-14.373,166.73914,,,,,,,,,,,,
TRAIJMG12903D08168,This Ain't Pleasure,L7,85.82,-9.429,163.13424,,,,,,,,,,,,
TRAIJMO128F424C8AF,Hear Me Talking To You,Ma Rainey,103.054,-14.853,183.53587,,,,,,,,,,,,
TRAIJQV128F421B159,Man  On The Side,Bill Perry,107.083,-6.623,217.88689,,,,,,,,,,,,
TRAIJRB12903CE65F8,The wrong woman,Billy Price_ Fred Chapellier,118.136,-7.597,280.55465,,,,,,,,,,,,
TRAIJRM128F4265197,Den Mporo Na Figo,Angela Dimitriou,129.972,-11.947,99.7873,,,,,,,,,,,,
TRAIJVF128F9309AF9,Skylark,Ann Hampton Callaway,63.134,-17.462,347.79383,,,,,,,,,,,,
TRAIJVO128F145EB53,MVP,Corey / Shaquille O'Neal,131.98,-5.228,261.45914,,,,,,,,,,,,
TRAIJWN12903CF2C76,Between Hell and A Heartbeat [Explicit],Hatebreed (int License),82.69,-3.731,174.28853,,,,,,,,,,,,
TRAIKAW128E0785000,Broken Promises (album version),Moments In Grace,145.147,-6.214,195.91791,,,,,,,,,,,,
TRAIKBB128F428AD73,I'll Come Running,Connie Smith,124.916,-9.089,125.67465,,,,,,,,,,,,
TRAIKBM128F429160A,Thresh Hold,Uphill Battle,108.252,-1.545,166.37342,,,,,,,,,,,,
TRAIKFW12903CF26E3,Boulevard In Heaven,Barbara Fairchild,91.739,-8.961,236.56444,,,,,,,,,,,,
TRAIKPO12903D0322C,Mambo del Beso,Orquesta Aragón,131.568,-16.394,182.85669,,,,,,,,,,,,
TRAIKRJ128F4275BED,Boogie,Wilks featuring pee wee ellis,89.026,-11.302,210.80771,,,,,,,,,,,,
TRAIKSH128E07816DF,Stagger Lee,Nick Cave & The Bad Seeds,153.768,-9.29,315.08853,,,,,,,,,,,,
TRAIKVZ12903CBF0F3,Two Four One,Dave And Ansel Collins,117.157,-14.3,151.84934,,,,,,,,,,,,
TRAILFA128EF349FE5,Survivalism,Nine Inch Nails,86.624,-6.787,256.83546,,,,,,,,,,,,
TRAILIV128F932C85E,Provisoirement,DÉSOLÉ,77.581,-10.499,145.08363,,,,,,,,,,,,
TRAILKS128F14A3AC9,AquaCityBoy,K-OS,78.971,-5.095,161.51465,,,,,,,,,,,,
TRAILLW128F4278C90,Chlore,Pascal Obispo,139.98,-13.691,231.00036,,,,,,,,,,,,
TRAILNM12903CD17D2,"Lala Song (Matesi DJ ""Silverstatix""remix",Bob Sinclar,127.932,-6.635,342.69995,,,,,,,,,,,,
TRAILRO12903CAF936,Sarah Palin {I Wanna Lay Pipe},John Brown,129.977,-6.562,221.43955,,,,,,,,,,,,
TRAILTA12903CB69A4,Santa Claus Is Coming To Town,Buddy Miles,130.173,-6.736,177.52771,,,,,,,,,,,,
TRAILTB128F9331D75,Fat Tianne,Tanto Metro & Devonte,79.916,-8.148,208.45669,,,,,,,,,,,,
TRAILTN128F42796DB,Neir,Mau Mau,162.134,-7.921,255.55546,,,,,,,,,,,,
TRAILUH128E0784D6D,Nowhere To Run,Michael McDonald,128.968,-4.222,195.70893,,,,,,,,,,,,
TRAIMDW128F14B0B75,Mercy (Album Version),Darwin Hobbs,89.941,-10.44,307.69587,,,,,,,,,,,,
TRAIMFD128F92ED3CD,Sting Me,The Black Crowes,97.672,-7.349,348.89098,,,,,,,,,,,,
TRAIMGT128F935F8F2,You're Looking Good,Dee Clark,111.422,-12.632,133.3024,,,,,,,,,,,,
TRAIMHP128F425118C,Cooling Out,Cocoa Tea,99.894,-11.368,241.29261,,,,,,,,,,,,
TRAIMJK12903CE26DA,I See War,IYOV,104.928,-4.063,257.4624,,,,,,,,,,,,
TRAIMKP12903CF8A22,Brother Brick Says,Claw Hammer,204.066,-6.914,231.28771,,,,,,,,,,,,
TRAIMMK128F9302007,Anita Love's,Carlos Jimenez,127.99,-8.232,324.98893,,,,,,,,,,,,
TRAIMQC128F148B81C,UBIK The Breakz (feat. Martin Bettinghaus) - Radio Mix,Timo Maas,76.57,-18.516,132.15302,,,,,,,,,,,,
TRAIMRE128F935A8F3,If You Think You Are Lonely Now,Kashief Lindo,147.659,-6.68,190.37995,,,,,,,,,,,,
TRAIMTD128F92E198E,Little Drummer Boy,The Almost,163.975,-7.387,187.11465,,,,,,,,,,,,
TRAIMTO128F4288EEF,Silencio De Aguas Profundas,Alas,77.364,-15.442,628.21832,,,,,,,,,,,,
TRAIMXG12903CDEE2A,Studen plamuk,Sofi Marinova,145.924,-4.978,190.17098,,,,,,,,,,,,
TRAIMXZ128F92E162F,Lioraras,Los Ninos De Sara,115.021,-6.195,226.58567,,,,,,,,,,,,
TRAINDN12903CE77F1,Hiraeth am Feirion,The Gentle Good,85.118,-16.489,400.48281,,,,,,,,,,,,
TRAINFW128F42555CA,Saylarvee (LP Version),Small Faces,115.745,-14.946,136.88118,,,,,,,,,,,,
TRAINGP12903C956AD,Conversation,Jimmy Riley,165.67,-7.284,225.802,,,,,,,,,,,,
TRAINIF128F426416B,The Call,Backstreet Boys,103.997,-2.801,236.2771,,,,,,,,,,,,
TRAINKW128F14AFD82,Die Art von Mann,1. Futurologischer Congress,107.711,-8.166,196.64934,,,,,,,,,,,,
TRAINMM128F92ECF70,Eddie's Pad,Tom Collier,111.743,-17.325,411.42812,,,,,,,,,,,,
TRAINYU128F4246BD1,Liberty,Heavenly,175.007,-4.283,327.6273,,,,,,,,,,,,
TRAIOBB128F146A944,L'horizon Chimérique,Julien Clerc,128.549,-8.648,264.93342,,,,,,,,,,,,
TRAIOBS12903CC677C,Raza Cristalera,Los Morros Del Norte,120.129,-7.092,130.76853,,,,,,,,,,,,
TRAIOFC128F92EB038,The Tie That Binds,Moon Mullican,118.064,-23.461,181.31546,,,,,,,,,,,,
TRAIOKS12903CFEE8D,First Boyfriend,Helen Love,195.026,-6.674,156.21179,,,,,,,,,,,,
TRAIONR12903CFFB98,Seikurabe (Karaoke),Yuko Kanzaki,89.98,-12.27,145.8673,,,,,,,,,,,,
TRAIOUL12903CD172D,G G Kah,Moonface,130.07,-11.516,508.60363,,,,,,,,,,,,
TRAIOWX128F14750E5,The Mission,30 Seconds To Mars,190.102,-4.675,245.02812,,,,,,,,,,,,
TRAIPAB128F42626AE,Two-Sided Politics,Suicidal Tendencies,235.337,-7.499,61.83138,,,,,,,,,,,,
TRAIPAC128F9320FAA,La Matanza,Grace Gale,155.173,-6.533,247.71873,,,,,,,,,,,,
TRAIPBF12903D074F5,On Tha Rox,King Tee,183.437,-6.211,109.13914,,,,,,,,,,,,
TRAIPBM128F424B87C,L'Amour en Heritage,Alain Morisod,134.254,-19.449,241.65832,,,,,,,,,,,,
TRAIPPV128F4274748,Medley Final,Kassav',134.086,-8.294,655.67302,,,,,,,,,,,,
TRAIPQD128F4258D24,All Over Now,X,141.846,-6.898,233.22077,,,,,,,,,,,,
TRAIPQN128F933A3AA,Cuando Ya Me Empiece A Quedar Solo,Sui Generis,107.592,-16.111,335.33342,,,,,,,,,,,,
TRAIPST128F9302AE9,Beautiful,Eminem,131.955,-7.038,397.60934,,,,,,,,,,,,
TRAIPUM128F92DCC5E,No More Troubles,Sunnyland Slim,108.105,-14.165,344.71138,,,,,,,,,,,,
TRAIPWD128F4247FEF,L.A. Arteest Café,Stew,117.367,-14.023,299.07546,,,,,,,,,,,,
TRAIPZK12903CE9F24,Juggernaut,Cauda Pavonis,180.203,-3.697,205.11302,,,,,,,,,,,,
TRAIPZU128F42418F0,Had To Call (featuring Snoop Dogg & Sleepy Eyed Jones)  (Explicit Chopped & Screwed Version),Twista,114.752,-6.945,259.36934,,,,,,,,,,,,
TRAIPZY128E0787299,Runaway Train (LP Version),Geddy Lee,119.953,-5.956,271.46404,,,,,,,,,,,,
TRAIQAH128F93402D2,Letters to Norway,Planetakis,137.936,-2.019,234.73587,,,,,,,,,,,,
TRAIQBX12903CE8E30,They Know (Remix),Rick Ross,121.708,-8.451,105.40363,,,,,,,,,,,,
TRAIQDI128F92E8E1F,Still Love Remains (Album Version),Seal,153.731,-11.918,354.76853,,,,,,,,,,,,
TRAIQDV128F92F545A,The First Leaves Of Autumn,The Fureys,94.804,-20.975,198.5824,,,,,,,,,,,,
TRAIQGR128F4287DF7,Bright Lights_ Big City,Jim Jones / Max B,106.756,-6.888,256.39138,,,,,,,,,,,,
TRAIQKO128F92E5970,Maybe Someday...,Simply Red,83.73,-9.38,258.08934,,,,,,,,,,,,
TRAIQLE128F93167E7,j Uh!,Juana Molina,46.867,-19.775,213.26322,,,,,,,,,,,,
TRAIQLO12903CC4610,Le clair de lune à maubeuge,Bézu,123.294,-5.772,155.48036,,,,,,,,,,,,
TRAIQMW128E07854BD,Seventy Times Seven (LP Version),David Meece,119.437,-13.474,268.01587,,,,,,,,,,,,
TRAIQNE128F423851B,Life Is Real,Ayo,122.91,-9.158,534.62159,,,,,,,,,,,,
TRAIQNF128F428386A,Snow [Hey Oh] [Live Version],Red Hot Chili Peppers,106.575,-4.144,319.55546,,,,,,,,,,,,
TRAIQQM128F429596C,Silence,Mothers Pride,79.252,-6.155,244.71465,,,,,,,,,,,,
TRAIQUG128F92F946E,Absolute Horizon,Byzantine,198.016,-5.663,300.01587,,,,,,,,,,,,
TRAIQUW128F4221467,Turnpike,Halfway to Gone,122.624,-5.544,255.42485,,,,,,,,,,,,
TRAIQVJ128F93235B3,Spoonful,Robben Ford,126.42,-6.626,367.98649,,,,,,,,,,,,
TRAIRAL12903CCE808,Si Te Dicen Por Ahi,Charlie Cruz,188.502,-3.087,280.45016,,,,,,,,,,,,
TRAIRGP128F9337847,L'Etang Chimérique,Jacques Douai,79.003,-18.803,122.46159,,,,,,,,,,,,
TRAIRGY128F4271023,On The Road To Emmaus,The Steeles,117.437,-10.447,231.41832,,,,,,,,,,,,
TRAIRHS128F4287576,Need More Blues,Sleepy John Estes,130.889,-15.163,197.0673,,,,,,,,,,,,
TRAIRIK128F92F0212,Werewolf_ Semen And Blood,Beherit,141.621,-13.213,185.05098,,,,,,,,,,,,
TRAIRLU128F92D0250,Moritat (Mack The Knife),Bobby Darin,81.895,-7.54,210.38975,,,,,,,,,,,,
TRAIRNE128F146B1FA,If You Ask Me,Nick Colionne,102.04,-7.114,215.14404,,,,,,,,,,,,
TRAIRNT128EF33FF36,"Beauty Queen (12"" Spoon Club Mix)",SNAP!,130.286,-9.317,404.37506,,,,,,,,,,,,
TRAIRRA128F42788ED,Pickled Heads,Elliot Goldenthal,140.629,-13.959,305.50159,,,,,,,,,,,,
TRAIRRP128EF3669DC,El Capiro,Mercedes Castro,106.083,-8.593,197.09342,,,,,,,,,,,,
TRAIRSH128F92E4B18,Revelations,Marco Beltrami,121.28,-28.231,209.08363,,,,,,,,,,,,
TRAIRVF128F932B0D6,Little Cry For Him (Chorinho Pra Ele) (LP Version),Hermeto Pascoal,179.161,-9.349,131.36934,,,,,,,,,,,,
TRAIRWM12903CE75BB,Silence,Jedi Mind Tricks,96.054,-5.688,205.06077,,,,,,,,,,,,
TRAISAT128F42BADC2,Just Like Lightnin',Joe Satriani,197.443,-5.943,300.82567,,,,,,,,,,,,
TRAISDO128F9316BD2,Lost In The Funhouse Again,Michael Stanley Band,140.654,-12.253,220.05506,,,,,,,,,,,,
TRAISFF128F92F598E,The White Spirit,Uman,160.048,-16.062,319.08526,,,,,,,,,,,,
TRAISNF128E078B72C,Escape From The City,John Williams,151.444,-20.958,229.69424,,,,,,,,,,,,
TRAISSE12903CE77EF,Cri'r Adar Main,The Gentle Good,111.537,-12,197.19791,,,,,,,,,,,,
TRAISTB128F42956BF,Time Zone (Album Version),Lauren Wood,168.861,-16.137,352.33914,,,,,,,,,,,,
TRAISVG128F42706A4,We're Together Again,Ray Pillow,98.015,-13.404,129.12281,,,,,,,,,,,,
TRAISYN12903CBBCEE,If Your Na Na Get Wet,Baby Bash,155.979,-4.754,309.4722,,,,,,,,,,,,
TRAISYO128E07888A6,Mine Again,Mariah Carey,131.761,-9.635,241.65832,,,,,,,,,,,,
TRAISYU128F427F486,Gone,Frankie J,117.844,-6.728,273.00526,,,,,,,,,,,,
TRAISZU128F9359838,No One Knows,George Nooks,85.994,-6.735,222.14485,,,,,,,,,,,,
TRAITDY128F149431C,Procession,Vangelis,119.712,-17.629,573.67465,,,,,,,,,,,,
TRAITGE128F92FAB2B,Multiplayer,Babylon Disco,89.992,-16.156,181.39383,,,,,,,,,,,,
TRAITHF128F423FDFE,Vennette,Maria Bamford,114.597,-10.377,127.16363,,,,,,,,,,,,
TRAITHR128F42B7E26,The  First Of The Year,Rubyhorse,125.898,-13.556,228.20526,,,,,,,,,,,,
TRAITJA12903CECB2E,Ooh La La,Tyrone Davis,104.01,-10.401,194.79465,,,,,,,,,,,,
TRAITKZ128F4266CD1,Airto's Jazz Dance,Flora Purim,137.823,-14.181,246.67383,,,,,,,,,,,,
TRAITOL128F148528B,When Summer's Through,THE CHIFFONS,113.431,-9.059,156.36853,,,,,,,,,,,,
TRAITRS128F9308142,Bobby's Girl (Previously Unreleased Demo - Stereo),Marcie Blane,140.903,-12.682,143.25506,,,,,,,,,,,,
TRAITVP128F9305CF5,The Traveller,Atman,170.034,-11.613,284.31628,,,,,,,,,,,,
TRAITXM128F428E1F0,Freight Train,Elizabeth Cotten,99.959,-16.678,295.60118,,,,,,,,,,,,
TRAIUDT128F9342510,Cuando Quieres Tu,Sonora Santanera,104.284,-16.275,167.70567,,,,,,,,,,,,
TRAIUFU128F92F4F52,Let It Be Me,Tommy McLain,152.294,-21.418,196.38812,,,,,,,,,,,,
TRAIUGS128EF360F52,Aquel Amor,Flor Silvestre,130.818,-10.19,207.75138,,,,,,,,,,,,
TRAIUKU128F4283C82,Unicorn,David Lynch,131.292,-13.61,618.23955,,,,,,,,,,,,
TRAIUPS128F92F2825,Into Battle,Ensiferum,105.05,-5.827,352.49587,,,,,,,,,,,,
TRAIUSY12903CF0C92,(Do)Minion,Eluveitie,110.018,-4.367,307.69587,,,,,,,,,,,,
TRAIUTE128F92F96F3,Active,Dark Party,175.948,-3.542,261.58975,,,,,,,,,,,,
TRAIUUS128F4214452,Interlude: Livin'...In Complete Darkness,Janet Jackson,120.45,-19.99,67.10812,,,,,,,,,,,,
TRAIUVF12903CE3456,Li Jia Chu Zou,Janice Vidal,136.887,-9.77,246.59546,,,,,,,,,,,,
TRAIUVT12903CD76F3,Times Like These,Albin Myers,127.923,-8.648,493.29587,,,,,,,,,,,,
TRAIUWA128F92FE8AA,I'm A Killer,Hot Live Guys,123.087,-3.846,138.13506,,,,,,,,,,,,
TRAIUYK128F9328FCA,Djessy,Kanda Bongo Man,132.27,-12.831,554.68363,,,,,,,,,,,,
TRAIUYZ128F425BD2F,Nightly Cares,Múm,95.576,-15.775,249.05098,,,,,,,,,,,,
TRAIVCI12903CBDE21,Love Selecta (feat Iffectz & Marwa),Alex,127.979,-6.023,247.43138,,,,,,,,,,,,
TRAIVEH128E078526A,Whosoever Will (LP Version),Marvin Sapp,89.726,-14.668,393.09016,,,,,,,,,,,,
TRAIVFK128F932C825,A Girls Oath,Eluveitie,111.127,-14.481,78.18404,,,,,,,,,,,,
TRAIVHI128F145CC6F,Rossignol Montmartrois (Polka),Jo Privat,122.093,-7.828,146.57261,,,,,,,,,,,,
TRAIVLC12903CF3A0C,Ku Klux Klan,Steel Pulse,153.052,-6.092,231.49669,,,,,,,,,,,,
TRAIVMM128F4266056,Anybody Seen My Girl,Keb'Mo',79.151,-15.608,176.5873,,,,,,,,,,,,
TRAIVMM12903CFAD62,Lively Up Yourself,Bob Marley,127.765,-7.236,173.24363,,,,,,,,,,,,
TRAIVMN128F147C5B8,I'm All Yours (LP Version),Rachael Lampa,101.905,-2.224,269.00853,,,,,,,,,,,,
TRAIVNL128F422CFE2,Get On Our Own,Buzzcocks,181.421,-11.058,144.77016,,,,,,,,,,,,
TRAIVRV128F426D8A9,Concerto for Orchestra (Zoroastrian Riddles) (1996)/3. Adagio non troppo,David Zinman;Pittsburgh Symphony Orchestra,170.899,-25.895,641.48853,,,,,,,,,,,,
TRAIVRW128F930F6DD,Just My Baby,Rickie Lee Jones,147.736,-9.785,314.72281,,,,,,,,,,,,
TRAIVVQ128F146AB17,Because Of You,Cece Winans,113.636,-9.915,292.51873,,,,,,,,,,,,
TRAIVWA128F93506E8,I denna ljuva sommartid,Sofia Karlsson,101.897,-14.863,340.21832,,,,,,,,,,,,
TRAIVZI128F42642DE,Shape Of My Heart,Backstreet Boys,86.693,-5.47,173.5571,,,,,,,,,,,,
TRAIWAY128F42557B8,Firedance,Mystic Rhythms Band,140.834,-8.913,206.2624,,,,,,,,,,,,
TRAIWBW128F92F3DE0,Hopelessly,Epitaph,144.84,-11.017,494.21016,,,,,,,,,,,,
TRAIWKK128F92FA8A9,Let's Have Some Fun,Rodney O_ Joe Cooley,99.612,-11.255,222.24934,,,,,,,,,,,,
TRAIWLU128F427DAB8,The Keys,Jerry Goldsmith,130.908,-28.19,110.70649,,,,,,,,,,,,
TRAIWMU128E0783D7D,Juste Une Fois,Alexis HK,96.082,-15.615,98.66404,,,,,,,,,,,,
TRAIWMZ128F428B6D8,Prelude In C Minor From The Well Tempered-Clavier,Steve Erquiaga,116.949,-23.966,184.29342,,,,,,,,,,,,
TRAIWNA128F145E2CD,Love Can Run Faster,Robert Palmer,119.389,-17.664,247.95383,,,,,,,,,,,,
TRAIWNK128F429245D,The Blue Side of The Sun,Sigmatropic,128.006,-8.511,263.57506,,,,,,,,,,,,
TRAIWQJ128F4287A6F,New Detroit,Neon Blonde,139.562,-5.059,170.70975,,,,,,,,,,,,
TRAIWSR128F42222BC,da da Diamonds,Soul Ballet,106.01,-6.769,224.86159,,,,,,,,,,,,
TRAIWXX128F1461FE9,Livin' A Lie (Video Mix),Milk Inc.,141.008,-6.62,204.25098,,,,,,,,,,,,
TRAIWZZ128F9306AFF,Proud,Korn,80.375,-4.347,197.53751,,,,,,,,,,,,
TRAIXEO128F424AD97,Communication (More Mix),Mario Piu',133.015,-9.3,355.39546,,,,,,,,,,,,
TRAIXFB128F423C5A8,Passover,Joy Division,135.066,-9.663,128.67873,,,,,,,,,,,,
TRAIXHM128F9302149,Wolverine Blues (Slight Flaw In Master) (1940 Blackhawk Restaurant Chicago),Bob Crosby,100.317,-14.946,171.85914,,,,,,,,,,,,
TRAIXJZ12903CEDB1D,Rock & Roll Renegade,The Frantic,112.09,-5.22,146.15465,,,,,,,,,,,,
TRAIXNZ128F934D8A9,C'Est Moi L'BO$$,Ruffneck,134.245,-5.411,201.97832,,,,,,,,,,,,
TRAIXQL128F1467D66,Soo Bawlz,Devo,155.26,-11.714,141.08689,,,,,,,,,,,,
TRAIXTR128F9352D40,Blåsut,Sofia Karlsson,205.16,-10.062,165.69424,,,,,,,,,,,,
TRAIXZC128F424C148,By Faith I Can Touch Him Now,The Perrys,45.709,-8.962,241.44934,,,,,,,,,,,,
TRAIXZQ128F423098F,Wait On The Lord  (LP Version),Shirley Caesar,154.483,-12.411,408.05832,,,,,,,,,,,,
TRAIYAT128F931FEA5,Curiosity,The Jets,122.954,-9.923,280.65914,,,,,,,,,,,,
TRAIYAV12903CE8475,Fire (Orange Factory Dub),Dolce; Orange Factory,202.052,-6.497,419.76118,,,,,,,,,,,,
TRAIYDL128E0791583,Music Of The Sun,Rihanna,85.976,-8.298,235.98975,,,,,,,,,,,,
TRAIYFL128F427D658,Width Of The World,Tin Hat Trio,144.012,-12.957,407.06567,,,,,,,,,,,,
TRAIYIW12903CCF8CB,Houston Anthem,DJ Nasty,145.008,-3.586,188.26404,,,,,,,,,,,,
TRAIYWE128F4251FE0,Til The Storm Passes By,Bill & Gloria Gaither,75.06,-17.452,175.15057,,,,,,,,,,,,
TRAIYWQ128F426BC5C,Dinner Party Pool Music,Angelo Badalamenti,90.336,-23.476,86.56934,,,,,,,,,,,,
TRAIYWX128F9324B1F,More Than One Love,Venice,136.861,-9.236,186.40934,,,,,,,,,,,,
TRAIYYA128F92E5A59,Pegadito,Tommy Torres,165.977,-7.492,219.21914,,,,,,,,,,,,
TRAIYZW128F9330F7D,Street Lights,Kanye West,125.593,-9.644,189.962,,,,,,,,,,,,
TRAIZDD128F425BA68,Death of Me,Smash Palace,118.959,-6.672,274.442,,,,,,,,,,,,
TRAIZHG128F934FE42,More Than Vocals (MTV),Natural Elements,107.927,-12.69,246.67383,,,,,,,,,,,,
TRAIZHM128F427C74D,Sentimento (Asteri_ Asteraki),Dakis,111.946,-8.918,210.52036,,,,,,,,,,,,
TRAIZIR128F934B3A4,Slips Of Paper,Dave Brockie Experience,138.156,-6.293,126.4322,,,,,,,,,,,,
TRAIZKU128F930EDBF,Mesmerise The Future Part 1,Emotion Code,120.066,-17.825,503.48363,,,,,,,,,,,,
TRAIZLC12903CE6A57,Backseat Driver,Debbie Davies,125.05,-5.981,243.30404,,,,,,,,,,,,
TRAIZQI128F42A51F9,Refuge,Matisyahu,72.884,-8.702,242.15465,,,,,,,,,,,,
TRAIZRI128F1466316,Sex,Bow Wow Wow,137.398,-12.324,167.83628,,,,,,,,,,,,
TRAIZUC12903CBBEAC,Engel,Der Plan,30.048,-15.429,218.67057,,,,,,,,,,,,
TRAIZWG128F428F82E,Oh Little Town Of Bethlehem,Sergio Franchi,78.841,-14.431,165.74649,,,,,,,,,,,,
TRAIZWI128F4247EFD,Old Memory,Ashton Shepherd,45.508,-6.857,260.51873,,,,,,,,,,,,
TRAIZXV128F426FA30,The Lord Will Go Before You,Janet Paschal,180.121,-10.204,207.69914,,,,,,,,,,,,
TRAJAAV128F92DCF5F,Mama Talk To Your Daughter (take 2),Lonnie Brooks,138.386,-9.392,156.21179,,,,,,,,,,,,
TRAJABU128F4239037,Grow Proper,I Wayne,67.606,-5.587,244.32281,,,,,,,,,,,,
TRAJADN128EF3453AE,My Chickasay Girl,Roy Rogers,101.195,-15.913,146.07628,,,,,,,,,,,,
TRAJAGW128EF3664E1,Soorma,Jazzy B,156.066,-7.172,411.68934,,,,,,,,,,,,
TRAJAHW128F429691D,Flamme & co,Les Ogres De Barback,131.509,-10.899,404.45342,,,,,,,,,,,,
TRAJAPH128F4271357,Welcome To Hell,Coffinberry,152.628,-10.427,146.83383,,,,,,,,,,,,
TRAJARM128F426379B,Boyfriend,Janitor Joe,160.979,-12.114,169.22077,,,,,,,,,,,,
TRAJASJ128F1492899,We've Only Just Begun (LP Version),Young-Holt Unlimited,156.298,-10.095,266.05669,,,,,,,,,,,,
TRAJATA128F4266FC5,Night Won't Last Forever_ The (Kingdom Come Album Version),Charlie Peacock,153.968,-9.64,355.34322,,,,,,,,,,,,
TRAJATQ128F92F6DC2,All The Difference In The World,Brent Lamb,110,-10.753,250.38322,,,,,,,,,,,,
TRAJAVF12903CD4825,Memmer?... U Memmer!,George Lopez,126.792,-16.169,211.53914,,,,,,,,,,,,
TRAJAXB128F92C65CD,Koronoko,Rokia Traoré,109.804,-9.784,273.08363,,,,,,,,,,,,
TRAJAYH128F427ADE6,See You Comin',Vodka Collins,143.095,-5.654,220.52526,,,,,,,,,,,,
TRAJAZP128F4290FF9,Megalodon,Mastodon,145.997,-7.628,262.89587,,,,,,,,,,,,
TRAJAZS12903CE7594,Telepathy/Ted Haggard Got Cured of the Gay,Joe Rogan,134.112,-5.475,179.51302,,,,,,,,,,,,
TRAJAZY12903CDD671,Be My Lover,Brenda Boykin,86.684,-10.235,263.73179,,,,,,,,,,,,
TRAJBGL128F145C7A8,Washed Away,Tom Cochrane,88.072,-11.415,320.44363,,,,,,,,,,,,
TRAJBIZ128F4252408,Angel Of Heaven's Gate,Erik Berglund,64.901,-23.876,371.87873,,,,,,,,,,,,
TRAJBJG128F14A1EA1,American Ghost Dance (2003 Digital Remastered),Red Hot Chili Peppers,111.541,-4.818,231.23546,,,,,,,,,,,,
TRAJBLX128F4253677,Voices,James Newton Howard,88.662,-28.506,95.50322,,,,,,,,,,,,
TRAJBOD128F9303DCD,Song 2,Faith Yang,136.984,-6.223,134.97424,,,,,,,,,,,,
TRAJBQO128F421FFE8,Binaural Presentation - Focus On A Beam Emptied Of Thinking_ Outward...,Roger Reynolds,60.013,-30.14,842.10893,,,,,,,,,,,,
TRAJBRT128F9303318,Sophisticated Lady,Toots Thielemans,68.326,-16.252,302.62812,,,,,,,,,,,,
TRAJBSF12903CE2759,Watch Them,SOJA,124.771,-9.32,295.49669,,,,,,,,,,,,
TRAJBSL128F428A021,I Guess I'm Crazy,Jim Reeves,91.318,-12.653,145.13587,,,,,,,,,,,,
TRAJBTZ12903CB818C,Asheville Turnaround,The Del McCoury Band,177.945,-9.059,154.74893,,,,,,,,,,,,
TRAJBUB128F9361E0B,Pour toute la vie,Les Hou-Lops,102.77,-6.779,156.49914,,,,,,,,,,,,
TRAJBUD128F9357AEB,Spacer,Ketty DB,129.974,-13.657,203.83302,,,,,,,,,,,,
TRAJBUP128F146B4CA,Morning's Coming,Jeff And Sheri Easter,110.209,-6.604,185.57342,,,,,,,,,,,,
TRAJBZE128F932DA53,Backlash,Sonic Subjunkies,96.972,-11.121,238.00118,,,,,,,,,,,,
TRAJCBF128F931B8BF,Broke Down On The Brazos (Album),Gov't Mule,196.141,-5.856,378.95791,,,,,,,,,,,,
TRAJCDQ128F92C2B40,Popsy,Ray Conniff,82.752,-9.568,126.58893,,,,,,,,,,,,
TRAJCHY128EF349619,She's About A Mover,Sir Douglas Quintet,85.2,-11.08,193.59302,,,,,,,,,,,,
TRAJCIR128F146ABA7,Christe Eleison (Christ Have Mercy) (Center Of My Universe Album Version),Michelle Tumes,107.932,-9.113,189.20444,,,,,,,,,,,,
TRAJCJT128F4269E0C,Come See,Major Lance,119.712,-9.379,141.42649,,,,,,,,,,,,
TRAJCLY128F930F893,Ghetto,Bad Azz,121.871,-7.532,255.84281,,,,,,,,,,,,
TRAJCOV128F92FDF3F,This White Circle,Kitty Wells,105.732,-17.877,172.48608,,,,,,,,,,,,
TRAJCVA128F426C51D,WristStraining Order,Defect & Quixotic,102.008,-5.136,267.75465,,,,,,,,,,,,
TRAJCVY128F425EE35,Radio Roy II,Mario Rosenstock,84.769,-7.018,339.33016,,,,,,,,,,,,
TRAJCYW128F92EEC32,Down at the Mardi Gras,Rockin' Dopsie_ Jr.,104.448,-8.265,205.71383,,,,,,,,,,,,
TRAJCZE128E0785987,Love Dump (Demo Version),Static-X,129.97,-5.051,268.06812,,,,,,,,,,,,
TRAJDAK128F932DAA0,No-Satellites,She Satellites,185.76,-7.798,149.36771,,,,,,,,,,,,
TRAJDCP128F933B55B,Roorasty,Saman,141.205,-7.807,243.98322,,,,,,,,,,,,
TRAJDCS128F92F9236,Chinz Ninja (Rui Da Silva mix),Smart Alex,0,-10.591,543.58159,,,,,,,,,,,,
TRAJDGB128F42882AC,Call Of Da Wild,OutKast,177.662,-6.788,366.39302,,,,,,,,,,,,
TRAJDHN128F92C2EEF,Dirty Diana,Michael Jackson,131.319,-4.843,281.73016,,,,,,,,,,,,
TRAJDRG128F4217923,Single Man Blues,Bukka White,87.557,-14.419,342.7522,,,,,,,,,,,,
TRAJDSQ128F14AEABD,Mother's Day Part 1,AFS,120.984,-13.308,220.08118,,,,,,,,,,,,
TRAJDTK128F429FFDF,I'd Like To Be,Jim Reeves,151.73,-12.744,121.73016,,,,,,,,,,,,
TRAJDVT128F4252F37,Weightless (Demo),Wet Wet Wet,105.95,-8.209,222.69342,,,,,,,,,,,,
TRAJEBQ128F146E00E,Conqueror Worm,Tsar,150.23,-2.588,220.42077,,,,,,,,,,,,
TRAJEDV128F93218B9,White Christmas,Martin Sexton,90.099,-12.031,144.19546,,,,,,,,,,,,
TRAJEEW128F4280555,Arrows Of The Gods,Elliot Goldenthal,177.465,-12.671,91.74159,,,,,,,,,,,,
TRAJEIK128F92F19EA,San Juan,Dave Valentin,125.294,-10.325,262.55628,,,,,,,,,,,,
TRAJENI128F425B7F4,Classic Material,Casual,92.571,-5.022,188.05506,,,,,,,,,,,,
TRAJENI128F9300B02,Groovin' With Jimmy,Jimmy Burns,138.755,-7.461,211.74812,,,,,,,,,,,,
TRAJEOD12903CC065D,Au mariage des Levon-Lecu (Live),Claire Elzière,90.073,-11.339,152.97261,,,,,,,,,,,,
TRAJESP12903CBC0B0,Wonderful Peace,Dino,134.279,-22.504,206.96771,,,,,,,,,,,,
TRAJEUV12903D15D6D,Mate Tron,Luke Vibert,125.008,-9.801,420.15302,,,,,,,,,,,,
TRAJEYL128F931B518,Time Will Tell,Ice,111.046,-5.956,285.77914,,,,,,,,,,,,
TRAJEYM12903CDEF6A,Ladies And Gentlemen,Spiral Stairs,100.088,-22.71,65.51465,,,,,,,,,,,,
TRAJEZT128E0795DF3,E,Rea_ Chris,131.948,-13.018,366.28853,,,,,,,,,,,,
TRAJFCB128F427FE87,Deviate From The Form,Scar Symmetry,120.022,-4.136,326.60853,,,,,,,,,,,,
TRAJFCC12903CC55AD,Mambo Tipico,Tito Puente,146.24,-10.702,180.00934,,,,,,,,,,,,
TRAJFDU128F426A5F4,The Door,Silverchair,91.922,-5.382,213.13261,,,,,,,,,,,,
TRAJFEM128F14A2DF4,Dichoso,Willie Bobo,80.391,-13.984,197.40689,,,,,,,,,,,,
TRAJFFF128F429874A,Better Luck Next Time,Lifehouse,164.002,-4.176,215.82322,,,,,,,,,,,,
TRAJFHV128F4274FC0,Todo Lo Que Soy,Carlos Ponce,98.501,-6.804,223.60771,,,,,,,,,,,,
TRAJFMH12903D052DC,La mujer que no sone (Album),Ricardo Arjona,93.376,-10.208,219.68934,,,,,,,,,,,,
TRAJFQF128F92E354E,Baby Don't You Change,Tyrone Wells,151.699,-7.825,252.65587,,,,,,,,,,,,
TRAJFRJ128F9328FF1,Early In The Morning,B.B. King,151.284,-4.651,237.66159,,,,,,,,,,,,
TRAJFSU128F92E9E3C,Sportin' Life,John Sebastian,103.666,-19.944,189.51791,,,,,,,,,,,,
TRAJFYH128F4246121,Valse Des Montagnes,Andre Verchuren,197.704,-12.187,153.25995,,,,,,,,,,,,
TRAJFYK128F42579B0,The Three-Dimensional Shadow,Scar Symmetry,110.107,-3.492,237.84444,,,,,,,,,,,,
TRAJGCA128F9306CFF,Souvenirs,Concretes,89.676,-11.112,204.85179,,,,,,,,,,,,
TRAJGCF128F1499E61,Train Tracks,Izzy Stradlin And The Ju Ju Hounds,150.404,-10.097,267.65016,,,,,,,,,,,,
TRAJGEC128F9300463,Unchain Us,Don Campbell,157.897,-6.87,223.29424,,,,,,,,,,,,
TRAJGFW128F93349D4,Carry The Light,David Lynch,166.929,-9.214,214.04689,,,,,,,,,,,,
TRAJGGB12903CEC83F,Hot Weiners (All The Way),Cotton Candy,139.026,-8.796,269.7922,,,,,,,,,,,,
TRAJGGH128F42679C1,Down_ Down_ Down,Frank Marino & Mahogany Rush,139.499,-8.978,336.79628,,,,,,,,,,,,
TRAJGGI128F423A12A,Call The Police,John Wayne,160.663,-9.947,192.70485,,,,,,,,,,,,
TRAJGGP12903CCE582,Scared,The Incurables,63.359,-10.085,187.97669,,,,,,,,,,,,
TRAJGMN128F148C8BD,Don't Go,Bert Kaempfert,118.971,-20.282,184.31955,,,,,,,,,,,,
TRAJGPZ128F424743B,She's Actin Bad,H-Town,167.988,-3.46,249.91302,,,,,,,,,,,,
TRAJGTJ128F4236AC2,The Harp That Once Through Tara's Halls,Voyager Series,71.308,-24.327,103.73179,,,,,,,,,,,,
TRAJHAH128F9314177,You'll Never Know,JERRY WALLACE,219.298,-14.794,180.50567,,,,,,,,,,,,
TRAJHCO128F42570C1,Feel It Boy (Deep Dish Danchall Remix) (Feat. Janet Jackson),Beenie Man Featuring Janet Jackson,102.828,-4.475,215.90159,,,,,,,,,,,,
TRAJHCS128F93192B5,Auprès De Mon Arbre,Georges Brassens,126.31,-11.242,184.76363,,,,,,,,,,,,
TRAJHDR128F92FA863,Basking Under a Blacksun Dawning,Morgion,112.063,-7.422,341.68118,,,,,,,,,,,,
TRAJHEE12903CB937A,Freedom,4Him,182.247,-10.996,238.49751,,,,,,,,,,,,
TRAJHEN128F92CC43E,Let It Bleed,Wild Horses,111.989,-8.527,338.28526,,,,,,,,,,,,
TRAJHFZ12903CE3121,Touch My Hand [Remastered],David Meece,81.404,-13.506,211.17342,,,,,,,,,,,,
TRAJHHE128F146815C,Hide Away,Freddie King,134.741,-6.615,286.82404,,,,,,,,,,,,
TRAJHHJ128F4279625,Never Gonna Be The Same,Danny Wilson,91.256,-11.053,167.13098,,,,,,,,,,,,
TRAJHKT128F427FDCD,Beothuck,Malefaction,84.303,-3.93,34.61179,,,,,,,,,,,,
TRAJHMX12903CD42C1,Uu-Pee-Ämmät,Jope Ruonansuu,86.992,-4.762,126.69342,,,,,,,,,,,,
TRAJHOM128F93080EB,After The Laughter,Marcie Blane,102.881,-9.737,139.83302,,,,,,,,,,,,
TRAJHRC128F9340CFA,That Little Ole Wine Drinker Me - Original,Charlie Walker,161.533,-17.913,124.76036,,,,,,,,,,,,
TRAJHSM12903CBFCCD,CB4 (Instrumental Mix),Slum Village,94.495,-7.941,204.38159,,,,,,,,,,,,
TRAJHSS128F930F73A,Pop Pop,Twista,100.016,-9.632,163.39546,,,,,,,,,,,,
TRAJHYF128F1451DDF,Grateful & Thankful,Francis Dunnery,84.186,-13.095,277.08036,,,,,,,,,,,,
TRAJIBJ128F930D55B,The Minuet Of The Robots,Perrey And Kingsley,125.767,-11.382,137.19465,,,,,,,,,,,,
TRAJIDY128F931C89D,Another Djemba Djemba,Youves,134.104,-6.885,100.20526,,,,,,,,,,,,
TRAJIIF128F92E7FB1,Je T'Appartiens,Maurice Larcange,84.133,-12.35,276.53179,,,,,,,,,,,,
TRAJIIR128F149AE01,Paseo Colòn,Mau Mau,182.198,-7.613,285.1522,,,,,,,,,,,,
TRAJIKY128F932AD73,Shotgun Sally,Cats In Boots,167.142,-5.602,208.79628,,,,,,,,,,,,
TRAJIUK128F42668E6,Rock On The Radio,Firehouse,169.866,-10.181,285.3873,,,,,,,,,,,,
TRAJJBG128F148A7CA,Awake,The Panic Channel,147.975,-3.229,227.99628,,,,,,,,,,,,
TRAJJCI12903CE53D7,Fat Tuesday,Chris Standring,111.039,-9.339,256.49587,,,,,,,,,,,,
TRAJJIG128F1474EF0,Recordar Es Vivir,El Gran Silencio,115.005,-6.57,249.25995,,,,,,,,,,,,
TRAJJMB128F426BF4E,You do something to me,Ismael Dueñas,100.275,-17.495,537.25995,,,,,,,,,,,,
TRAJJMN128F9321946,Cherokee,The Galactic Heroes,187.323,-10.33,120.86812,,,,,,,,,,,,
TRAJJNB128F42A0A4F,Heavenly Father,FU-Schnickens,102.739,-9.716,276.94975,,,,,,,,,,,,
TRAJJON128F426EB30,Try Me One More Time,Sonny Terry & Brownie McGhee,108.188,-18.526,182.69995,,,,,,,,,,,,
TRAJJPB128F1456D6A,When You See Me,Bad Azz,120.716,-5.345,237.7922,,,,,,,,,,,,
TRAJJYB12903CE5A10,Plastic People (Original Mix),Anané,125.016,-5.516,409.70404,,,,,,,,,,,,
TRAJJZZ128F930B88C,One Million Matches,Rocker-T,149.939,-7.253,321.30567,,,,,,,,,,,,
TRAJKIG128F92D9132,U Complete Me (Blues Version - Bonus Track),Ana Popovic,156.948,-7.737,322.66404,,,,,,,,,,,,
TRAJKME12903CC41B8,Viens boire un petit coup à la maison,Bézu,126.482,-10.696,214.04689,,,,,,,,,,,,
TRAJKMI128F4281107,Let Me Be Your Fantasy,Baby D,90.038,-8.029,231.18322,,,,,,,,,,,,
TRAJKNA128F423EA49,La Nit De Reis,Gertrudis,111.953,-6.433,215.562,,,,,,,,,,,,
TRAJKQP128F427831F,Stuck On Your Love,Emilio,145.343,-7.453,164.57098,,,,,,,,,,,,
TRAJKTF128F9322470,Cheddar Chasin',Lunasicc,105.207,-8.4,304.37832,,,,,,,,,,,,
TRAJKTV128F1453E3C,Violence,Juelz Santana / Bezel,104.99,-3.858,254.51057,,,,,,,,,,,,
TRAJKWD12903CE38E5,Seventeen (Digitally Remastered),The Fontane Sisters,85.261,-8.688,127.68608,,,,,,,,,,,,
TRAJKXO12903CB5B7D,Baby Face,Tiny Tim,117.236,-14.527,126.69342,,,,,,,,,,,,
TRAJKXS128F42340B5,Cut Here,The Cure,135.038,-8.19,250.85342,,,,,,,,,,,,
TRAJKZZ128F4237B19,Carovana,I Nuovi Angeli,85.375,-8.456,231.07873,,,,,,,,,,,,
TRAJLEC128F93385A1,La Vie Par Procuration,Jean-Jacques Goldman,119.035,-11.326,236.09424,,,,,,,,,,,,
TRAJLET128F42184C5,Secret,Eddie Turner,93.99,-6.41,254.9024,,,,,,,,,,,,
TRAJLGV128F4232684,Fig Leaf Rag  (LP Version),Joshua Rifkin,128.251,-25.038,282.09587,,,,,,,,,,,,
TRAJLIV128F42882D8,A Night in Tunisia,Art Blakey's Jazz Messengers,144.737,-15.469,670.04036,,,,,,,,,,,,
TRAJLJY12903CAF344,Beautiful,Paul Glazby,149.864,-8.71,541.51791,,,,,,,,,,,,
TRAJLKH128F422C613,Nothing But The Best,White Heart,99.374,-4.744,222.06649,,,,,,,,,,,,
TRAJLNF128F422658C,Come On-a My House,Barbara Lusch,171.463,-10.304,214.30812,,,,,,,,,,,,
TRAJLOR128F428CCC9,Wing,Patti Smith,146.454,-12.359,293.53751,,,,,,,,,,,,
TRAJLOY128F92E4EAF,Believe,Saga,101.303,-10.647,294.73914,,,,,,,,,,,,
TRAJLRX128F4271A2C,Soñando En Ti,Gary Hobbs,104.12,-7.917,228.49261,,,,,,,,,,,,
TRAJLSJ12903CC49A6,Cremona (Instrumental),Vrse Murphy,97.015,-5.715,240.5873,,,,,,,,,,,,
TRAJLYW128F9313A2F,Loaded Gun,C.C. Adcock,116.009,-7.661,168.33261,,,,,,,,,,,,
TRAJMDE128F14898B2,Blues City Shake Down,John Mayall & The Bluesbreakers,133.072,-5.063,142.15791,,,,,,,,,,,,
TRAJMEL128F4262B4A,Why Get Up,The Fabulous Thunderbirds,125.676,-9.406,229.8771,,,,,,,,,,,,
TRAJMQE128F9322DDD,Vos No Confiaste,2 Minutos,105.498,-5.15,179.09506,,,,,,,,,,,,
TRAJMXE128EF34BA9E,There Is A Redeemer (Your Love Broke Through Album Version),Michelle Tumes,88.023,-10.095,203.78077,,,,,,,,,,,,
TRAJMZL12903CA4807,What Country Is,Luke Bryan,147.904,-4.43,192.44363,,,,,,,,,,,,
TRAJNBE128F4255C97,Memories,Thriller U,89.675,-12.42,226.32444,,,,,,,,,,,,
TRAJNCR12903CEBAA1,Cumpagno 'e cella,Alex,98.974,-11.813,298.52689,,,,,,,,,,,,
TRAJNFM128F42A625C,Paloma Negra,Rocio Jurado,168.268,-8.238,245.68118,,,,,,,,,,,,
TRAJNFU128F4263469,317 East 32nd,Lennie Tristano,89.868,-18.203,557.68771,,,,,,,,,,,,
TRAJNIL12903D15541,Kill the Poor,Dead Kennedys,108.977,-10.133,184.94649,,,,,,,,,,,,
TRAJNTJ12903CDB09A,Over The Hill,R.L. Burnside,95.56,-9.584,257.35791,,,,,,,,,,,,
TRAJNUU12903CC8AC0,Jamming,Twinkle Twinkle Little Rock Star,85.508,-19.488,235.38893,,,,,,,,,,,,
TRAJNWY128E078907F,Future,Cut Copy,119.562,-8.775,312.08444,,,,,,,,,,,,
TRAJNWY128F1453771,Naked Enough,Tim Wilson,137.828,-6.929,164.96281,,,,,,,,,,,,
TRAJNXG12903CB474D,The Beginning,Salt The Wound,120.502,-8.958,96.65261,,,,,,,,,,,,
TRAJNYD128F9340A32,Drive,The Cars,111.319,-5.811,234.50077,,,,,,,,,,,,
TRAJNYU128E07856A5,Can't Stop Lovin' You (Remastered Album Version),Van Halen,117.954,-3.798,248.18893,,,,,,,,,,,,
TRAJNZF12903CB22A9,Rock Co.Kane Flow,De La Soul / MF Doom,86.813,-3.684,185.23383,,,,,,,,,,,,
TRAJODO12903CD7591,Running On The Rocks,Shriekback,157.956,-13.339,297.92608,,,,,,,,,,,,
TRAJOER128F92F145A,These Nest Five Years,At All Cost,135.914,-3.523,220.47302,,,,,,,,,,,,
TRAJOES128F4245ED3,It Came To Pass (Part II),Mississippi Mass Choir,115.906,-19.174,185.20771,,,,,,,,,,,,
TRAJOIH128F14B08F7,Magic Dragon Theatre,Utopia,98.528,-11.865,208.14322,,,,,,,,,,,,
TRAJOLQ128EF346088,Function Of The Sun,The Ruby Suns,42.525,-9.876,70.89587,,,,,,,,,,,,
TRAJONM128F92F543D,I Want Your Soul For Christmas,Schoolyard Heroes,131.83,-6.84,277.96853,,,,,,,,,,,,
TRAJOPD128F92FC400,Nach Ke VEkha Bhabhiyie,Malkit Singh,161.543,-8.215,256.57424,,,,,,,,,,,,
TRAJOPH12903CE6732,(Everybody's Waiting For) The Man With the Bag,Mannheim Steamroller,154.695,-6.894,149.89016,,,,,,,,,,,,
TRAJOPN128F423BEC3,Dimension,Wolfmother,141.769,-4.598,260.91057,,,,,,,,,,,,
TRAJOUG128F4276434,Faroe Cave Song,John Tchicai,149.005,-26.7,89.88689,,,,,,,,,,,,
TRAJOWK128F4263735,It's Going Down,Suicidal Tendencies,164.925,-5.93,269.81832,,,,,,,,,,,,
TRAJOYN128F9308712,Cha Cha Brasilia,Bert Kaempfert,122.155,-8.817,154.06975,,,,,,,,,,,,
TRAJOZN128F92D688E,Schmerzensschreie,ColdWorld,134.832,-6.164,344.68526,,,,,,,,,,,,
TRAJPCX12903CE8ACB,Gimme Legs,The Chap,120.188,-7.345,213.89016,,,,,,,,,,,,
TRAJPIK128F1460C83,Bush,David Banner,99.487,-3.737,183.90159,,,,,,,,,,,,
TRAJPIQ128F14819A8,The Devil,The Rapture,119.813,-6.425,277.02812,,,,,,,,,,,,
TRAJPNM128F426C3F0,Mary In Labor,Paul Cantelon,41.133,-22.788,210.54649,,,,,,,,,,,,
TRAJPNM12903CCB61E,Shining,Ice,93.937,-5.651,421.61587,,,,,,,,,,,,
TRAJPPJ128F1497140,Number Nine (LP Version),Richard Lloyd,159.081,-10.853,172.77342,,,,,,,,,,,,
TRAJPPX128F4259FD4,Friend Or Foe,Adam Ant,183.907,-6.267,203.91138,,,,,,,,,,,,
TRAJPTE128F429AEC2,For The First Time,June Hutton,88.95,-15.545,138.34404,,,,,,,,,,,,
TRAJPUF128E0784808,Can't Happen Here,Rainbow,155.999,-10.915,299.57179,,,,,,,,,,,,
TRAJPWL128F145E107,La (Moonman's Flashover Mix Edit),Marc Et Claude,136.964,-7.993,361.01179,,,,,,,,,,,,
TRAJPXA128F933A565,Love The Feeling - Original,Leroy Hutson,192.66,-13.575,170.50077,,,,,,,,,,,,
TRAJPXP128F92E0ABE,Pee Wee's Boogie,Pee Wee Crayton,97.487,-12.941,164.57098,,,,,,,,,,,,
TRAJPZH128F93554AA,t.k.k.,Fläskkvartetten / Thåström,130.255,-17.379,185.80853,,,,,,,,,,,,
TRAJQBF128F423C324,Caray!,Gabinete Caligari,74.884,-4.528,183.87546,,,,,,,,,,,,
TRAJQBX128F930166B,La marine,Marc Perrone,107.728,-9.637,202.23955,,,,,,,,,,,,
TRAJQOH128F934D64B,Crescent Moon,Ancient Astronauts,136.044,-7.111,330.57914,,,,,,,,,,,,
TRAJQXD128F428767D,Radiance I,Basic Channel,71.416,-17.88,811.2322,,,,,,,,,,,,
TRAJRBF12903CDCA3F,Inherent Scars,Symphony in Peril,100.034,-6.776,245.13261,,,,,,,,,,,,
TRAJRIT128F92F4352,Trading Places,Usher,147.979,-4.04,286.77179,,,,,,,,,,,,
TRAJRLX12903CC0D7A,Mom's Phone,Greg Vaccariello,74.728,-12.15,133.66812,,,,,,,,,,,,
TRAJRMC12903CA7ECF,I Am a Rasta Man,Wailing Souls,130.427,-17.309,213.15873,,,,,,,,,,,,
TRAJRMO128F421FA6F,Dub It,J.C. Lodge,152.516,-13.06,286.6673,,,,,,,,,,,,
TRAJRMZ128F932DC12,Woman of Shiloh,Mike Brooks,139.202,-13.713,132.93669,,,,,,,,,,,,
TRAJRTY128F426CF1F,The Southern Soldier Boy,Kathy Mattea,96.695,-13.056,156.62975,,,,,,,,,,,,
TRAJRXL128F42760EC,Bon Demain,This Moment,116.081,-7.322,213.21098,,,,,,,,,,,,
TRAJRYA12903CDA1F2,Zurezko Olerkia,Varios,100.929,-25.431,168.28036,,,,,,,,,,,,
TRAJRYM128F92DF1A6,When I Get Home,The Fabulous Thunderbirds,133.349,-12.219,287.65995,,,,,,,,,,,,
TRAJRZL128F42699D5,He's Leading The Way,The Perrys,107.905,-7.792,115.1473,,,,,,,,,,,,
TRAJSCE128F92F9AC6,It's Too Late,Small Faces,125.295,-5.074,157.46567,,,,,,,,,,,,
TRAJSCN12903D0CBAA,Widow's Walk,Enter the Haggis,134.819,-10.211,381.54404,,,,,,,,,,,,
TRAJSCW128F9335F78,Love Of My Life,The Chi-Lites,90.101,-9.588,260.98893,,,,,,,,,,,,
TRAJSDQ12903CD481F,Memories,George Lopez,118.06,-16.016,153.49506,,,,,,,,,,,,
TRAJSFB128F4270AED,It All Depends On You,Jerry Lewis,124.877,-9.865,142.73261,,,,,,,,,,,,
TRAJSHB128F92FCC80,The Traffic Jam,Stephen Marley / Damian Marley,165.886,-8.476,247.17016,,,,,,,,,,,,
TRAJSIX12903CBAE2B,Beautiful When You're Green,Charlie Khan,92.55,-3.976,208.24771,,,,,,,,,,,,
TRAJSJD128F4277B75,Rock Biter (Album Version),Red I Flight,120.617,-4.852,179.01669,,,,,,,,,,,,
TRAJSKN128F92F9046,Edge Of The Dream (Emergency Broadcast Album Version),White Heart,162.817,-11.706,273.8673,,,,,,,,,,,,
TRAJSML12903CEC6C5,Broken Hearted Side Of New Orleans,Jo-El Sonnier,145.218,-9.503,194.24608,,,,,,,,,,,,
TRAJSNE128F9305CFD,Hot Spot (Terrible Love Mix),Steinski,185.325,-12.738,169.97832,,,,,,,,,,,,
TRAJSNU128F92F2AC0,If We Loved,Chuck Wicks,99.124,-5.278,222.01424,,,,,,,,,,,,
TRAJSOQ128F92C6A6B,Pasa el tiempo,Yahir,127.469,-8.879,285.28281,,,,,,,,,,,,
TRAJSPE12903C9F712,Dial Me,Lexi,130.052,-10.258,244.03546,,,,,,,,,,,,
TRAJSQA128F4263330,Resistance,Cali,127.792,-8.038,156.55138,,,,,,,,,,,,
TRAJSQK12903CB1099,Sing Boy Sing,Tommy Sands,101.324,-18.183,142.99383,,,,,,,,,,,,
TRAJSRH128F425DDC7,Irreplaceable (Irreemplazable),Beyoncé,87.992,-4.883,230.55628,,,,,,,,,,,,
TRAJSRM12903CA068C,Shadows,DJ Harry,181.371,-7.254,309.60281,,,,,,,,,,,,
TRAJTAW128F934CEDB,Isn't That Just Like God (Medium Key Performance Track Without Background Vocals),Babbie Mason,141.042,-16.409,236.25098,,,,,,,,,,,,
TRAJTCL128F1460CDA,Shoulda Did,Rated R,104.993,-3.523,249.75628,,,,,,,,,,,,
TRAJTCX128F42990AD,Vena Cava 8,Diamanda Galas,168.352,-51.643,191.42485,,,,,,,,,,,,
TRAJTDG128E0792698,Magic,Black Eyed Peas / Terry Dexter,103.652,-3.574,275.04281,,,,,,,,,,,,
TRAJTOI128F9335EEC,Imagination,Beenie Man,159.248,-6.171,230.24281,,,,,,,,,,,,
TRAJTYX128F145AD24,Between The Worlds,Be Bop Deluxe,142.88,-11.292,197.82485,,,,,,,,,,,,
TRAJTZG128F931F7DC,A Night at Mahmoud's,Rolfe Kent,119.71,-30.22,112.16934,,,,,,,,,,,,
TRAJUAP128F423CB89,Sprung (Cibola Mix W/ Rap),Nu Flavor,96.057,-5.426,242.38975,,,,,,,,,,,,
TRAJUBO128F42460B4,La Romance De La Pluie,Maurice Chevalier,130.275,-13.379,214.5171,,,,,,,,,,,,
TRAJUPC128F427F008,Spoken Words by Bishop Joseph Garlington,ISRAEL & NEW BREED,93.773,-25.26,151.40526,,,,,,,,,,,,
TRAJUPF128F4231A2C,Ya Mama (Palm Springs Demo),P.O.D.,125.528,-5.322,188.94322,,,,,,,,,,,,
TRAJUPI128F9324529,Veronica Sawyer (Album),Reel Big Fish,91.463,-4.12,205.87057,,,,,,,,,,,,
TRAJUPY128EF3645D3,Faith,Mystery,171.787,-9.049,216.73751,,,,,,,,,,,,
TRAJURP128F93378C1,Chanson De La Patience,Jacques Douai,103.12,-22.504,136.75057,,,,,,,,,,,,
TRAJUWA128F92E5B59,Et kütt wie et kütt,Eko Fresh,167.59,-5.172,234.60526,,,,,,,,,,,,
TRAJUXT128F932B03C,Searching,Buju Banton,85.988,-13.139,256.78322,,,,,,,,,,,,
TRAJUYV128F93378E6,Le Dormeur du Val,Jacques Douai,77.645,-20.869,189.59628,,,,,,,,,,,,
TRAJVBC128F92F76B2,Sapphire,Bill Douglas,192.819,-16.865,273.97179,,,,,,,,,,,,
TRAJVHI128F930EFAF,Ring The Alarm,Beyoncé,113.812,-6.295,212.16608,,,,,,,,,,,,
TRAJVMY128F147BF78,Ouachita Run (Album Version),Alvin Youngblood Hart,195.223,-18.909,159.39873,,,,,,,,,,,,
TRAJVOJ128F93135D3,Rainbow '65 (part 2) - Live,Gene Chandler,175.028,-14.89,163.29098,,,,,,,,,,,,
TRAJVQV128F424C1ED,The Blood Covers It All (Live),Legacy Five,69.169,-11.723,286.24934,,,,,,,,,,,,
TRAJWGG12903CB81AF,Led By the Master's Hand,The Del McCoury Band,140.9,-9.329,173.97506,,,,,,,,,,,,
TRAJWGJ128F42ADC43,Kenourgia Fotia,Christos Dantis,126.976,-4.133,246.80444,,,,,,,,,,,,
TRAJWRT128F42706DF,Moonlight In Vermont,Walter Jackson; Arranged & conducted by Riley Hampton,43.967,-14.094,211.25179,,,,,,,,,,,,
TRAJWSL12903CE7BA6,Now U Got It,J Bostron & Beretta,87.122,-4.962,320.93995,,,,,,,,,,,,
TRAJWVB128F4243830,I've never been so Lonely,Mark Ashley,129.987,-6.806,198.19057,,,,,,,,,,,,
TRAJXAY128F4239110,I Love You (LP Version),Cindy Morgan,112.248,-14.677,158.27546,,,,,,,,,,,,
TRAJXBS12903CDCE2C,Decline Of the Western Civilization,Deathstar,140.202,-5.443,229.8771,,,,,,,,,,,,
TRAJXED12903CC548C,Dancing With Myself (BBC In Concert 01/01/81),Generation X,174.524,-7.46,291.63057,,,,,,,,,,,,
TRAJXGX12903D077EC,Evening,Vanessa Daou,144.975,-11.607,222.04036,,,,,,,,,,,,
TRAJXHP128F9344F44,Hey!,Laidback Luke & Diplo,126.94,-6.737,315.92444,,,,,,,,,,,,
TRAJXKX128F428021C,Midnight,Joe Satriani,83.957,-16.104,185.70404,,,,,,,,,,,,
TRAJXNB128F4261F43,Brother,Steve Vai,227.161,-7.269,304.71791,,,,,,,,,,,,
TRAJXNN128E078F945,Civilized Reggae,Burning Spear,125.245,-8.01,355.18649,,,,,,,,,,,,
TRAJXOD12903CFC833,What Is A Woman For? (BBC In Concert),The Edgar Broughton Band,59.678,-16.479,588.85179,,,,,,,,,,,,
TRAJXOF128F933407C,Otra Parte De Mi (1997 Digital Remaster),Aleks Syntek,120.309,-4.252,232.07138,,,,,,,,,,,,
TRAJXQL128F428CAF0,Macarena,Los Del Rio,206.02,-12.005,249.49506,,,,,,,,,,,,
TRAJXRE128F425A63C,Cover To Cover,Wes King,118.152,-7.92,233.45587,,,,,,,,,,,,
TRAJXSF128F42802FE,Kesäilta Saimaalla,Teijo Joutsela and Humppa-Veikot,120.012,-12.013,159.63383,,,,,,,,,,,,
TRAJXUS128F9309CEE,What's The Matter With The Mill,Moon Mullican,182.408,-18.692,157.49179,,,,,,,,,,,,
TRAJXYE128F92C9BD7,Let me fly,Jefferson Starship,132.611,-9.864,329.50812,,,,,,,,,,,,
TRAJYHT12903CC8F90,En fet man,Ronny Eriksson,111.927,-15.086,208.87465,,,,,,,,,,,,
TRAJYKE128F92E25D7,Now I Got A Woman,John Mayall,147.128,-7.611,264.6722,,,,,,,,,,,,
TRAJYRB128F1491A59,Nothing's The Same,Gary Moore,86.321,-20.496,304.95302,,,,,,,,,,,,
TRAJYTQ12903CDEF60,Stolen Pills,Spiral Stairs,152.633,-5.677,146.99057,,,,,,,,,,,,
TRAJYXI12903CF8185,Outro,Attack Attack,100.03,-20.856,83.98322,,,,,,,,,,,,
TRAJZBD128F42A2502,Sloppy Love Jingle_ Pt. 3 (Amended Album Version),Gym Class Heroes,80.473,-13.12,134.922,,,,,,,,,,,,
TRAJZCH128F933D2B7,Patricia,Mighty Mighty Bosstones,197.213,-9.515,168.85506,,,,,,,,,,,,
TRAJZCR12903CC8D33,A Dustland Fairytale,Twinkle Twinkle Little Rock Star,80.003,-19.938,238.52363,,,,,,,,,,,,
TRAJZDD128F425AA57,Through The Eyes Of Faith,The Booth Brothers,130.98,-4.071,244.92363,,,,,,,,,,,,
TRAJZDQ128F4260AC0,Loves Parting,Vivian Khor,92.017,-21.533,253.12608,,,,,,,,,,,,
TRAJZGG128F423DA86,Still Lost in the Forest,Anne Dudley,172.223,-19.597,177.44934,,,,,,,,,,,,
TRAJZII128F9358893,So Many Roads,The Mustangs,117.044,-9.302,174.57587,,,,,,,,,,,,
TRAJZIS128F4288E43,We're Almost There,Michael Jackson,187.427,-9.631,222.37995,,,,,,,,,,,,
TRAJZJQ128F423F44F,Blame Canada ( From: South Park ),Marc Shaiman,136.975,-16.079,106.81424,,,,,,,,,,,,
TRAJZKF12903CDA164,A Different Kind of Love,Paul Simon,133.884,-7.444,137.40363,,,,,,,,,,,,
TRAJZLM128F427CEB7,B-Boy Stance,K-OS,97.98,-6.491,238.23628,,,,,,,,,,,,
TRAJZPU128F422C1D2,Unfinished Self-Portrait,Eberhard Weber,99.556,-27.016,279.06567,,,,,,,,,,,,
TRAJZRG128F930662C,Lifeboat Serenade,Jimmy Herring,124.073,-10.004,359.8624,,,,,,,,,,,,
TRAJZVL128F9342662,Christmas Time,The Continentals,90.245,-7.928,164.12689,,,,,,,,,,,,
TRAJZWM128F4262BBD,Song Sung Blue,Neil Diamond,127.275,-12.409,172.38159,,,,,,,,,,,,
TRAJZXZ128F4285158,Cúnla/The Friar's Breeches,The Chieftains;Colin James,114.589,-12.81,218.33098,,,,,,,,,,,,
TRAJZYI128F424B412,Party Time,45 Grave,114.135,-12.778,163.26485,,,,,,,,,,,,
TRAJZZC128F424A4D0,Mean And Evil Blues,Joe Turner_ Joe Houston_ L. C. Williams,70.49,-23.538,171.31057,,,,,,,,,,,,
TRAKABH128F14A0747,I Feel So Good,J.B. Lenoir,129.583,-7.573,114.62485,,,,,,,,,,,,
TRAKABJ12903CA14CE,I Need You,Screaming Jay Hawkins,172.112,-13.142,128.96608,,,,,,,,,,,,
TRAKAEL128F4280E3A,Navy hymn,The Sun Harbor's Chorus-Documentary Recordings,56.958,-18.681,58.46159,,,,,,,,,,,,
TRAKAFU12903CB4234,We Do It For the Money_ OBVIOUSLY! (Demo),Set Your Goals,203.211,-3.564,52.55791,,,,,,,,,,,,
TRAKAGL128F148B3B7,Gettin' Better,Tesla,128.262,-10.223,210.28526,,,,,,,,,,,,
TRAKAJM128F429BEED,You Don't Know Me,Charlie Rich,96.243,-13.505,268.7473,,,,,,,,,,,,
TRAKANW12903CF8A20,Warm Spring Night,Claw Hammer,77.478,-7.669,263.36608,,,,,,,,,,,,
TRAKARY128F427253E,The Hero Dies in This One,The Ataris,145.711,-4.544,246.85669,,,,,,,,,,,,
TRAKAVM128F92F34F2,Newborn Blessing (World),Sharon Burch,114.832,-18.312,193.82812,,,,,,,,,,,,
TRAKBAS128F427F12A,Below The Stars,The Field Mice,70.09,-14.064,335.46404,,,,,,,,,,,,
TRAKBCV128F4232BB1,Dab_dab_doo-Party In The Jungle,Taboo,140.068,-5.266,224.93995,,,,,,,,,,,,
TRAKBGA128F426008F,Plexis,Billy Higgins_ Bob Berg_ Cedar Walton_ Tony Dumas,69.742,-7.949,451.34322,,,,,,,,,,,,
TRAKBHG12903CDA83B,Papito Charme,Koffi Olomidé,120.807,-7.441,445.49179,,,,,,,,,,,,
TRAKBKO128F1481CFA,Sing Your Freedom,White Heart,126.153,-8.797,299.36281,,,,,,,,,,,,
TRAKBKS12903CA18AF,All They Want,Singing Melody,166.72,-6.232,221.12608,,,,,,,,,,,,
TRAKBMM12903CCAB4C,Sparnuotoji Doze. Laukimas,Svartthron,90.126,-9.663,323.60444,,,,,,,,,,,,
TRAKBON128F9311039,Around And Around,The Rolling Stones,185.333,-11.553,183.17016,,,,,,,,,,,,
TRAKBPT128F426E3A5,NY Timbuctu,The Rongetz Foundation,91.417,-8.977,456.64608,,,,,,,,,,,,
TRAKBTM128F4279096,Loko,Kassav',97.999,-6.824,335.56853,,,,,,,,,,,,
TRAKBYP128F42385F0,Dance_ Dance,Fall Out Boy,114.535,-3.544,189.80526,,,,,,,,,,,,
TRAKCAC128F146E773,Cry On (Acoustic Demo),Bob Marley & The Wailers,122.565,-15.193,229.90322,,,,,,,,,,,,
TRAKCAE128F92DACD8,Le chanteur malheureux,Claude François,134.237,-12.472,197.25016,,,,,,,,,,,,
TRAKCAT128F4238DC6,Bruk Out and Wine,Elephant Man,125.329,-8.48,155.97669,,,,,,,,,,,,
TRAKCCA128F92F4EDC,Let It Be,The Cate Brothers,147.093,-16.086,223.97342,,,,,,,,,,,,
TRAKCFG128F149D9B7,Walkin' In,Tracy Byrd,168.849,-9.068,182.33424,,,,,,,,,,,,
TRAKCGP128F427CAF4,Viens Danser Jeannette,Jean Segurel,135.561,-11.373,172.12036,,,,,,,,,,,,
TRAKCHU128F4234E44,No me imagino,Fran Perea,180.04,-4.556,194.21995,,,,,,,,,,,,
TRAKCJK128F92FE943,It Ain't The Meat It's The Motion (LP Version),Maria Muldaur,137.272,-10.034,181.73342,,,,,,,,,,,,
TRAKCML128F4246E27,Acapulco Sunrise,Santana,93.366,-10.3,153.7824,,,,,,,,,,,,
TRAKCNI128F427BA71,Iki Tas Corba,Mustafa Sandal,170.047,-13.342,227.65669,,,,,,,,,,,,
TRAKCPH128F930F9CD,Guayabera,Johannes Linstead,115.049,-7.409,294.66077,,,,,,,,,,,,
TRAKCRM128F42542F3,Packing Up,Dorothy Norwood,99.113,-6.821,339.1473,,,,,,,,,,,,
TRAKCUU128F1489FAD,Mirror (Album),Cinder,120.122,-4.634,167.26159,,,,,,,,,,,,
TRAKCWC128F4271E34,Donde,Fania All Stars,153.316,-7.136,290.08934,,,,,,,,,,,,
TRAKCXY128F92D6D9E,Must Have Been The Devil,Otis Spann,99.463,-13.389,160.83546,,,,,,,,,,,,
TRAKDCQ128F42A247A,I Go To Work,Kool Moe Dee,83.856,-8.762,281.33832,,,,,,,,,,,,
TRAKDDB128F92D168A,Is It You?,Lee Ritenour,164.594,-9.727,274.72934,,,,,,,,,,,,
TRAKDDH128F427813C,Bottle It Up And Go,Big John Greer,159.939,-7.265,145.73669,,,,,,,,,,,,
TRAKDGR128F4294231,El Momento,Jaguares,119.09,-9.795,302.8371,,,,,,,,,,,,
TRAKDKW128F92FDEA3,My Saviour Is Lord,Oak Ridge Boys,105.044,-12.135,125.83138,,,,,,,,,,,,
TRAKDMK128F92F9AFC,Country Day,The Tragically Hip,122.926,-5.48,318.87628,,,,,,,,,,,,
TRAKDMX128F930EA37,Let The Church Rise,Carman featuring Commissioned & The Christ Church Choir,135.507,-9.464,326.26893,,,,,,,,,,,,
TRAKDRN12903CE8855,Nema Dana Ni Meseca,Reni,130.027,-2.785,191.52934,,,,,,,,,,,,
TRAKDWD128F92E25D5,Cantares,Raphael,120.101,-6.862,198.86975,,,,,,,,,,,,
TRAKDWR128F92E5648,Sa La Re Wo Di Luo Mi Qu Yu Zhu Li Ye,Sammi Cheng,119.101,-5.597,294.47791,,,,,,,,,,,,
TRAKEBX128F423A5FA,Why,Fiona,157.759,-8.005,215.06567,,,,,,,,,,,,
TRAKEDS128F9337392,Helium,Cargo Cult,95.995,-7.76,240.09098,,,,,,,,,,,,
TRAKEFC128F4271F38,Poison Lips,Lord Sterling,141.769,-6.8,315.16689,,,,,,,,,,,,
TRAKEKO128F9331A6C,I Need To Talk To Hank Hank,Forensics,137.883,-24.25,415.45098,,,,,,,,,,,,
TRAKEMT128F92C2CAC,Soldats Ne Tirez Pas,Gerard Lenorman,112.192,-5.53,191.73832,,,,,,,,,,,,
TRAKEOS12903CF523F,Walk With You,Cama,185.981,-5.516,183.562,,,,,,,,,,,,
TRAKEOZ128F427EC52,Robot Kid,Anat Ben David,110.579,-4.662,132.93669,,,,,,,,,,,,
TRAKEUZ128E078BE99,Almendra,Arturo Sandoval,139.944,-12.246,271.43791,,,,,,,,,,,,
TRAKEVX128F4246BF3,Mikawa Miya,Novika,90.017,-9.655,268.90404,,,,,,,,,,,,
TRAKFCE128F93081A9,Dat Dere,Eldar,140.608,-17.112,579.13424,,,,,,,,,,,,
TRAKFHT128F92E830D,Rue de Nantes,Oldelaf et Monsieur D,127.605,-9.985,249.41669,,,,,,,,,,,,
TRAKFJL128F92F3565,Ren Lai Ren Wang,Eason Chan,73.438,-14.155,271.09832,,,,,,,,,,,,
TRAKFKB128F92EFA7F,Please Don't Lie To Me,The Fabulous Thunderbirds,148.452,-8.692,127.68608,,,,,,,,,,,,
TRAKFLO128F42775B4,45 Pounds,Hey Colossus,104.819,-9.711,251.81995,,,,,,,,,,,,
TRAKFPX128F4235FEF,Chela,Sonora Carruseles,60.159,-11.079,220.78649,,,,,,,,,,,,
TRAKFQV128F145C912,I Know That Car,Eddy Raven,105.966,-14.586,201.63873,,,,,,,,,,,,
TRAKFSV128F4257C10,Kitteldags,Finntroll,110.972,-5.059,125.46567,,,,,,,,,,,,
TRAKFUN12903D0F74F,The Story (get It On),Tanto Metro & Devonte,87.697,-8.726,209.03138,,,,,,,,,,,,
TRAKFWY128F429DA3D,Coppershot,Bounty Killer,142.749,-8.043,221.70077,,,,,,,,,,,,
TRAKFYU128F4283EB5,Dump,Mobb Deep featuring Nate Dogg,91.562,-3.813,195.65669,,,,,,,,,,,,
TRAKFZB12903CAE89D,Like It's Hot,DJ Spinn and DJ Rashad,160.04,-13.306,209.94567,,,,,,,,,,,,
TRAKGAX128F4264182,El Amor,Jose Luis Perales,98.679,-10.744,253.12608,,,,,,,,,,,,
TRAKGCJ128F145D675,Negocio Prohibido,El Poder del Norte,171.849,-10.566,223.05914,,,,,,,,,,,,
TRAKGDA128F423CBC8,Dutty Wine,Tony Matterhorn,127.493,-5.953,183.53587,,,,,,,,,,,,
TRAKGDZ12903CE4867,Won Threw Ate,Story Of The Year,143.837,-3.487,224.41751,,,,,,,,,,,,
TRAKGGD12903CCC44A,Baby,Brazilian Tropical Orchestra,135.894,-16.031,198.32118,,,,,,,,,,,,
TRAKGGU128F428D83C,Why?,Kisha,199.917,-4.799,225.38404,,,,,,,,,,,,
TRAKGNA12903CBC07B,Sizofrenija(duet Ana Nikolic&Aca Lukas),Ana Nikolic,145.893,-5.402,263.00036,,,,,,,,,,,,
TRAKGOF128F93060F6,Happiness Is Loving You,Tyrone Taylor,159.728,-6.536,178.15465,,,,,,,,,,,,
TRAKGOU128F92F282C,Bread Or Blood (Single),4 Skins,101.962,-9.089,170.52689,,,,,,,,,,,,
TRAKGRM128F149DAFB,The Champ,Robben Ford,114.681,-9.925,312.92036,,,,,,,,,,,,
TRAKGTS128EF35CBD5,Hold On,White Heart,125.881,-10.383,221.20444,,,,,,,,,,,,
TRAKGVT128F4222A75,Rock Star (LP Version),Zapp,110.444,-11.655,244.53179,,,,,,,,,,,,
TRAKGWA128F9321155,Mediocre (Version original),Ximena Sarinana,169.105,-11.689,218.04363,,,,,,,,,,,,
TRAKHAU128F42927B4,Taste It,Busta Rhymes,146.971,-7.958,226.32444,,,,,,,,,,,,
TRAKHFI128F1475133,You've Lost That Lovin' Feelin',Fontella Bass,101.469,-10.269,204.35546,,,,,,,,,,,,
TRAKHNP128F92E5B58,Einfach,Rhinostar,89.954,-5.021,206.99383,,,,,,,,,,,,
TRAKHUW12903CF0048,Towards Eternity,Old Man's Child,95.138,-6.748,317.12608,,,,,,,,,,,,
TRAKHXX128E07877EB,Emit Remmus (Album Version),Red Hot Chili Peppers,112.961,-2.267,240.19546,,,,,,,,,,,,
TRAKHYP128E0792F07,Moses,Patty Griffin,95.738,-7.852,208.32608,,,,,,,,,,,,
TRAKHYW128F422E20A,Infernal Calling,Satan's Host,136.474,-3.92,412.1073,,,,,,,,,,,,
TRAKIHI12903D007DE,For Your Passion My Love,Aeoliah,126.976,-15.226,307.09506,,,,,,,,,,,,
TRAKIIY128F9312465,Valérie,Eric Demarsan,108.11,-24.436,91.45424,,,,,,,,,,,,
TRAKIJI128F42494D1,Having You There,Mississippi Mass Choir,163.35,-5.743,333.5571,,,,,,,,,,,,
TRAKIJS128F9309DA5,Awake IV,Space Opera,95.736,-8.601,82.18077,,,,,,,,,,,,
TRAKIKG128F932BC18,Outro,Through the Eyes of the Dead,97.802,-31.982,41.482,,,,,,,,,,,,
TRAKILC128F933EC35,Lovers Lane Boogie,Johnny Otis,94.961,-15.506,160.60036,,,,,,,,,,,,
TRAKILX128F42892BF,Naming Ceremony,Finest Dearest,121.03,-7.34,299.75465,,,,,,,,,,,,
TRAKIPW12903CE7FFE,Gillum Blues,Jazz Gillum,179.269,-12.455,137.82159,,,,,,,,,,,,
TRAKIQQ12903CA7434,Goodfellas,Neema,136.223,-6.697,227.02975,,,,,,,,,,,,
TRAKISP128F4284A37,Ala Kaboo (Idjut Boy's H-Bar Mix),Sound 5,243.994,-11.315,469.62893,,,,,,,,,,,,
TRAKIZE128F4231B3F,Oceans Of Love (LP Version),Jorgen Ingmann,160.451,-8.768,129.01832,,,,,,,,,,,,
TRAKJAE128F92DCC67,Jack and Benton,Sean Callery,121.153,-29.331,212.84526,,,,,,,,,,,,
TRAKJDO128F4222AED,Nivel De Mafia,Jesus Otero - Luny Tunes,96.024,-5.552,191.76444,,,,,,,,,,,,
TRAKJIN128F92D964B,Hechizo,Gran Coquivacoa,137.939,-9.764,188.89098,,,,,,,,,,,,
TRAKJNX128F92CF428,London Bridge,Fergie,91.02,-5.93,208.95302,,,,,,,,,,,,
TRAKJOW128F1489DE4,Strange Days ( LP Version ),The Doors,121.744,-6.772,186.56608,,,,,,,,,,,,
TRAKJTB128F148C560,Safe Sex,Erick Sermon,197.741,-9.436,223.4771,,,,,,,,,,,,
TRAKJYQ128F934B22E,A Part Of Me,40 Grit,148.234,-8.951,250.67057,,,,,,,,,,,,
TRAKJZM12903CDCF1E,Guarda Che Luna,Bob Azzam,121.649,-5.382,107.31057,,,,,,,,,,,,
TRAKJZU128EF34BE38,Space Station Liberty,Scott Glasgow,77.115,-14.15,222.82404,,,,,,,,,,,,
TRAKKCD128F92D95AC,Manteca,Poncho Sanchez,221.81,-15.82,350.27546,,,,,,,,,,,,
TRAKKCL128F92FAE59,Tell Jesus [To Come To My House],Livingston Taylor,153.033,-13.559,285.88363,,,,,,,,,,,,
TRAKKGJ128F1469B28,Zero,Papa Wemba,134.201,-11.73,265.76934,,,,,,,,,,,,
TRAKKHN128E07855F9,He's Alright (Album Version),Fortitude,88.025,-6.464,260.46649,,,,,,,,,,,,
TRAKKLW128F9317389,In A Distant Place (World),R. Carlos Nakai,158.152,-22.812,238.13179,,,,,,,,,,,,
TRAKKMS128F42B3BF6,Wet The Club,Onyx,164.981,-6.305,255.50322,,,,,,,,,,,,
TRAKKOH128F42AF40E,Por Arriesgarnos,Jennifer Lopez,201.792,-10.447,211.80036,,,,,,,,,,,,
TRAKKPN12903CF7C4D,A Fool's Advice,Joe Grushecky,109.997,-13.54,253.04771,,,,,,,,,,,,
TRAKKTE128F934B0D9,One Fine Day,THE CHIFFONS,88.808,-8.23,129.67138,,,,,,,,,,,,
TRAKKWR128F9314A64,Tanzen,Spitfire,155.056,-3.73,200.09751,,,,,,,,,,,,
TRAKKZM128F427CFD5,Prolog auf Erden,Equilibrium,180.12,-3.901,219.03628,,,,,,,,,,,,
TRAKLEZ128F4270649,Who Was I Kidding,Martha Wainwright,153.396,-10.512,251.16689,,,,,,,,,,,,
TRAKLHO128F42BA554,Rocks Off,The Rolling Stones,141.808,-8.242,272.43057,,,,,,,,,,,,
TRAKLML128E07999DA,Unbreakable,Ms. Dynamite,109.287,-8.226,208.5873,,,,,,,,,,,,
TRAKLOM12903CC8F8A,Spritlåten,Ronny Eriksson,115.079,-12.417,160.1824,,,,,,,,,,,,
TRAKLQJ128F42607F9,Run The Show featuring Don Omar [en Espanol],Kat DeLuna,104.986,-5.919,213.4722,,,,,,,,,,,,
TRAKLSA12903CDA3EB,Strikes-3,Atom,126.953,-9.36,439.06567,,,,,,,,,,,,
TRAKMBD128F932A309,Watermelon Man (What A Mellow Goy),Artie Fishel & The Promised Band,155.329,-7.008,145.76281,,,,,,,,,,,,
TRAKMGY128F4269E37,Got The Bull By The Horns,Johnny Horton,87.653,-11.011,131.81342,,,,,,,,,,,,
TRAKMHH128F4276D73,Words With Fat Joe,Fat Joe,172.279,-15.329,37.642,,,,,,,,,,,,
TRAKMIX128F931D3EC,Pei Chen Pin,Jerry Yan,125.506,-6.954,277.18485,,,,,,,,,,,,
TRAKMLM128F14932B0,Some Lie For Love,L.A. Guns,133.624,-9.767,215.82322,,,,,,,,,,,,
TRAKMMY12903CC9018,Lifewalk,Demonbreed,164.137,-5.028,308.81914,,,,,,,,,,,,
TRAKMNY128EF3662A0,Vaisakhi Wala Mela,XLNC,187.926,-14.803,241.42322,,,,,,,,,,,,
TRAKMUG128F9328F8B,No Meat Blues,Champion Jack Dupree With TS McPhee,87.062,-10.688,192.15628,,,,,,,,,,,,
TRAKMUO128F4215890,Si Juras Regresar,Enrique Iglesias,141.22,-7.06,263.81016,,,,,,,,,,,,
TRAKMXB12903CC67B2,Don't Worry Now (Performance Track In Key Of Db Without Background Vocals),Britt Nicole,160.015,-13.053,245.81179,,,,,,,,,,,,
TRAKMYR128F4281FAA,Lentävä kalakukko,Esa Pakarinen,171.876,-15.202,202.86649,,,,,,,,,,,,
TRAKNBO128F428D8A6,Sidney Gorgeous,Claire Hamill,122.693,-18.206,116.29669,,,,,,,,,,,,
TRAKNBW128F4249FD8,Summer Nite,The Plasmatics,119.38,-4.907,286.9024,,,,,,,,,,,,
TRAKNDG128F428A228,If I Talk To Him,Connie Smith,141.553,-13.232,146.33751,,,,,,,,,,,,
TRAKNJM128F9310D67,Protagonist (Album Version),Scalplock,110.499,-5.3,66.0371,,,,,,,,,,,,
TRAKNLE128F42A7F9E,Willie And The Pig,The Grease Band,174.96,-17.604,254.85016,,,,,,,,,,,,
TRAKNOK128F4251A06,Because He Loves Me,Amy Lambert,108.533,-11.603,288.67873,,,,,,,,,,,,
TRAKNPA128F4238BCC,Black and Blue,Torcuato Mariano,180.191,-11.878,295.02649,,,,,,,,,,,,
TRAKNRH12903CA189C,A True Friend,Dobby Dobson,163.957,-7.303,193.56689,,,,,,,,,,,,
TRAKNRO128C7196883,Changed My Life,Baby Bash / Grimm,89.478,-5.179,231.07873,,,,,,,,,,,,
TRAKOAK128F4248629,Give It To 'Em,Chops,181.747,-3.326,171.2322,,,,,,,,,,,,
TRAKOBG128F9344340,Loose Talk,Carl Smith,113.726,-26.045,152.42404,,,,,,,,,,,,
TRAKOEB128F1478783,Intro/Chamber The Cartridge,Rise Against,109.45,-4.504,214.88281,,,,,,,,,,,,
TRAKOLG128F427541A,Blank Eye Stare,Martriden,83.914,-4.701,355.94404,,,,,,,,,,,,
TRAKOLY128F4280217,Laula kanssain,Fredi,121.117,-10.613,243.722,,,,,,,,,,,,
TRAKOMW128F428A81A,Wei Liang,Sandy Lam,98.991,-4.934,213.91628,,,,,,,,,,,,
TRAKOPE128F421CE6A,I Cried All The Way To The Altar,Patsy Cline,91.637,-9.38,148.40118,,,,,,,,,,,,
TRAKOPW12903CE434B,We're Skrewed (Otto Von Schirach My Supernatural Motorcycle Gang Will Knife U Open Piss & Shit All Over Your Organic Starbucks =iPhone Bank Account Lifeless Lifestyle Remix),All Leather,150.982,-5.282,249.5473,,,,,,,,,,,,
TRAKORU12903CEDC22,Living The Dream,D:Fuse,131.877,-12.982,352.93995,,,,,,,,,,,,
TRAKORW128F1484DF0,Hold On Baby,Janet Jackson,61.878,-32.742,10.34404,,,,,,,,,,,,
TRAKOUK12903C9B83A,Judgement Day,Dokken,124.285,-4.938,242.85995,,,,,,,,,,,,
TRAKOWI12903D04402,U North,James Newton Howard,129.113,-30.893,108.35546,,,,,,,,,,,,
TRAKOWP128F42988F8,Everything Your Heart Desires,Daryl Hall & John Oates,99.973,-7.414,299.49342,,,,,,,,,,,,
TRAKOXF128F1477B81,Valerie (LP Version),Bad Company,127.592,-12.217,208.87465,,,,,,,,,,,,
TRAKOYE128F4229B67,Main Title / The Searchers,Max Steiner,144.404,-14.759,94.27546,,,,,,,,,,,,
TRAKPBI128F4283CF4,Prelude No. 2 (2000 Digital Remaster),Angel Romero,78.281,-30.894,110.05342,,,,,,,,,,,,
TRAKPET128F92FD69F,Lonely No More,Humble Pie,120.563,-13.339,193.54077,,,,,,,,,,,,
TRAKPHK128F92F0268,Donizetti: Roberto Devereux: Ah! Ritorna qual ti spero....,Gaetano Donizetti,122.423,-18.524,164.362,,,,,,,,,,,,
TRAKPHP128F42807B0,Warning,Incubus,161.697,-6.084,291.81342,,,,,,,,,,,,
TRAKPJC128F4258613,Shelter Your Needs,Juliette & The Licks,156.523,-5.199,241.37098,,,,,,,,,,,,
TRAKPJU128F9300B55,Limelighters (feat. Camp Lo) / Flunkadelic Interlude,Aesop Rock,57.332,-8.011,273.60608,,,,,,,,,,,,
TRAKPNA128F423B01D,Gnosis,Paul Avgerinos,119.897,-23.03,423.60118,,,,,,,,,,,,
TRAKPND128F42389EA,You Can't Hurry Love  (LP Version),Phil Collins,97.649,-11.813,172.93016,,,,,,,,,,,,
TRAKPSJ128F146BFC2,Baile Da Pesada,Bangalafumenga,77.41,-8.239,188.89098,,,,,,,,,,,,
TRAKPSR128F146A1DC,Wildcat Days (1999 Digital Remaster),Bryan Ferry,125.978,-7.158,274.28526,,,,,,,,,,,,
TRAKPSU12903CF473D,Tulip,Angels,102.967,-6.335,221.41342,,,,,,,,,,,,
TRAKPUY128F4271101,I'll Meet You In The Morning,Barbara Fairchild,115.126,-8.596,193.09669,,,,,,,,,,,,
TRAKQCY128F934416C,Crushed Pears,The Balustrade Ensemble,118.311,-24.802,226.76853,,,,,,,,,,,,
TRAKQEA128F1495E21,Escape ( LP Version),Prince,119.956,-9.754,210.70322,,,,,,,,,,,,
TRAKQFZ128F429D3C9,Let It Shine,Santana,107.542,-12.896,342.83057,,,,,,,,,,,,
TRAKQHM128F92FFDCA,Todos mentimos,Diego Verdaguer,120.03,-8.368,171.04934,,,,,,,,,,,,
TRAKQKT128F4259E25,The World'll Be OK,Teenage Fanclub,120.271,-8.198,266.89261,,,,,,,,,,,,
TRAKQLN128F932AC25,Over Again (Album Version),Cavo,121.029,-4.044,207.0722,,,,,,,,,,,,
TRAKQNK128F933D92A,Never Fall,Bruisers,114.61,-10.352,103.75791,,,,,,,,,,,,
TRAKQNN128F4272146,Daughters & Sons,The Highwaymen,153.04,-11.595,260.91057,,,,,,,,,,,,
TRAKQPE128F429A7B3,En Un Pueblito Español,Joselito,98.096,-5.767,198.76526,,,,,,,,,,,,
TRAKQPX128F421FF2D,Slow Murder,Bill Laswell,137.934,-16.297,347.402,,,,,,,,,,,,
TRAKQXJ128F147A028,Summer Shudder,AFI,170.046,-4.183,187.03628,,,,,,,,,,,,
TRAKQZD12903CE8904,Suk The Blood,Lil Mz. 313 featuring DJ Rashad,160.084,-7.432,231.73179,,,,,,,,,,,,
TRAKRCM128F146B4DE,Fui Mujer,Juan Carlos Baglietto,120.101,-12.142,262.922,,,,,,,,,,,,
TRAKREH128F42750C6,Beholder of Justice (Album Version),Hatebreed (int License),134.804,-3.856,164.20526,,,,,,,,,,,,
TRAKRGZ128F42255B1,Explorador,La Portuaria,120.006,-8.853,291.13424,,,,,,,,,,,,
TRAKRHU128F92E7AA6,Mi Suegra,Conjunto Clasico,91.871,-10.05,244.74077,,,,,,,,,,,,
TRAKROC128F9326B09,Been Fighting Devilz,Snowgoons,94.146,-6.249,240.45669,,,,,,,,,,,,
TRAKRQK12903CB3006,Unleashed,Warren Barfield,196.13,-6.352,216.81587,,,,,,,,,,,,
TRAKRQS128F4238518,Welcome Into My World,Ayo,185.89,-11.522,264.56771,,,,,,,,,,,,
TRAKRQW128F427D6E3,Girls Against Boys (LP Version),Vitamin C,117.198,-6.024,256.83546,,,,,,,,,,,,
TRAKRSX12903C9D466,What is the best,Jah Legacy,105.985,-8.089,262.21669,,,,,,,,,,,,
TRAKRUY128F92FB943,Canyon People (World),R. Carlos Nakai,157.381,-32.339,276.50567,,,,,,,,,,,,
TRAKRXM128F4250E33,Corner Stone,Bob Marley,201.953,-11.575,135.49669,,,,,,,,,,,,
TRAKRXN128F42670BE,Cave It In,Margaret Becker,121.147,-7.329,260.75383,,,,,,,,,,,,
TRAKSBD128F4249E50,Sally Ann,The Cufflinks,138.425,-15.402,167.00036,,,,,,,,,,,,
TRAKSBY128F931F7B1,Bill's Speech - A New Kind of Warrior,Rolfe Kent,92.244,-24.516,100.30975,,,,,,,,,,,,
TRAKSDX12903CD9205,Villagers Galloping To Battle,Dimitri Tiomkin,84.926,-13.419,192.7571,,,,,,,,,,,,
TRAKSHV12903CD611D,Oooh_ Pooh,Pheeroan Aklaff,207.409,-18.379,81.91955,,,,,,,,,,,,
TRAKSIS12903CA4FF3,Agradeça Ao Pelô,Moraes Moreira,185.327,-9.832,232.07138,,,,,,,,,,,,
TRAKSPS128F933B3D9,Vitrier,Olivia Ruiz,241.892,-8.328,252.86485,,,,,,,,,,,,
TRAKSRQ128F4269AE8,Camelot,Richard Burton,112.144,-15.545,149.28934,,,,,,,,,,,,
TRAKTFQ128F145698C,Essaywhuman?!!,The Roots,74.162,-3.05,315.01016,,,,,,,,,,,,
TRAKTJE128F93539EF,Homegrown,The Pharcyde,130.019,-9.628,138.50077,,,,,,,,,,,,
TRAKTNE128EF3427CC,Albinoni's Adagio In G Minor (LP Version),The Doors,97.035,-13.473,272.45669,,,,,,,,,,,,
TRAKTWZ128EF35E206,When I Think Of You,Janet Jackson,116.195,-11.761,235.41506,,,,,,,,,,,,
TRAKTXU12903CDB3C4,Metanoia,Rick Snel,133,-8.744,465.99791,,,,,,,,,,,,
TRAKTZY128F148C55C,Stay Real,Erick Sermon,97.544,-9.356,235.51955,,,,,,,,,,,,
TRAKUJE128F42AE89C,So Glad,Chris Brown,100.969,-7.098,177.89342,,,,,,,,,,,,
TRAKUJS128F14668E5,Ulcer Breakout,Butthole Surfers,122.125,-3.865,154.85342,,,,,,,,,,,,
TRAKUKL128F4295046,Porque Me Gusta A Morir,Isabel Pantoja,163.922,-11.88,317.36118,,,,,,,,,,,,
TRAKUNC128F147C549,Freaks (Album Version),Soul Asylum,191.226,-10.294,206.75873,,,,,,,,,,,,
TRAKURV12903CEE1C7,Monsieur qui s'engraisse,Michèle Bernard,109.974,-12.882,212.13995,,,,,,,,,,,,
TRAKUUA128F425B3EE,"Générique - ""le gendarme et les gendarmettes",Raymond Lefèvre,112.445,-9.831,114.99057,,,,,,,,,,,,
TRAKUXU128F930C45B,Rio Grnade,Chanta Vielma,81.585,-12.652,244.24444,,,,,,,,,,,,
TRAKVAA128F932B103,Atomic Beat Boy (Album Version),Helen Love,142.004,-9.699,216.76363,,,,,,,,,,,,
TRAKVAS128F92FC385,Two Wheels In the Ditch,Undertakin' Daddies,122.358,-9.269,146.02404,,,,,,,,,,,,
TRAKVCR12903CC764E,Rette Mich Später (Michael Ilbert Radio Mix),2raumwohnung,124.992,-5.239,234.34404,,,,,,,,,,,,
TRAKVFJ12903CD4045,Intro,Papoose,95.147,-10.951,46.47138,,,,,,,,,,,,
TRAKVHK128F92DCC3C,Dime Si Me Quieres,Andy & Lucas,97.786,-4.85,213.52444,,,,,,,,,,,,
TRAKVJB128F4279598,Contact 00,Plump DJs,138.046,-7.881,348.55138,,,,,,,,,,,,
TRAKVJE128F426B9DA,Oso Ego Kanenas,Konstantinos Galanos,136.495,-5.019,293.8771,,,,,,,,,,,,
TRAKVJQ12903CB141D,Monsters In Tinsel Town,Astrovamps,145.26,-7.807,235.72853,,,,,,,,,,,,
TRAKVLY128F426E6AD,Did You Ever Go Steady,THE CHIFFONS,122.939,-6.863,138.762,,,,,,,,,,,,
TRAKVNJ128F932AF0F,Amen (Album Version),Jimmy Durante,124.656,-14.751,233.37751,,,,,,,,,,,,
TRAKVQI12903CB7343,I'm Wanderin',Jackie Wilson,108.248,-12.534,160.78322,,,,,,,,,,,,
TRAKVSG128EF34E609,La Mémoire Des Jours,Raphaël,85.949,-12.924,255.65995,,,,,,,,,,,,
TRAKWAH128F9340C36,08:00,Intars Busulis,140.029,-3.698,208.16934,,,,,,,,,,,,
TRAKWFH128F4236026,Jap,Sao Paris,129.903,-11.554,279.43138,,,,,,,,,,,,
TRAKWGL12903CB8529,Slum Goddess (Originally Performed by The Fugs),The Meatmen,149.034,-7.257,218.5922,,,,,,,,,,,,
TRAKWJG128F14AEE04,Swing Vagabond,Quadro Nuevo,105.069,-11.437,272.92689,,,,,,,,,,,,
TRAKWKF128F92EE20C,Não Adianta,Zeca Baleiro,122.174,-15.145,246.49098,,,,,,,,,,,,
TRAKWMU128F425E481,Le Diable,Alexis HK,116.099,-9.885,167.28771,,,,,,,,,,,,
TRAKWNL12903CC37B6,Remember Me Lover (Album Version),Porcupine Tree,132.972,-10.321,454.16444,,,,,,,,,,,,
TRAKWNS128F92E3B4E,Little Miss Teasin' Brown,Jimmy Nelson,106.964,-9.625,178.78159,,,,,,,,,,,,
TRAKWOG128F425F89A,Transes-Dimanche,Jacques Dutronc,137.119,-8.573,128.33914,,,,,,,,,,,,
TRAKWTG128F42454E2,Antidote For The Underdog,Less Than Jake,120.697,-5.072,147.48689,,,,,,,,,,,,
TRAKWUV128F42699BD,Hunting,Deep Forest,145.464,-9.314,397.76608,,,,,,,,,,,,
TRAKWXS128F930F798,No Answer (Outro),Lollipop Lust Kill,126.747,-16.794,211.90485,,,,,,,,,,,,
TRAKWXV128F42889FB,Not Today,Hotwire,141.741,-4.522,200.33261,,,,,,,,,,,,
TRAKWZL128F93346EE,Last Goodbye,The Gufs,166.057,-4.297,232.98567,,,,,,,,,,,,
TRAKWZS128F4284294,Last Good Time In Town,Eagles,115.277,-6.991,427.36281,,,,,,,,,,,,
TRAKXBQ128F423EED6,Jump N Shout Featuring Slarta John (Radio Edit),Basement Jaxx,126.805,-4.984,218.14812,,,,,,,,,,,,
TRAKXEO12903CC5BCE,Why??? featuring TECH N9NE & Twista,Prozak,113.534,-5.534,207.85587,,,,,,,,,,,,
TRAKXIR128F92CF85A,That's A Woman,Mark Wills,69.222,-11.528,162.37669,,,,,,,,,,,,
TRAKXJS12903CE0434,I Want What I Want,Weirdos_ The,139.913,-9.4,161.27955,,,,,,,,,,,,
TRAKXLI128F92ED809,Back From The Garden (Live),S.U.P,147.983,-10.849,320.02567,,,,,,,,,,,,
TRAKXLR128F9308F5A,Try,Tree,101.409,-7.971,172.90404,,,,,,,,,,,,
TRAKXMS12903CB36F2,The Space Between,DAVE MATTHEWS BAND,85.141,-5.21,293.66812,,,,,,,,,,,,
TRAKXNZ128F931DC2B,Ver de Feliz,BT,110.002,-17.729,311.90159,,,,,,,,,,,,
TRAKXOX128F92FEA34,Get By (Disconnection Notice Bonus Track),Goldfinger,151.036,-4.985,191.29424,,,,,,,,,,,,
TRAKXPA12903CA8B1A,Still Hurtin',George Jones,158.955,-7.854,124.29016,,,,,,,,,,,,
TRAKXPE128F1462FF2,She's Taken A Shine,John Berry,118.096,-9.612,221.88363,,,,,,,,,,,,
TRAKXUY128F4228046,Bach Suite No. 1 In G Major (Gigue),John Williams,117.971,-26.589,115.12118,,,,,,,,,,,,
TRAKXVA128F423A0EF,The Rock,Abijah,119.029,-9.787,283.68934,,,,,,,,,,,,
TRAKXYJ128F42525ED,Undertow,Agnostic Front,110.791,-5.439,179.09506,,,,,,,,,,,,
TRAKYCT12903CBBE17,Death Or Jail,Sick Of It All,113.198,-2.388,171.07546,,,,,,,,,,,,
TRAKYDL128F9349254,Color of Seasons,Très,125.983,-10.868,430.0273,,,,,,,,,,,,
TRAKYHF128F42944ED,Don't Make Me Wait For Love,Kenny G,84.825,-12.853,285.98812,,,,,,,,,,,,
TRAKYHH12903CF08B0,Cornerstone,Shirley Caesar,103.8,-5.74,314.30485,,,,,,,,,,,,
TRAKYJR128F9349399,Brendan McGlinchey's Reel (Splendid Isolation) / Sweeney's Buttermilk (medley),Kevin Burke,214.424,-17.604,149.39383,,,,,,,,,,,,
TRAKYKW12903CCBD27,Skyline,Sean Quinn,111.442,-11.743,217.52118,,,,,,,,,,,,
TRAKYLA12903CCEE10,Missing,Nicola Fasano feat. Paula B.,126.282,-9.462,218.27873,,,,,,,,,,,,
TRAKYMF12903CE85FB,Judy's Jaunt,Oscar Pettiford,144.49,-14.36,151.92771,,,,,,,,,,,,
TRAKYNP128F427FB32,The Name Is...,Fuel,190.631,-7.128,159.42485,,,,,,,,,,,,
TRAKYON128F429470C,C'est La Vie,Marc Lavoine,122.503,-10.322,224.39138,,,,,,,,,,,,
TRAKYRW128F425979E,I've Been Lonely (For So Long),Frederick Knight,96.534,-8.482,198.81751,,,,,,,,,,,,
TRAKYWY128F9310CF4,Stop Whispering (US Version),Radiohead,122.428,-14.748,250.8273,,,,,,,,,,,,
TRAKYXS128F4248FE3,Leader (Album Version),Phantom Planet,179.51,-4.373,169.84771,,,,,,,,,,,,
TRAKYXV128F933494F,The Best Of Radio Roy 1 (Best of 2009),Mario Rosenstock,81.65,-9.279,195.70893,,,,,,,,,,,,
TRAKZBV128F9320081,I Heard You Cry,Russ Morgan,142.657,-19.61,145.76281,,,,,,,,,,,,
TRAKZHN128F426C3D2,On The Road Again,Aerosmith,148.358,-11.719,217.23383,,,,,,,,,,,,
TRAKZIF128F4275BAF,Another Lesson (Album Version),Hoods,118.947,-6.351,143.5424,,,,,,,,,,,,
TRAKZMB128F427B44F,Please Me (24-Bit Digitally Remastered 02),Grand Funk,114.934,-5.791,217.73016,,,,,,,,,,,,
TRAKZRX128F931418B,Wave,Carl Doy,147.51,-17.08,233.58649,,,,,,,,,,,,
TRAKZXB128F4295D62,Your Bad Heart,Mothers Pride,89.881,-6.318,187.92444,,,,,,,,,,,,
TRAKZYE128F92E910E,Und die Zeit vergeht,Geier Sturzflug,160.24,-6.051,231.96689,,,,,,,,,,,,
TRALAGU128F9343FC7,Serus,Workhorse,122.858,-6.581,349.6224,,,,,,,,,,,,
TRALAHF128F4248198,Everything I Do,Knack,150.08,-6.467,230.71302,,,,,,,,,,,,
TRALAJG128F4213080,June 26th_ 1999 - Slight,Deep Puddle Dynamics,177.876,-5.756,353.07057,,,,,,,,,,,,
TRALAKV12903CBD7F6,Take Your Fingers From My Hair  (LP Version),Zebra,138.831,-10.155,441.52118,,,,,,,,,,,,
TRALAPT128F930011F,Dang Pyar Da ,Naseebo Lal,87.03,-13.749,247.562,,,,,,,,,,,,
TRALARH128F9312D62,Green Grows the Laurel,The Irish Rovers,165.53,-11.518,240.32608,,,,,,,,,,,,
TRALAZE12903CA5A3B,The Doug McComb Over,A Tundra,177.958,-9.698,271.3073,,,,,,,,,,,,
TRALAZG128F93170BF,Micael,Juana Molina,123.278,-12.055,183.64036,,,,,,,,,,,,
TRALBDJ128F9308395,Walkin' In The Snow,Hank Penny & Sue Thompson,140.151,-14.441,119.58812,,,,,,,,,,,,
TRALBDR128F9324E6E,Praise His Name (Low Key-Studio Track w/o Background Vocals),Jeff And Sheri Easter,122.023,-13.04,279.84934,,,,,,,,,,,,
TRALBFO128F931269B,Didn't You Notice,JennyAnyKind,117.416,-5.536,251.01016,,,,,,,,,,,,
TRALBFX12903D00703,Soldiers Of Doomsday ,Winds Of Plague,140.238,-3.263,246.04689,,,,,,,,,,,,
TRALBGP12903CD2C2A,Dark Inside,Al Duvall,118.029,-12.287,167.28771,,,,,,,,,,,,
TRALBHB12903CA2E52,Folly Ranking,Johnny Osbourne,136.72,-13.637,202.03057,,,,,,,,,,,,
TRALBIA128F4272082,Good Day,Britt Nicole,132.021,-3.092,203.78077,,,,,,,,,,,,
TRALBKB12903C95C86,Midnight Hour,Tyrone Taylor,81.936,-9.58,224.65261,,,,,,,,,,,,
TRALBLP128F92D93B7,Co Co My My,Poncho Sanchez,211.806,-12.995,307.09506,,,,,,,,,,,,
TRALBOZ128F4251490,The Man with the Dogs,Dead Kennedys,223.62,-4.058,182.04689,,,,,,,,,,,,
TRALCCO12903CEBB97,She cracked,Modern Lovers,142.857,-12.502,260.62322,,,,,,,,,,,,
TRALCDJ128F9332573,Apogee (ft. TechTonic),Paul Taylor,144.005,-7.49,453.58975,,,,,,,,,,,,
TRALCFV128F93417AD,Que Vas A Hacer Conmigo,Los Auténticos Decadentes,133.821,-5.634,205.37424,,,,,,,,,,,,
TRALCHX128F422F1D9,The Remembrance Ballad (Album Version),Atreyu,151.64,-4.6,267.17995,,,,,,,,,,,,
TRALCNL128F92CF5B9,Santeleco,Luiz Bonfa,194.099,-15.263,141.40036,,,,,,,,,,,,
TRALCPV128F4254A68,Get Me To The Church On Time,Shelly Manne,121.871,-18.623,255.39873,,,,,,,,,,,,
TRALCTB128F429F75C,Washboard Swing,Washboard Sam,95.666,-14.727,184.78975,,,,,,,,,,,,
TRALCUP128F426247F,Anyday,Amil,165.967,-8.183,248.5024,,,,,,,,,,,,
TRALDAC128F9349882,Am I That Easy To Forget,Skeeter Davis,120.689,-12.945,125.77914,,,,,,,,,,,,
TRALDCM128F4222464,Intro,DJ Godfather,97.075,-14.853,53.21098,,,,,,,,,,,,
TRALDDK128F9300AC5,The Earth Will Shake,Thrice,126.947,-9.458,329.7171,,,,,,,,,,,,
TRALDEZ128F4265BF7,Magnificent Obsession,Fehlfarben,122.754,-8.978,291.13424,,,,,,,,,,,,
TRALDFY128F4244166,Some Love Like Yours,The Real Kids,124.616,-8.549,256.15628,,,,,,,,,,,,
TRALDGU128F933DE63,Un vestido y un amor (en vivo),Andres Calamaro,76.908,-10.747,271.59465,,,,,,,,,,,,
TRALDHD128F42775BA,The Book of Disquiet,Hey Colossus,84.518,-10.017,420.07465,,,,,,,,,,,,
TRALDOQ128F92D8CA9,Moon River,The London Pops Orchestra,92.26,-22.102,162.0371,,,,,,,,,,,,
TRALDSB12903CB4242,Gravedom,Goatwhore,113.557,-8.644,205.63546,,,,,,,,,,,,
TRALDUE128F9312AF2,Just Say Yes,Snow Patrol,107.998,-5.519,284.1073,,,,,,,,,,,,
TRALDWN128EF33FB6E,Commercial Reign,Inspiral Carpets,113.608,-4.422,283.32363,,,,,,,,,,,,
TRALDYU128F422C336,Ghetto Child,Eric Burdon,86.833,-11.164,318.37995,,,,,,,,,,,,
TRALDYY12903CC80AF,Peyte Pivo Pennoe (present for A. Trofimov),Kruger,154.637,-6.305,181.15873,,,,,,,,,,,,
TRALEAN12903CA99B4,Dede De Montmartre,Albert Préjean,210.636,-20.754,169.482,,,,,,,,,,,,
TRALECB128F42A35E8,Amie,Lonestar,92.025,-7.786,245.7073,,,,,,,,,,,,
TRALEER128F4268E6D,Freak Out,Erick Sermon,88.878,-8.821,187.42812,,,,,,,,,,,,
TRALEEZ128F429508A,Cover For Me,Freddie McGregor,92.972,-7.423,249.18159,,,,,,,,,,,,
TRALEHY128F4225882,Tonight It's Just Me,Amber Nicholson,95.061,-8.669,252.55138,,,,,,,,,,,,
TRALENK128F92F39E9,Paid Vacation,Circle Jerks,156.605,-7.545,88.89424,,,,,,,,,,,,
TRALEPN128F9311179,Dancing Shoes,Arctic Monkeys,144.955,-4.526,141.13914,,,,,,,,,,,,
TRALERB128F4243938,No Me Llores Más,Sierra Maestra,117.766,-10.11,318.56281,,,,,,,,,,,,
TRALESW128F92C7B94,Photographs,James Newton Howard,189.037,-37.456,54.96118,,,,,,,,,,,,
TRALETZ12903D0355E,Don't Let Go,Kofi,59.957,-10.258,231.33995,,,,,,,,,,,,
TRALEVD128F92D13D8,Bad Boy Willie,Gene Simmons,140.148,-11.603,112.06485,,,,,,,,,,,,
TRALEVU128F4249BEB,Just A Pair Of Blue Eyes,Tex Williams,168.879,-15.965,147.82649,,,,,,,,,,,,
TRALEWK128F4272A4E,Morgane regarde le ciel,SANSHIRO,147.395,-10.267,272.95302,,,,,,,,,,,,
TRALFBU12903CC030F,The Healer,Death SS,102.126,-7.009,258.29832,,,,,,,,,,,,
TRALFJW128F92FB86C,Gin House Blues,Bessie Smith,75.316,-21.782,195.70893,,,,,,,,,,,,
TRALFLE128F92E166E,Intro,Lou Reed,65.896,-23.367,111.15057,,,,,,,,,,,,
TRALFLH128F148AE6B,Duo Liu Yi Hui,Daniel Chan,161.986,-9.162,222.14485,,,,,,,,,,,,
TRALFOP128EF34C71A,Borgia Liquor,Jerry Lewis,122.786,-17.399,132.98893,,,,,,,,,,,,
TRALFYI12903CDA478,En silence,Alain-François,160.046,-6.523,213.99465,,,,,,,,,,,,
TRALFYU128F92D67E0,Yo Te Camelo,Los Rumberos Catalanes,66.064,-15.933,140.19873,,,,,,,,,,,,
TRALGCD128F42A6346,Do Ya Thing (Remix) (Explicit Album Version),Cam'Ron,101.883,-5.797,174.88934,,,,,,,,,,,,
TRALGCL12903CE74A7,I Am Going (Album Version),Randy Travis,99.141,-11.366,228.75383,,,,,,,,,,,,
TRALGCQ128F931D8D5,Ai De Ka Luo Li,Michelle & Vickie,120.014,-4.991,194.21995,,,,,,,,,,,,
TRALGEJ128F932552A,Canción del Arco Iris,Arco Iris,105.157,-9.132,199.96689,,,,,,,,,,,,
TRALGFI128F93500EE,Belina,Paulo Flores,101.767,-13.615,282.85342,,,,,,,,,,,,
TRALGJT12903CC460F,Y'all Can't Never Hurt Us (Clean Version),Philly's Most Wanted,96.037,-6.355,242.25914,,,,,,,,,,,,
TRALGOQ128F93409F3,Bishop Hopping,Phantomsmasher,88.05,-6.291,382.14485,,,,,,,,,,,,
TRALGQH12903CD4922,Kids Now,George Lopez,113.131,-14.401,215.7971,,,,,,,,,,,,
TRALGQW128F1466EAD,Lust (1995 Digital Remaster),Bas-Sheva,111.504,-16.858,178.65098,,,,,,,,,,,,
TRALGWO12903C9D7B2,Galopar,Hélio Ziskind,93.753,-13.075,140.32934,,,,,,,,,,,,
TRALGWZ128F4241B20,The Jumping Master,Mikey Dread,144.144,-7.325,309.83791,,,,,,,,,,,,
TRALGWZ12903CD7336,Morpha Too [Alternate Mix],Big Star,58.393,-13.717,88.00608,,,,,,,,,,,,
TRALGYO128F934D18D,Night of the Hunter (Static Revenger Remix),30 Seconds To Mars,122.924,-5.157,297.53424,,,,,,,,,,,,
TRALGZN128F14956C4,Falling Leaves,Grandpa Jones,65.93,-11.145,158.71955,,,,,,,,,,,,
TRALHAL128F92DE850,Tastes So Good To Me,Cross Country,185.623,-8.165,189.962,,,,,,,,,,,,
TRALHCG128F4264232,Nuits Orientales,Jack Miles,120.005,-6.309,174.34077,,,,,,,,,,,,
TRALHES128F425A496,Everyone says i love you,The Marx Brothers,172.809,-24.838,179.12118,,,,,,,,,,,,
TRALHGS128F427D6F3,Poezie De Strada / Street Poetry,Bug Mafia,186.006,-5.121,279.77098,,,,,,,,,,,,
TRALHIQ12903D00496,Boxed In (Subzero),Hatebreed,136.021,-4.011,179.17342,,,,,,,,,,,,
TRALHMS128F930C08C,Dark Horse,Converge,156.924,-3.373,174.75873,,,,,,,,,,,,
TRALHOT128F92EE66D,The Kiss: Golden Coins,Philip Glass,120.003,-26.597,161.51465,,,,,,,,,,,,
TRALHPU128EF34A6C8,Blood On The Snow,Drexel,137.333,-9.053,226.32444,,,,,,,,,,,,
TRALHSU12903CA63E1,Gud Har Ein Plan Med Ditt Liv,Mons Leidvin Takle,83.057,-9.823,208.32608,,,,,,,,,,,,
TRALHTO12903CBBE95,I'm Your Boogie Man,Cool Connection,119.957,-10.66,274.31138,,,,,,,,,,,,
TRALHUV128F92CBAFB,Junge Römer,Falco,112.352,-5.928,271.09832,,,,,,,,,,,,
TRALIEV128F92DE23C,Should've Said No,Taylor Swift,167.97,-4.954,245.78567,,,,,,,,,,,,
TRALIHL128E0791C9A,Rainbow Eyes,Rainbow,135.206,-23.44,454.1122,,,,,,,,,,,,
TRALIHU12903CFF040,Boy! What Love Has to Me!,Nancy Walker,47.682,-12.172,185.44281,,,,,,,,,,,,
TRALIIP128F4246C80,Helena 2 (Album Version),Misfits,135.801,-6.444,201.82159,,,,,,,,,,,,
TRALIKY128F930B3BE,Om,Jane Winther,19.657,-21.779,345.0771,,,,,,,,,,,,
TRALIOB128E0783D1E,Maria Morena,Jyve V,132.082,-6.435,191.92118,,,,,,,,,,,,
TRALIOV128F92C50C4,Phorever People,Shamen,125.749,-11.197,292.28363,,,,,,,,,,,,
TRALIQF128F930B7B0,Hart(z) IV,Eko Fresh,86.928,-1.714,238.13179,,,,,,,,,,,,
TRALIVO128F4279262,Down On Me,Janis Joplin,137.368,-11.864,183.14404,,,,,,,,,,,,
TRALIYY128F4275C36,Still feel pain,Wilks,90.007,-9.224,264.48934,,,,,,,,,,,,
TRALIZA128F4233586,Do You Know? (The Ping Pong Song),Enrique Iglesias,114.983,-5.01,222.14485,,,,,,,,,,,,
TRALJAH12903CB00F5,No. 284,Kali,128.999,-11.335,601.99138,,,,,,,,,,,,
TRALJAZ128F933DE4A,Superbird,Neil Sedaka,159.184,-17.289,256.9922,,,,,,,,,,,,
TRALJBG128F9301EDD,A Means To An End [Live at Birmingham University] [2007 Re-mastered],Joy Division,133.331,-11.524,241.08363,,,,,,,,,,,,
TRALJBQ128F930BC02,Silence tells you all,Ino,124.997,-11.32,392.35873,,,,,,,,,,,,
TRALJBT128F4266FD8,Play,Jennifer Lopez,104.796,-1.81,211.56526,,,,,,,,,,,,
TRALJGO128F9347068,The Shaskeen / Gan Ainm,Cherish The Ladies,118.182,-16.831,134.81751,,,,,,,,,,,,
TRALJGR128F92FE9E5,Let It Be Me(with Betty Everrett),Jerry Butler,71.171,-15.685,164.70159,,,,,,,,,,,,
TRALJKI128F92F2962,Been Sick Lung,Eason Chan,119.977,-6.005,226.55955,,,,,,,,,,,,
TRALJKN128F92C5F5E,Shooby (Live Version),Nicole C. Mullen,104.039,-5.643,237.16526,,,,,,,,,,,,
TRALJPG128F14B0B34,By My Spirit  (),Eden's Bridge,79.13,-16.311,337.13587,,,,,,,,,,,,
TRALJVQ128F428C764,I Don't Want To Hear Any More,Eagles,92.186,-6.182,261.17179,,,,,,,,,,,,
TRALJWI12903CEC7EB,Congo,Edmundo Ros,199.894,-15.05,168.88118,,,,,,,,,,,,
TRALKBE12903D08AB4,Where Are You,Abbott & Chambers,129.956,-6.581,434.15465,,,,,,,,,,,,
TRALKBG128F1457FCF,July,Al DiMeola,206.101,-10.176,319.84281,,,,,,,,,,,,
TRALKBS128F423BB4C,Warm Embrace (LP Version),Twista & The Speedknot Mobstaz,121.957,-6.893,377.86077,,,,,,,,,,,,
TRALKGV128F932CADE,911-544,The Revolutionary Ensemble,74.183,-11.973,1253.92934,,,,,,,,,,,,
TRALKHJ128F92E9D36,If A Woman Answers,Leroy Van Dyke,163.942,-18.57,124.52526,,,,,,,,,,,,
TRALKHT128F148833B,All Your Love,John Mayall & The Bluesbreakers,107.458,-8.441,214.69995,,,,,,,,,,,,
TRALKHV128F4270340,If You Build A Better Mousetrap,Peggy Lee,144.099,-11.824,185.0771,,,,,,,,,,,,
TRALKRO128F931CF20,My Babe,Lightnin' Slim,94.721,-16.554,177.68444,,,,,,,,,,,,
TRALKRT128F93125DE,10 $ Bill,Les Hurlements D'leo,163.317,-7.75,334.13179,,,,,,,,,,,,
TRALKTB128F92D84A7,Knuckle Up,Mykill Miers,106.221,-7.699,252.94322,,,,,,,,,,,,
TRALKVK128F14554D7,At The Atlantis,Bad Brains,135.415,-8.435,118.04689,,,,,,,,,,,,
TRALKVM128F92C9738,ABC (The Alphabet Song),Dora The Explorer,107.201,-8.431,32.1824,,,,,,,,,,,,
TRALKVQ12903CB0573,Get Together - Album Version,Randy Stonehill,121.437,-11.724,229.90322,,,,,,,,,,,,
TRALKXH128F424786A,Candilejas,Los Iracundos,102.534,-9.91,228.30975,,,,,,,,,,,,
TRALLAM128F429A3B8,It's In The Book (Album Version),Shirley Caesar,127.686,-11.922,232.09751,,,,,,,,,,,,
TRALLAR128F933C692,No Safe Place,Pursuit Of Happiness,127.987,-10.368,190.04036,,,,,,,,,,,,
TRALLDS12903CC462A,Le rire du sergent,Bézu,122.968,-3.574,186.64444,,,,,,,,,,,,
TRALLEY128F9315EDA,Ballo,Mathey,108.024,-8.988,262.19057,,,,,,,,,,,,
TRALLFD128EF34A8B9,Sex (French Version),Elli Kokkinou,93.022,-5.971,284.65587,,,,,,,,,,,,
TRALLGN12903CB0369,All Mama Ever Wanted  (Album),Mark Lowry,122.166,-15.37,553.27302,,,,,,,,,,,,
TRALLHP128F4280A2F,Over The Rainbow,David Arkenstone,81.952,-15.757,241.99791,,,,,,,,,,,,
TRALLJN12903C9A892,Boss-Eyed Whelk,Johnny Pearson,125.41,-11.101,144.48281,,,,,,,,,,,,
TRALLKK128F427B064,United Blood (Album Version),Agnostic Front,130.869,-5.197,98.2722,,,,,,,,,,,,
TRALLOU12903CC36FE,Le poulet,Pierre Perret,135.487,-11.372,90.46159,,,,,,,,,,,,
TRALLQJ128F933C68A,Killed By Love,Pursuit Of Happiness,131.04,-9.623,245.10649,,,,,,,,,,,,
TRALLQX12903CD838C,See You On The Other Side,Ben Sidran,160.976,-9.399,278.7522,,,,,,,,,,,,
TRALLRJ128F428CB6F,Daydreaming the Color of Blood,Soilent Green,100.917,-5.958,180.32281,,,,,,,,,,,,
TRALLSP128F148AD75,Kablammin' It,Long Beach Dub Allstars,69.737,-3.834,282.61832,,,,,,,,,,,,
TRALLVR12903C9E514,Don't Mess With Cupid (1972 demo),New York Dolls,122.03,-12.668,186.09587,,,,,,,,,,,,
TRALMBM128F92EAA15,Never Again,Kelly Clarkson,131.991,-7.562,368.92689,,,,,,,,,,,,
TRALMDB12903CCE912,Real Playaz,3 Way Funk,190.14,-6.027,210.25914,,,,,,,,,,,,
TRALMDI128F4242517,Everybody Wants To Go To Heaven,Freddie Roulette,103.064,-12.004,232.85506,,,,,,,,,,,,
TRALMEY128F147129F,The Last Thing On My Mind (Previously Unissued),Noel Harrison,176.761,-15.717,157.09995,,,,,,,,,,,,
TRALMJZ128F9313421,In A Village Square,JennyAnyKind,169.991,-10.824,224.80934,,,,,,,,,,,,
TRALMTD128E07862AC,Jam 4 U,Redman,94.146,-7.184,185.83465,,,,,,,,,,,,
TRALMYT12903D0954C,Ladder Of Success,Skeeter Davis,134.931,-8.46,128.67873,,,,,,,,,,,,
TRALNAB128F421B318,We Meet at Last,Liquid Stranger,93.328,-11.582,551.54893,,,,,,,,,,,,
TRALNAU128F9340B60,Passo De Anjo,Spok Frevo Orquestra,71.156,-6.719,269.73995,,,,,,,,,,,,
TRALNDQ128F930DB3A,The Song From Moulin Rouge,Percy Faith And His Orchestra,55.233,-14.837,220.15955,,,,,,,,,,,,
TRALNES128E078B122,Herb Philbrick - Counter Spy ( LP Version ),Bob Newhart,133.721,-12.043,72.33261,,,,,,,,,,,,
TRALNFM12903CCE7FA,Shake It Up (Album Version),Boney James And Rick Braun,96.136,-5.58,243.48689,,,,,,,,,,,,
TRALNJR128F145AC96,Shadrach,Beastie Boys,100.788,-15.059,247.7971,,,,,,,,,,,,
TRALNNE128F4264375,Andante Cantabile (String Quartet No 1 In D Major,Academy/Marriner,118.712,-29.793,377.10322,,,,,,,,,,,,
TRALNOD128F4264AEB,Help Youngblood Get To the Freaky Party,Teena Marie,99.978,-12.23,345.67791,,,,,,,,,,,,
TRALNOK128F9302230,Mon coeur balance,Daouda,104.72,-10.466,208.37832,,,,,,,,,,,,
TRALNPA128F423CD2D,We're New Yorkers Now!,Marc Shaiman,131.615,-17.548,154.122,,,,,,,,,,,,
TRALNTP128F9343417,Let's Fall In Love This Christmas,John Berry,126.533,-8.139,239.20281,,,,,,,,,,,,
TRALNVU12903CC9C8F,D Solo,Ace Da Vinci,211.059,-9.255,269.68771,,,,,,,,,,,,
TRALNYJ12903CF840F,Ive Got Confidence,Andrae Crouch,164.647,-4.101,174.602,,,,,,,,,,,,
TRALOBE12903CDA6C5,Mercury & Solace,BT,136.003,-11.59,506.27873,,,,,,,,,,,,
TRALOBQ128F428AB9E,My Last Date (With You),Skeeter Davis,98.663,-10.487,153.49506,,,,,,,,,,,,
TRALOCJ128F427D106,Judgement,The Bug Featuring Ricky Ranking,143.812,-9.376,309.28934,,,,,,,,,,,,
TRALODZ128F931FA34,Rewind,All Girl Summer Fun Band,76.455,-14.927,138.97098,,,,,,,,,,,,
TRALONM128EF35A199,Jump [Jacques Lu Cont Edit],Madonna,130.003,-7.288,320.1824,,,,,,,,,,,,
TRALOPL128F427C901,More Than I Can Take,Sugar Minott,159.715,-12.914,223.21587,,,,,,,,,,,,
TRALOUF128F422F329,BLEEDS NO MORE (Live Version),Silverstein,132.962,-3.573,256.46975,,,,,,,,,,,,
TRALOZX128EF35725C,Buzz's Jig,The Elders,129.903,-8.2,282.43546,,,,,,,,,,,,
TRALPAI12903CBF247,Keep It Like It Is,Louisa Mark,128.304,-14.29,156.52526,,,,,,,,,,,,
TRALPCG128F933E73B,Death Adventure,Pumpkin Buzzard,119.984,-5.94,122.40934,,,,,,,,,,,,
TRALPFL128F424B5F4,Infantil (Dedicated to John McLaughlin),Gonzalo Rubalcaba,187.406,-12.205,424.51546,,,,,,,,,,,,
TRALPGS128F93351B3,"Got To Keep On (12"" Version)",Cookie Crew,85.962,-10.713,282.33098,,,,,,,,,,,,
TRALPGW12903CAFFB5,Please Hammer Don't Hurt 'Em,Evergreen Terrace,166.03,-5.983,143.882,,,,,,,,,,,,
TRALPHD128F428A7B1,Surfriendo El Castigo,Michael Salgado,206.637,-6.693,221.64853,,,,,,,,,,,,
TRALPHR128F92F1D5B,1st World Hypocrisy,Brainchoke,127.171,-2.874,91.01016,,,,,,,,,,,,
TRALPJJ128F9311763,Come With Me,Tania Maria,176.18,-12.861,325.66812,,,,,,,,,,,,
TRALPKG12903CDCA8A,The Never-Ending Why,Placebo,118.956,-5.176,221.6224,,,,,,,,,,,,
TRALPNU128F4244561,Woman Blue,Alice Stuart,83.456,-12.28,305.73669,,,,,,,,,,,,
TRALPOE128F4272278,Ruta Del Coya,León Gieco,120.023,-10.423,266.762,,,,,,,,,,,,
TRALPQM128F931C28A,Lost Tribe,Moving Ninja,90.167,-8.717,287.00689,,,,,,,,,,,,
TRALPQV128F424F989,Lachen und weinen,2raumwohnung,111.016,-9.322,335.17669,,,,,,,,,,,,
TRALPXC128E07819A8,Pretty Vacant,Sex Pistols,144.573,-6.758,194.58567,,,,,,,,,,,,
TRALPZN128F4241A2F,It Feels So Good (Album Version),Twista,120.389,-6.828,368.03873,,,,,,,,,,,,
TRALQGZ128F146F500,Boo Hoo,KT Tunstall,137.806,-7.272,295.07873,,,,,,,,,,,,
TRALQTL128F92CB318,Rock Me Baby - Live,Hound Dog Taylor and The Houserockers,95.48,-12.02,335.28118,,,,,,,,,,,,
TRALQTL128F9348297,(Coming With) Loving on My Mind,Tony Mathews,70.26,-17.154,281.80853,,,,,,,,,,,,
TRALQTM12903CB3B80,Para Que Recordar,La Billo_ Los Melódicos,163.566,-9.085,195.29098,,,,,,,,,,,,
TRALQWF12903CDE0ED,Son of Jack the Ripper,Screaming Lord Sutch,130.76,-8.02,231.44444,,,,,,,,,,,,
TRALQXV12903C9FE7B,Head Over Heels,Sylvia Tosun,127.968,-6.319,575.79057,,,,,,,,,,,,
TRALQZK128F429802D,Day Old Blues,Kings Of Leon,85.855,-10.831,212.97587,,,,,,,,,,,,
TRALRBI128F931C20A,Joyride,Pinch,139.994,-9.847,315.84608,,,,,,,,,,,,
TRALRKB128F42B74D2,Just An Illusion,Dave Weckl,93.502,-11.638,311.01342,,,,,,,,,,,,
TRALRKL128F427B6EB,Ex's And Oh's (Instrumental Version),Atreyu,160.153,-4.964,214.07302,,,,,,,,,,,,
TRALRKT128F932B1CD,Chaco (Album Version),Grant Geissman,192.301,-11.143,307.40853,,,,,,,,,,,,
TRALRMS128F93150FF,Our Love Is A Living Thing,Ed Ames,127.408,-12.399,132.93669,,,,,,,,,,,,
TRALRNQ128F428CE3E,Memory,Uphill Battle,137.911,-6.472,210.36363,,,,,,,,,,,,
TRALROP128F92CA9CC,Next Year,Foo Fighters,173.983,-4.203,274.65098,,,,,,,,,,,,
TRALRPL12903CA71F2,Away in a Manger,Loretta Lynn,83.976,-10.694,197.58975,,,,,,,,,,,,
TRALRPM128F145E5F5,Zai Ai Shang Ni,Jacky Cheung,148.073,-12.299,267.44118,,,,,,,,,,,,
TRALRQQ128F4258CD6,Don't Stop The Music (Streetlight Album Version),DeGarmo & Key,161.846,-11.462,220.02893,,,,,,,,,,,,
TRALRTY128F428BE43,I Need Love,Usher,118.237,-14.434,32.41751,,,,,,,,,,,,
TRALRWY128F4249FC6,Boca Do Balao / Preta Pretinha / Juazeiro,Moraes Moreira,145.047,-7.498,185.44281,,,,,,,,,,,,
TRALRYB128F4244311,Happens All The Time,The Real Kids,175.626,-7.046,192.15628,,,,,,,,,,,,
TRALRYI128F147158D,The Painter,Rance Allen Group,100.332,-11.202,201.27302,,,,,,,,,,,,
TRALSAJ128F92EDC84,L'Appart,Patrick Bruel,140.696,-17.855,263.94077,,,,,,,,,,,,
TRALSHF128F92D963C,Frente A Tu Altar,Gran Coquivacoa,81.255,-8.914,185.0771,,,,,,,,,,,,
TRALSIS128F4223DAC,Give It To Me,Grayson Capps,101.076,-7.109,124.18567,,,,,,,,,,,,
TRALSKT128F93549F9,Take Me Fishin',Tracy Byrd,137.528,-11.036,190.27546,,,,,,,,,,,,
TRALSOA128F4275F49,Poesía De Amor,Café Quijano,102.677,-9.37,262.37342,,,,,,,,,,,,
TRALSQW12903CEDA8C,The Coming Of The King,Brian Free & Assurance,108.565,-5.296,207.04608,,,,,,,,,,,,
TRALSVZ128F4264341,Nevermind_ It's An Interview,Nirvana,131.056,-19.304,1061.79873,,,,,,,,,,,,
TRALSWJ128F1467EDE,She (1997 Digital Remaster),The Misfits,185.615,-8.294,82.1024,,,,,,,,,,,,
TRALSXX128F92F94B0,Seventeen,Sex Pistols,129.722,-6.458,129.93261,,,,,,,,,,,,
TRALSZL128F4293B41,If You Don't Somebody Else Will,Carl Smith,109.449,-13.51,107.62404,,,,,,,,,,,,
TRALTAK128EF340776,Up Jumped The Devil,"Clarence ""Gatemouth"" Brown",136.38,-8.338,325.19791,,,,,,,,,,,,
TRALTCW128F4251584,Free Africa,Mighty Diamonds,85.043,-9.188,256.7571,,,,,,,,,,,,
TRALTDA128F427D0A3,Dodo's Bounce,James Carter,140.666,-18.826,366.0273,,,,,,,,,,,,
TRALTIA128F92D0826,Babylon 5,The London Theatre Orchestra,107.662,-9.276,78.94159,,,,,,,,,,,,
TRALTKQ128F932DA67,Revolution Action,Atari Teenage Riot,100.341,-5.547,249.46893,,,,,,,,,,,,
TRALTLC128F92F2974,The Hardway,DJ Isaac,172.133,-6.282,274.18077,,,,,,,,,,,,
TRALTOC128F92E9CEC,Skate alone,X-tv,146.037,-11.49,279.14404,,,,,,,,,,,,
TRALTTR12903C9E32E,The Date ( LP Version ),Scott Weiland,112.68,-5.328,321.01832,,,,,,,,,,,,
TRALTYV12903CCB8EE,Noche Eterna,Beto y sus Canarios,120.546,-8.184,197.72036,,,,,,,,,,,,
TRALTZZ12903CB7DD0,Killer Barracuda,Kris Kristofferson,138.094,-17.312,183.06567,,,,,,,,,,,,
TRALUAQ128F427EB26,Sensations,Bravehearts,199.07,-10.212,209.03138,,,,,,,,,,,,
TRALULA128F932B9D0,The Burning Season (Live),Primordial,118.196,-10.141,508.3424,,,,,,,,,,,,
TRALUNR128EF3425DE,Did You Get My Message?  (Live From Shubas),Jason Mraz,104.296,-10.26,336.43057,,,,,,,,,,,,
TRALUQG128F4263E40,It's Gonna Be Okay (Original Mix),Robin Fox,135.993,-8.701,398.52363,,,,,,,,,,,,
TRALUSV128F42515D8,Give Me That Touch (The Touch Up Mix),Deborahe Glasgow,166.579,-11.695,390.32118,,,,,,,,,,,,
TRALUTY128F9322DC0,Como Caramelo De Limón,2 Minutos,146.275,-11.504,129.48853,,,,,,,,,,,,
TRALUYE12903CD42BB,Työnnä kännykkä hanuriin,Jope Ruonansuu,134.109,-5.136,175.41179,,,,,,,,,,,,
TRALUZM128C7196779,Let's Seize The Time,Jimmy Cliff,122.773,-7.449,301.71383,,,,,,,,,,,,
TRALUZX12903CAD456,Digitaria,Bill Laswell,172.955,-9.232,381.30893,,,,,,,,,,,,
TRALVCW128F4288926,Real World,Snowgoons,85.138,-4.751,212.32281,,,,,,,,,,,,
TRALVHR128F1483DB3,Liu Zi Zhen Yan,Sammi Cheng,103.982,-6.412,248.2673,,,,,,,,,,,,
TRALVKP128F42AD00C,White Christmas,The Statler Brothers,99.66,-12.361,140.69506,,,,,,,,,,,,
TRALVNT128F931C4C6,Canyon,Vex'd,149.96,-7.566,365.03465,,,,,,,,,,,,
TRALVSJ128F92D5010,Who Do You Love,The Kings,100.65,-15.59,191.21587,,,,,,,,,,,,
TRALVTD128F424514C,Teri Nau Ke Paune Teen,Daler Mehndi,146.856,-4.462,245.49832,,,,,,,,,,,,
TRALVWU12903CE67BA,Battle Hymn Of The Republic,Mannheim Steamroller,130.052,-9.635,285.6224,,,,,,,,,,,,
TRALVZY12903D0048B,Supertouch/shitfit (Bad Brains),Hatebreed,175.363,-4.571,141.50485,,,,,,,,,,,,
TRALWDN128F1456DB7,Don't Want To,Lil' Romeo,95.991,-7.076,211.82649,,,,,,,,,,,,
TRALWDX128F14712A5,Sparrow (Remastered Album Version),Noel Harrison,146.688,-12.876,166.73914,,,,,,,,,,,,
TRALWLU128F428C39A,Dear Friend,Shunza,141.733,-8.737,278.38649,,,,,,,,,,,,
TRALWNE12903C95228,Heartbreaker,Ray Charles,154.332,-8.733,170.00444,,,,,,,,,,,,
TRALWSH128F9353C45,Sur L'autre rive,Annie Blanchard,101.868,-11.841,260.80608,,,,,,,,,,,,
TRALWXA128F4270DF3,The Beginning (Giro E Giro Mix),Seal,123.795,-12.1,368.06485,,,,,,,,,,,,
TRALXDC12903CBC046,(Et puis) Elle allait,La Bergère,123.437,-11.451,243.80036,,,,,,,,,,,,
TRALXEX128F425D50E,Each Time I Think Of You,CoCo Lee,146.284,-8.414,264.01914,,,,,,,,,,,,
TRALXGM128F92C7D26,What's Love Got to Do With It,The Chap,181.863,-7.507,216.2673,,,,,,,,,,,,
TRALXLX128E078D1B4,Guard Your Grill (LP Version),Naughty By Nature,93.925,-7.805,279.90159,,,,,,,,,,,,
TRALXNJ128F42952D5,No Stopping Us [Eagles Ballroom Live Version],Jason Mraz,119.234,-4.196,369.94567,,,,,,,,,,,,
TRALXRF128F428F160,Take This Trail Trip Beside Me (The Best Of Janet Paschal),Janet Paschal,146.807,-9.793,213.78567,,,,,,,,,,,,
TRALXXU128F931A8F0,Joe Sent Me,Vanessa Daou,86.743,-11.642,225.59302,,,,,,,,,,,,
TRALXYQ128F1470E15,Amigo mío,Memphis La Blusera,132.023,-6.246,221.64853,,,,,,,,,,,,
TRALYAK128F42383B9,All My Life (LP Version),Venice,104.556,-8.38,301.08689,,,,,,,,,,,,
TRALYBV12903CBBB68,Beginner's Luck,Frank Chacksfield,84.789,-19.634,108.61669,,,,,,,,,,,,
TRALYCX12903CB6D4E,Poultry in the Parlour / Rolling the Ryegrass,Séamus Egan,201.512,-13.152,198.84363,,,,,,,,,,,,
TRALYEW128F146A755,Terminus,Photek,104.98,-7.272,326.922,,,,,,,,,,,,
TRALYIQ12903CEC83A,The Windsor Tap Recap,Cotton Candy,106.836,-11.052,149.9424,,,,,,,,,,,,
TRALYLQ128F42710D6,The Devils Crown,KRS-One,146.06,-7.618,256.57424,,,,,,,,,,,,
TRALYPO128F429C4AF,Rock Me (Live In Boston_ 1970) (1st Show),The Doors,86.051,-12.869,434.15465,,,,,,,,,,,,
TRALYQN128F42624E1,Rock Star,Agnostic Front,116.438,-3.199,94.6673,,,,,,,,,,,,
TRALYWI128EF33EDC7,Life In Line,The Last Days Of Jesus,125.126,-6.248,209.55383,,,,,,,,,,,,
TRALYZR128F92CDD86,De Mi Enamorate,Dyango,99.003,-9.088,246.09914,,,,,,,,,,,,
TRALZBP128F4263E1A,A Man Holdin' On (To A Woman Lettin' Go),Ty Herndon,128.087,-8.809,217.15546,,,,,,,,,,,,
TRALZBV128F4250E60,The Captain,The Knife,105.02,-11.194,368.79628,,,,,,,,,,,,
TRALZEI128F424D67D,Still Waters,Chris Jagger,99.547,-17.955,248.92036,,,,,,,,,,,,
TRALZEM128F4265EF5,Better Love Next Time Part 2,Jimmy Witherspoon,45.582,-11.542,149.73342,,,,,,,,,,,,
TRALZFE128F931737D,Tibetan Turquoise (World),R. Carlos Nakai,107.963,-20.698,296.51546,,,,,,,,,,,,
TRALZHY12903CAF434,Get it Right,A-FS,98.254,-10.15,205.94893,,,,,,,,,,,,
TRALZIG12903CBCD0C,Best Friends,Kieran,87.572,-5.155,219.84608,,,,,,,,,,,,
TRALZKE128F42A45D1,Ship in a Painting,Gabriel Yared,137.149,-15.417,100.0224,,,,,,,,,,,,
TRALZPL128F423BE6B,Superfly (Single Mix Version),Curtis Mayfield,119.811,-6.724,188.21179,,,,,,,,,,,,
TRALZPP128F423C41C,Don't Say Goodbye (Album Version),REX ALLEN JR.,80.242,-11.647,165.04118,,,,,,,,,,,,
TRALZTM128F423E022,Cumayon,Jimmy McGriff,95.87,-8.901,210.33751,,,,,,,,,,,,
TRALZTM128F92EC5F0,"Because You Loved Me (Theme from ""Up Close and Personal"")",Céline Dion,120.047,-7.722,274.57261,,,,,,,,,,,,
TRALZTM12903CE681C,The Golden Sea,Danny Davis & The Boys,132.674,-10.977,169.19465,,,,,,,,,,,,
TRALZUL128F4236D23,Mean Machine (Remastered LP Version),Sugar Ray,92.299,-4.068,161.82812,,,,,,,,,,,,
TRALZXZ128F92E26EF,My Little Girl,The Jeff Healey Band,126.16,-7.457,223.92118,,,,,,,,,,,,
TRALZZV128F4265DFB,Tha Mino Pia Sto Parelthon (2005 Digital Remaster),Dakis,164.947,-9.878,134.39955,,,,,,,,,,,,
TRAMAAZ12903CE885E,Pop dat shit,DJ Omega,160.043,-14.363,217.05098,,,,,,,,,,,,
TRAMAEP128F147949B,Kimisou Palikari (TH' Allaxi To Feggari) (2004 Digital Remaster),Viki Mosholiou,91.919,-10.688,274.80771,,,,,,,,,,,,
TRAMAHA12903CBF34E,Show Me Your Teeth (Radio Edit),Year Long Disaster,113.978,-4.671,228.15302,,,,,,,,,,,,
TRAMAKK128F9301EE4,Digital [Live at Birmingham University] [2007 Re-mastered],Joy Division,162.394,-12.941,218.56608,,,,,,,,,,,,
TRAMARM128E0796A50,Bite Back,The All-American Rejects,147.998,-5.071,279.71873,,,,,,,,,,,,
TRAMAYD128F426DDBD,Jesus Is Coming Soon,Blind Willie Johnson,139.866,-17.85,193.20118,,,,,,,,,,,,
TRAMBAG128F427D469,A Nadie Le Interesa Si Quedás Atrás (Total Que...),Vox Dei,154.475,-14.03,197.04118,,,,,,,,,,,,
TRAMBBV128F9337714,Tearing Everyone Down,Anti-Flag,110.134,-2.255,175.25506,,,,,,,,,,,,
TRAMBER128F9311148,Roadrunner / My Generation,Tony Ashton & Friends,125.523,-3.201,278.25587,,,,,,,,,,,,
TRAMBEV128F424C478,Near The Cross,Dorothy Norwood,151.215,-9.006,287.03302,,,,,,,,,,,,
TRAMBEY128F42408F1,Plasma (Album Version),Sinch,135.895,-7.397,300.72118,,,,,,,,,,,,
TRAMBFD128EF34B848,Cop It,MIMS,105.393,-4.186,181.28934,,,,,,,,,,,,
TRAMBHU128F425A620,You Move Me,Rick Astley,128.171,-12.585,225.4624,,,,,,,,,,,,
TRAMBLO128F4287D24,Can I Get A Witness,RUN-DMC,102.176,-12.274,216.65914,,,,,,,,,,,,
TRAMBNF128F426FBB6,Left For Dead (Album Version),Chimaira,93.513,-3.16,342.36036,,,,,,,,,,,,
TRAMBPW128F9337F71,Zapando Con La Gente,Sui Generis,129.761,-12.685,269.84444,,,,,,,,,,,,
TRAMBRA128F92D257A,The Obsession,The James Taylor Quartet,204.791,-5.415,283.37587,,,,,,,,,,,,
TRAMBRB128F931E683,In The Rain,Pedro Luis e a Parede,92.065,-15.508,151.92771,,,,,,,,,,,,
TRAMBTK128F42390A4,Need (LP Version),Cindy Morgan,111.379,-12.22,210.70322,,,,,,,,,,,,
TRAMBVP128F424DD31,A Good Life,Joe Grushecky,139.066,-8.071,231.57506,,,,,,,,,,,,
TRAMBWQ12903CBE46F,In This Windy Old Weather,The Clancy Brothers;Tommy Makem,82.653,-15.732,186.53995,,,,,,,,,,,,
TRAMBYY12903CD7379,Till The End Of The Day (Alternate Mix),Big Star,144.717,-6.097,133.45914,,,,,,,,,,,,
TRAMCDJ128F42830EC,Three Romances_ Op. 22: III,Double Image,88.183,-24.012,262.922,,,,,,,,,,,,
TRAMCDV128F423386E,Morse,Gorki,150.117,-8.596,209.31873,,,,,,,,,,,,
TRAMCEY12903CA74B5,Makin' Believe,Kitty Wells,117.815,-10.323,165.61587,,,,,,,,,,,,
TRAMCGL128F92F3D87,Eriatarka,The Mars Volta,158.34,-3.183,380.42077,,,,,,,,,,,,
TRAMCGR128F427DE28,Adelante,Isabel Pantoja,95.673,-7.618,181.65506,,,,,,,,,,,,
TRAMCHM128EF365672,Shaggy Dog Songs,The Highwaymen,181.968,-20.845,150.85669,,,,,,,,,,,,
TRAMCHO128F427FA40,Trust In The Lord,Lynn August,115.848,-12.125,262.5824,,,,,,,,,,,,
TRAMCJI128F93335AF,Just Say Yes,Snow Patrol,89.347,-4.815,255.60771,,,,,,,,,,,,
TRAMCLN128F9302E27,Why Do I,FFH,163.96,-7.721,277.62893,,,,,,,,,,,,
TRAMCND128F1466ACF,Get It Together,Beastie Boys,101.044,-8.127,245.7073,,,,,,,,,,,,
TRAMCQM128F931D416,San Geng Ye Ban,Sandy Lam,125.251,-6.918,248.97261,,,,,,,,,,,,
TRAMCRC128F42622C7,Tora,POLINA,129.915,-9.05,203.49342,,,,,,,,,,,,
TRAMCUA128F4238312,02'-15',Karlheinz Stockhausen,95.13,-31.109,277.18485,,,,,,,,,,,,
TRAMDCB128F42772E3,No Escapin' This,Beatnuts,92.115,-6.803,257.54077,,,,,,,,,,,,
TRAMDCX128E07908F1,Make It With You,Sugar Minott,148.382,-12.692,207.90812,,,,,,,,,,,,
TRAMDCX128F4294590,Permanently Lonely,Billie Jo Spears,105.445,-14.72,180.61016,,,,,,,,,,,,
TRAMDDN128F4277101,Left Alone...,Philip Glass,69.979,-33.662,93.33506,,,,,,,,,,,,
TRAMDEN128F429D23B,Baby (LP Version),Prince,138.165,-17.1,190.06649,,,,,,,,,,,,
TRAMDHN128F92F5E19,Abandonada / Blancas azucenas,Sierra Maestra,141.121,-13.822,295.99302,,,,,,,,,,,,
TRAMDKP12903CF22A1,Been a Long Time (feat. Paula B) [Club Radio],Nicola Fasano,130.04,-7.773,215.77098,,,,,,,,,,,,
TRAMDNR12903CEC0DF,I'm Living In Canaan Now,The Perrys,111.959,-7.097,125.962,,,,,,,,,,,,
TRAMDQE128F1458F98,The Suit,Public Image Ltd,124.494,-23.949,209.3971,,,,,,,,,,,,
TRAMDQZ128F4249913,It's Alright,Jennifer Clarke,71.233,-13.45,213.21098,,,,,,,,,,,,
TRAMDUJ12903D0728D,Sunday Driver  (LP Version),The Gufs,156.527,-6.138,232.41098,,,,,,,,,,,,
TRAMDUW12903CB5100,Schitzo,brokeNCYDE,113.361,-4.656,262.89587,,,,,,,,,,,,
TRAMDVH12903CDCD55,If Every Day Could Be Christmas,Richie McDonald,99.784,-4.385,290.69016,,,,,,,,,,,,
TRAMDVP128F92F9803,Le Chagrin de Coco,Alexandre Desplat,170.024,-21.011,177.42322,,,,,,,,,,,,
TRAMDWV128F931B5BD,This Is Where It Ends (Album Version),Barenaked Ladies,120.969,-11.835,173.19138,,,,,,,,,,,,
TRAMDWV12903CC575A,A Brief Moment In The Sun,Nightswimmer,119.826,-10.803,281.80853,,,,,,,,,,,,
TRAMEBP12903CD7EEA,Heaven Stood Still,Mink DeVille,41.945,-20.055,173.92281,,,,,,,,,,,,
TRAMEDG128E07933F4,All I Ever,Ms. Dynamite,150.567,-11.136,269.81832,,,,,,,,,,,,
TRAMEEC128F9307A54,Rafaniello,99 Posse,101.849,-12.492,351.34649,,,,,,,,,,,,
TRAMEED128F42325DF,Devil Pickney,Sugar Minott,161.353,-5.807,284.73424,,,,,,,,,,,,
TRAMEEM128F425C4D6,Noe Cuando El Diluvio (Sevillanas Biblicas),Rocio Jurado,87.533,-8.123,217.67791,,,,,,,,,,,,
TRAMEEO128F1462296,Put Him Out,Ms. Dynamite / Bounty Killer,105.201,-4.999,241.37098,,,,,,,,,,,,
TRAMENF128F429F999,You're Laughing Now,Jazz Gillum,107.669,-16.855,165.85098,,,,,,,,,,,,
TRAMEPV128F425DE26,Who In the World (Album Version),Babbie Mason,199.762,-12.647,210.59873,,,,,,,,,,,,
TRAMEQB128F42710BB,"Pli Selon Pli (""fold according to fold"")/IV.  Improvisation sur Mallarmé III",Pierre Boulez,47.794,-18.628,956.60363,,,,,,,,,,,,
TRAMERT128F92EBE2D,Quarter P.O.D.,Assassin,174.005,-6.703,155.16689,,,,,,,,,,,,
TRAMESI128F93509F7,Set The World On Fire,Britt Nicole,120.008,-4.58,220.36853,,,,,,,,,,,,
TRAMETQ128F426CB63,Red River Falling /O rubor sanguinis,Richard Souther,107.005,-16.481,283.27138,,,,,,,,,,,,
TRAMEUN128F93433AB,Sometimes (LP Version),Doug Sahm,104.618,-13.873,159.42485,,,,,,,,,,,,
TRAMEVZ128F4280A16,Fire,Steve Vai,163.692,-7.856,363.36281,,,,,,,,,,,,
TRAMEXS128F427FFAE,Girl by the Lake,Max Stalling,190.485,-8.999,167.65342,,,,,,,,,,,,
TRAMFAS12903CD7030,Is It A Sin,Deepest Blue,130.013,-6.368,514.45506,,,,,,,,,,,,
TRAMFCQ128E078CF59,Parchman Farm (LP Version),Cactus,133.227,-5.872,186.69669,,,,,,,,,,,,
TRAMFDZ12903CA7820,Hello,Jan Wayne,127.968,-5.62,381.28281,,,,,,,,,,,,
TRAMFEW12903CBAA97,Under The Bayou Moon,Bob Cheevers,116.729,-9.816,204.38159,,,,,,,,,,,,
TRAMFEX128F933D454,What You Gonna Do - Original,Chris Farlowe,103.342,-9.917,181.36771,,,,,,,,,,,,
TRAMFFW128F4263AD7,Everyday,James Taylor,101.967,-8.736,197.11955,,,,,,,,,,,,
TRAMFHI12903CB4349,A Closure in Infinity,Goatwhore,97.073,-5.559,224.86159,,,,,,,,,,,,
TRAMFIU128F426B004,With Tears In My Eyes,Wesley Tuttle,71.705,-15.019,175.22893,,,,,,,,,,,,
TRAMFJR128F92C1DB1,He Wasn't Man Enough,Toni Braxton,175.959,-3.825,262.08608,,,,,,,,,,,,
TRAMFPX128F4254D88,Simple Communication,Jimmy Riley,157.137,-5.01,229.58975,,,,,,,,,,,,
TRAMFQM128F4276295,2.000 Kilometros,David Summers,111.063,-16.104,247.77098,,,,,,,,,,,,
TRAMFRD128E07833DA,When Jesus Comes Calling For Me,Dolly Parton,139.981,-10.915,166.24281,,,,,,,,,,,,
TRAMFTL128F425BA6B,It's All Because,Smash Palace,136.164,-5.135,276.81914,,,,,,,,,,,,
TRAMFTM128F9330ACA,Aloha,Brice Kapel,128.229,-4.107,297.09016,,,,,,,,,,,,
TRAMFYQ128F426F729,Dik N Ballz,DJ Deeon,134.88,-13.286,260.30975,,,,,,,,,,,,
TRAMGAZ128F148D4C3,Sporting Life Blues (Album Version),J.J. Cale & Eric Clapton,113.151,-14.259,211.17342,,,,,,,,,,,,
TRAMGBE128F148B476,Man Man,Jacky Cheung,99.144,-10.305,283.71546,,,,,,,,,,,,
TRAMGDX12903CEF79F,Panama (Album Version),Van Halen,141.325,-5.338,212.63628,,,,,,,,,,,,
TRAMGGI128F932EC4D,Revival In The Land (Album),The Nelons,164.828,-10.674,170.55302,,,,,,,,,,,,
TRAMGJJ128F421487E,In My Dreams,Lionel Richie,84.821,-9.163,296.09751,,,,,,,,,,,,
TRAMGPM128F9311196,From The Ritz To The Rubble,Arctic Monkeys,184.023,-5.325,193.43628,,,,,,,,,,,,
TRAMGQR128E0786CA7,The Tarnished Angels (remastered),Fehlfarben,91.097,-8.351,330.65751,,,,,,,,,,,,
TRAMGSK128F1473A5B,I'm So Happy Now (Single Version),The Rascals,124.335,-10.953,170.63138,,,,,,,,,,,,
TRAMGTA128F9343FAC,My Friend the Blind,Workhorse,132.093,-6.787,276.37506,,,,,,,,,,,,
TRAMGTB128F4251586,I Say No,Mighty Diamonds,171.377,-8.03,242.23302,,,,,,,,,,,,
TRAMGTG128F92F184A,Ti Patheno,Yiannis Tassios,190.035,-7.399,208.1171,,,,,,,,,,,,
TRAMGUT12903CEDE40,Sera Cuestion De Conversar,Leonardo Favio,102.392,-13.879,229.25016,,,,,,,,,,,,
TRAMGZF128F4292DA9,Dirty Dancer  (LP Version),MICHAEL WHITE,124.237,-13.54,239.64689,,,,,,,,,,,,
TRAMGZG12903CC672C,Ali Ba Ba,Jackie Edwards,158.322,-14.635,178.46812,,,,,,,,,,,,
TRAMGZR128F429AF94,Down South,Sophie Tucker,95.514,-11.345,121.20771,,,,,,,,,,,,
TRAMGZV128F426FAB3,Always And Forever (Bff)  (Power Album Version),Raze,102.606,-7.227,938.00444,,,,,,,,,,,,
TRAMHCR128F1481B00,A Burrinha,Quinteto Violado,134.654,-12.863,136.77669,,,,,,,,,,,,
TRAMHFW128F4254303,Yiri Yiri Bon,Ricardo Lemvo,175.43,-8.491,292.12689,,,,,,,,,,,,
TRAMHGR128F933E350,Keep The Change,Joe Bataan,104.801,-8.648,199.3922,,,,,,,,,,,,
TRAMHIY128F427A892,China,Tito Puente,88.384,-12.469,295.05261,,,,,,,,,,,,
TRAMHJH128E0793259,Evil Woman,Spooky Tooth,142.646,-9.465,545.74975,,,,,,,,,,,,
TRAMHKC128F933DE7D,Just in time,Larytta,96.064,-13.017,278.12526,,,,,,,,,,,,
TRAMHKT128F9309043,Kyrie Eleison,Jane Winther,0,-20.931,159.84281,,,,,,,,,,,,
TRAMHMO128F93167EA,Isabel,Juana Molina,108.504,-16.764,262.89587,,,,,,,,,,,,
TRAMHPR128F92EDD34,We'll Learn,Kuba,168.004,-12.138,402.65098,,,,,,,,,,,,
TRAMHSU12903CBD86D,O Smaba Que Eu Não Fiz,Reginaldo Bessa,91.684,-11.688,132.54485,,,,,,,,,,,,
TRAMIEC128F14969BA,How Many More Years (LP Version),John Hammond,105.36,-12.441,196.362,,,,,,,,,,,,
TRAMIEP128F9330AC4,Lo,Brice Kapel,79.468,-4.097,225.61914,,,,,,,,,,,,
TRAMIFH128F4242961,Trouble in Mind,Rick Ross,75.634,-9.713,199.8624,,,,,,,,,,,,
TRAMIGP128F9335408,Bolivian Surf,Bersuit Vergarabat,126.531,-6.179,180.11383,,,,,,,,,,,,
TRAMIHI128F92E0C03,Anvi Viv?,Patrick St-Eloi,180.017,-5.922,310.41261,,,,,,,,,,,,
TRAMING128F4281ECA,Preparation,Vangelis,125.028,-19.662,101.8771,,,,,,,,,,,,
TRAMINS12903CCA8BB,From the East,Charles Williams,102.739,-14.676,89.12934,,,,,,,,,,,,
TRAMIOB128E078248C,Calla,Mazz,106.955,-10.381,221.1522,,,,,,,,,,,,
TRAMIOX12903CB19A1,Abstracto,Catupecu Machu,130.008,-9.285,322.35057,,,,,,,,,,,,
TRAMIOZ128F4267176,I See You,Grayson Capps,186.886,-13.012,242.18077,,,,,,,,,,,,
TRAMITG128F92FB6BE,Ugly MF,Asure,99.886,-1.026,215.11791,,,,,,,,,,,,
TRAMIUD128E07825DB,Dr. Bernice,Cracker,116.805,-19.164,380.86485,,,,,,,,,,,,
TRAMIUJ128F92F2B64,Cuycha,Jorge Alfano,51.142,-21.515,166.76526,,,,,,,,,,,,
TRAMIXD128F42981CA,And This Too Shall Pass,Stefon Harris,134.83,-17.68,511.21587,,,,,,,,,,,,
TRAMIXT12903CD2665,Quiere Novio,D.A.R.,90.997,-7.216,220.73424,,,,,,,,,,,,
TRAMIYZ128EF35CBD1,In His Name,White Heart,82.533,-14.275,260.46649,,,,,,,,,,,,
TRAMJEO128F4228CDC,Love Ain't Nothing But a Business Goin On,Junior Parker,151.273,-16.238,202.55302,,,,,,,,,,,,
TRAMJTV128F425A5A4,The Cross That Bears His Name,Cheri Keaggy,97.977,-14.173,262.24281,,,,,,,,,,,,
TRAMJUG128F429F8B2,Take It,Cassidy,114.959,-6.866,180.11383,,,,,,,,,,,,
TRAMJZQ12903CC639D,You Made Me The Thief Of Your Heart,The Shamrock Singers,106.865,-14.383,393.76934,,,,,,,,,,,,
TRAMKCK128F4266769,Irresistible,Jessica Simpson featuring Lil Bow Wow,93.08,-6.288,215.66649,,,,,,,,,,,,
TRAMKDJ128F92F3D8B,Take The Veil Cerpin Taxt,The Mars Volta,174.792,-3.741,521.63873,,,,,,,,,,,,
TRAMKIP128F42A72EC,On Fait Ce Qu'on Peut,Uman,85.992,-7.91,213.02812,,,,,,,,,,,,
TRAMKKJ128F1463612,Tumble Down,Burning Spear,101.799,-14.241,217.93914,,,,,,,,,,,,
TRAMKPP128F92F6F0C,I Gave You Everything,Irma Thomas,130.839,-13.332,173.26975,,,,,,,,,,,,
TRAMKQJ128F1499D81,Meditacao,João Gilberto,76.953,-32.331,333.89669,,,,,,,,,,,,
TRAMKRX128EF3686A4,For The Singer Of R.E.M.,fIREHOSE,179.008,-14.582,201.22077,,,,,,,,,,,,
TRAMKUA128F92ED3E1,Ballad In Urgency,The Black Crowes,117.706,-5.365,339.25179,,,,,,,,,,,,
TRAMKUF128F9353E34,Electro nicpig,Electronic pig,137.938,-6.513,218.53995,,,,,,,,,,,,
TRAMKVB128F4223DAE,Mermaid,Grayson Capps,132.684,-9.072,236.59057,,,,,,,,,,,,
TRAMKXD128F146697F,Come Out Into The Open,Neil Innes,140.069,-9.85,222.87628,,,,,,,,,,,,
TRAMLAE128F931FBE7,1. Allegro,Eduardo Fernandez / Norbert Blume / English Chamber Orchestra / George Malcolm,131.816,-25.127,341.05424,,,,,,,,,,,,
TRAMLFL128F93062A0,Stop! [Demo],Jane's Addiction,123.015,-7.915,240.01261,,,,,,,,,,,,
TRAMLGE128F92F81DD,Don't Upset The Rhythm (Go Baby Go),Noisettes,145.1,-3.936,218.46159,,,,,,,,,,,,
TRAMLGZ12903CA6BC4,I Put A Spell On You,Maysa,101.439,-8.316,313.93914,,,,,,,,,,,,
TRAMLJB128F4220AC2,On The Rhyme (Featuring DJ Pete Miser),Pete Miser,179.965,-9.559,224.02567,,,,,,,,,,,,
TRAMLMB128F14743B1,Il Y A Des Anges,Line Renaud,117.537,-12.755,140.30322,,,,,,,,,,,,
TRAMLPB128F933F690,Movin On,Katie Armiger,150.085,-5.231,204.22485,,,,,,,,,,,,
TRAMLQC128F429222A,Si Tu Veux Le Savoir,Marc Lavoine,140.424,-13.354,190.6673,,,,,,,,,,,,
TRAMLQH12903CA69B2,Alright_ Alright_ Alright,Mungo Jerry,175.048,-9.698,167.26159,,,,,,,,,,,,
TRAMLUE128F147230E,Zi You Zi Zai,Stephy Tang,148.252,-9.151,205.06077,,,,,,,,,,,,
TRAMLYH128F426F90E,Burma Diginin Eger Er,Grup Knar,156.239,-10.709,106.63138,,,,,,,,,,,,
TRAMLZC128F92F3EB9,Long Live The Party,Andrew W.K.,191.144,-4.008,240.40444,,,,,,,,,,,,
TRAMLZR128F149EBB3,If You're A Viper (LP Version),Jim Kweskin,182.773,-12.528,122.33098,,,,,,,,,,,,
TRAMLZU128F4284A13,L4-L5,Amilcar,87.882,-14.631,277.7073,,,,,,,,,,,,
TRAMMAF128F93051B0,Sfm,Basement Jaxx,130.862,-4.665,161.85424,,,,,,,,,,,,
TRAMMCH128F4241EBD,Hawaii Blues (Album Version),Commander Cody And His Lost Planet Airmen,123.713,-8.353,185.44281,,,,,,,,,,,,
TRAMMDM128F425EAA9,Heaven's In New York,Wyclef Jean,85.964,-6.748,287.50322,,,,,,,,,,,,
TRAMMDO128E0781A5D,Screen Kiss,Thomas Dolby,88.928,-17.428,328.72444,,,,,,,,,,,,
TRAMMFP12903CB59C2,Long Distance Moan,Blind Lemon Jefferson,106.798,-28.197,201.79546,,,,,,,,,,,,
TRAMMQW128F42621E1,Oh Serena,The Distillers,162.727,-4.048,152.68526,,,,,,,,,,,,
TRAMMTK128F4279CD2,Miserere: XVII. Quoniam Si Voluisses,Dan Shen_ Gruppo Vocale Cantemus_ Ensemble Airone_ Luigi Marzola,47.421,-25.063,56.71138,,,,,,,,,,,,
TRAMMTQ12903CA4FE7,Bateu No Paladar,Moraes Moreira,215.595,-7.622,249.23383,,,,,,,,,,,,
TRAMMVU128F9343E9B,All Shook Up,Smidi Beats,98.128,-14.497,199.18322,,,,,,,,,,,,
TRAMNAO128F92FACF2,Bad Influence,The Robert Cray Band,127.373,-7.933,173.322,,,,,,,,,,,,
TRAMNDH128F425C33D,Como Boomerang,Juan Carlos Baglietto,131.724,-11.54,205.84444,,,,,,,,,,,,
TRAMNDO128F9315128,Quand j'improvise sur mon piano,Jacques Higelin,120.203,-10.829,163.05587,,,,,,,,,,,,
TRAMNFT128F9316759,How Ya Like Me Now,Kool Moe Dee,104.171,-7,336.43057,,,,,,,,,,,,
TRAMNGQ128F92F56EE,Lemons_ For Kevin,Alternative TV,136.964,-13.846,237.08689,,,,,,,,,,,,
TRAMNIE128F92ECFDD,Where Are You,Abbott & Chambers,138.012,-6.466,496.06485,,,,,,,,,,,,
TRAMNJB128F92EFDC7,Ihmisen Lento,Indica,112.795,-6.676,210.85995,,,,,,,,,,,,
TRAMNPV128F932AC6D,Walking in Faith_ Reprise,Danny Wright,108.718,-17.471,109.03465,,,,,,,,,,,,
TRAMNQJ128F1456E04,Tha Stand,Bad Azz,86.979,-5.108,211.30404,,,,,,,,,,,,
TRAMNUL128F92DFD82,Knight -> King 4,Pagan Wanderer Lu,134.909,-7.523,346.25261,,,,,,,,,,,,
TRAMNUT128F14B07A9,Up On The Roof (LP Version),Little Eva,120.026,-7.517,171.78077,,,,,,,,,,,,
TRAMNVF128F92DE562,Nostradamus,Eduardo Dusek,111.802,-7.667,160.7571,,,,,,,,,,,,
TRAMNVF128F92E6392,Linda mariposa,Alfredo Gutiérrez,95.971,-6.013,133.95546,,,,,,,,,,,,
TRAMOBS128F4216395,Miss Ohio's Nameless,Why?,132.462,-6.913,173.68771,,,,,,,,,,,,
TRAMODP128F426247B,Get Down,Amil,90.894,-6.875,269.19138,,,,,,,,,,,,
TRAMOGA12903CB4421,Musical 69,Pepper,98.173,-5.935,172.87791,,,,,,,,,,,,
TRAMOGF128F428C9F3,Say Say Say (Waiting 4 U) (Tocadisco's Not Guilty Remix),Hi-Tack,129.146,-7.908,345.96526,,,,,,,,,,,,
TRAMOGP128F933CE78,Keep on dancin' (Last man standin'),Alex Gopher,125.147,-12.114,684.79955,,,,,,,,,,,,
TRAMOKE128F4267302,Dido,Kékélé,139.243,-6.112,264.12363,,,,,,,,,,,,
TRAMOKN128F9348196,Steel Guiter Stomp,Hank Penny,117.726,-12.361,170.47465,,,,,,,,,,,,
TRAMOLS128F92F99E3,I Don't Want Your Love,Dealership,107.002,-7.403,103.52281,,,,,,,,,,,,
TRAMOON128F92CB142,Three Little Fishes,Frankie Howard,165.903,-18.75,198.73914,,,,,,,,,,,,
TRAMOOQ128F93268E3,Submit,Freakhouse,78.019,-3.638,204.06812,,,,,,,,,,,,
TRAMOPU128E07888FD,Rocket,The Smashing Pumpkins,115.938,-11.253,246.93506,,,,,,,,,,,,
TRAMOUF128F9353A1B,Belle Isle Players,Starski and Clutch,165.252,-13.248,239.80363,,,,,,,,,,,,
TRAMOWI12903CE9331,Hard Times (feat. Floyd Jones),Sunnyland Slim,106.545,-14.101,148.47955,,,,,,,,,,,,
TRAMOXE128EF36565E,Abilene,The Highwaymen,154.188,-20.803,277.83791,,,,,,,,,,,,
TRAMOYG128F146B4DD,Amor Siciliano,Juan Carlos Baglietto,86.794,-11.06,225.33179,,,,,,,,,,,,
TRAMOZP128F425B7BC,Passin' The Faith Along,Gaither Vocal Band,86.249,-9.324,180.92363,,,,,,,,,,,,
TRAMPCN12903CC4E5B,Where Do The Children Play? (LP Version),Big Mountain,149.169,-7.885,216.05832,,,,,,,,,,,,
TRAMPCW128F92CC022,A Simple Desultory Philippic (Or How I Was Robert McNamara'd Into Submission),Simon & Garfunkel,181.41,-10.222,138.70975,,,,,,,,,,,,
TRAMPHV12903CF952C,No Buts - No Maybes,Professor Longhair,164.648,-7.992,127.37261,,,,,,,,,,,,
TRAMPJS128F933B5D1,Junkies 1984,Kommunity FK,91.312,-6.667,213.75955,,,,,,,,,,,,
TRAMPPE128F92E1218,Wake Me Up,Richi M.,136.826,-8.729,590.00118,,,,,,,,,,,,
TRAMPPQ128F92C2E36,Come On (Pt. III),Stevie Ray Vaughan And Double Trouble,158.136,-9.716,256.13016,,,,,,,,,,,,
TRAMPPS128F14A9068,Three Wheel Cadillac,Foghat,187.314,-6.961,235.75465,,,,,,,,,,,,
TRAMPPX128F429BF75,Cattle Call,Slim Whitman,106.637,-11.271,152.42404,,,,,,,,,,,,
TRAMPQY128F933935E,Voices Of Other Times,Brian Auger's Oblivion Express,107.053,-12.601,360.30649,,,,,,,,,,,,
TRAMPWN128F934C221,Crow Killer,Unearth,77.399,-5.071,197.25016,,,,,,,,,,,,
TRAMPXI128F931154A,Dance,Tim Hughes,145.962,-7.205,268.2771,,,,,,,,,,,,
TRAMQBK12903CDA356,A Little Louder,DJ Icey,132.986,-6.705,325.98159,,,,,,,,,,,,
TRAMQCL128F426F80D,Misty,King Curtis,43.211,-18.199,169.01179,,,,,,,,,,,,
TRAMQEB128F9306B3A,Locust Street (Album Version),The Black Crowes,98.176,-7.183,254.74567,,,,,,,,,,,,
TRAMQFO128F423CC4A,The Main Thing (LP Version),Scott Krippayne,96,-7.82,230.00771,,,,,,,,,,,,
TRAMQKM128F1474EEE,Ayer,El Gran Silencio,143.947,-6.195,300.09424,,,,,,,,,,,,
TRAMQKQ128F93291A3,Sinnloz/ Anakonda (live),Der Moderne Man,148.244,-8.702,195.18649,,,,,,,,,,,,
TRAMQMX128EF34EF23,Kudian Kudian,Babbu Maan,94.986,-7.159,227.7873,,,,,,,,,,,,
TRAMQSY128F4286540,Prick For President,Yuppie Pricks,106.662,-1.83,134.50404,,,,,,,,,,,,
TRAMQWV128F425C3DA,Ave Maria,Erik Berglund,79.632,-9.473,354.66404,,,,,,,,,,,,
TRAMRBW12903CA654C,Supercuts,Rodney O & Joe Cooley,118.933,-13.262,346.22649,,,,,,,,,,,,
TRAMRFE128F4267DF3,Annie's Angle,Mando Diao,150.276,-4.8,182.282,,,,,,,,,,,,
TRAMRKN128F424E9B2,Explode (Instrumental),The Hit Factory,133.29,-7.027,233.76934,,,,,,,,,,,,
TRAMROF128F428ED37,Dal labbro il canto,Ramón Vargas,126.07,-28.536,255.21587,,,,,,,,,,,,
TRAMRQS12903D0FD39,You Are Always On My Mind,Barbara Jones,165.754,-7.055,224.91383,,,,,,,,,,,,
TRAMRVN128F92F543E,Dreidel_ Dreidel_ Dreidel_ Dreidel!,Schoolyard Heroes,86.409,-5.898,103.41832,,,,,,,,,,,,
TRAMRWS128F14985A2,Waheera,Arturo Sandoval,200.42,-11.105,315.48036,,,,,,,,,,,,
TRAMRXD12903CE8BB1,The All-Ireland,Christie Hennessy,130.588,-16.183,180.76689,,,,,,,,,,,,
TRAMRXM128F92F46D7,Port now!,Sirka Ragnar,160.03,-5.076,177.94567,,,,,,,,,,,,
TRAMRZO12903CA82FB,All at sea,Richard Walters,127.719,-9.627,193.93261,,,,,,,,,,,,
TRAMSAY128F92ED0DD,Sixth of June,It Dies Today,160.126,-3.337,184.24118,,,,,,,,,,,,
TRAMSBQ128F4238B2D,El Gallo Y La Vaca,Richie Ray & Bobby Cruz,109.505,-2.348,209.162,,,,,,,,,,,,
TRAMSDM12903CAAB21,Goofus,Les Paul_ Mary Ford,200.562,-8.148,158.40608,,,,,,,,,,,,
TRAMSGC12903CF9375,Second Chances feat. Bilal & Darien Brockington,Little Brother,100.415,-7.534,245.28934,,,,,,,,,,,,
TRAMSIE128F42904B2,To Diazigio,Vaggelis Perpiniadis,108.556,-10.42,174.52363,,,,,,,,,,,,
TRAMSIH128F42990AB,Les Corps Glorieux (7 Visions De La Vie Des Ressuscités) (1939) : VII Le Mystère De La Sainte-Trinité,Olivier Messiaen,131.619,-42.472,462.0273,,,,,,,,,,,,
TRAMSLB128F9341812,Travellin' On,Charlie Byrd Trio,161.694,-21.115,267.4673,,,,,,,,,,,,
TRAMSSA128F92F60D1,Flowers On The Wall,Herb Alpert And The Tijuana Brass,184.279,-9.144,126.79791,,,,,,,,,,,,
TRAMSSK128F92FDC80,Family Galaxy,Tim Exile,116.795,-6.628,305.55383,,,,,,,,,,,,
TRAMSTR128F9331A3B,Fall In Love,Glen Ricks,84.994,-11.442,218.87955,,,,,,,,,,,,
TRAMSUE128F424B61F,Autores Anonimos,Chango Spasiuk,84.212,-19.65,36.20526,,,,,,,,,,,,
TRAMTFQ128F9352EDB,Gullveig,Black Messiah,124.037,-5.461,488.41098,,,,,,,,,,,,
TRAMTIH128F933E8E4,Motorcycle girl,Eric Burdon,145.858,-7.111,232.64608,,,,,,,,,,,,
TRAMTKT128F4222C3A,Reckoning (Album Version),unloco,155.793,-5.673,205.73995,,,,,,,,,,,,
TRAMTTD128F42246F3,Festival Of Love,Gene Chandler,92.293,-15.631,148.11383,,,,,,,,,,,,
TRAMTXZ12903CEB1A0,You Were On The Right Street,Little Milton,162.226,-7.049,193.85424,,,,,,,,,,,,
TRAMTYA128F932EB9F,I Wouldnt Change A Thing,Bobby Vee,115.185,-12.387,258.61179,,,,,,,,,,,,
TRAMTYX128F42985D0,Halloween II,The Misfits,83.953,-9.742,133.27628,,,,,,,,,,,,
TRAMUCQ128F4254CA3,Garbage Dump,GG Allin,140.97,-12.186,143.59465,,,,,,,,,,,,
TRAMUFV128F428DA9F,Zuo Li Bu An,Tanya Chua,147.892,-6.217,254.24934,,,,,,,,,,,,
TRAMUJQ128F4258D02,Cutting Edge,The Cutting Edge,147.173,-13.075,481.07057,,,,,,,,,,,,
TRAMUOU12903CD599E,Father John Macleod's Jig,Natalie MacMaster,109.097,-10.359,175.49016,,,,,,,,,,,,
TRAMUPG128F426E688,Please Come Home For Christmas**,Southside Johnny Lyon,94.938,-23.94,160.93995,,,,,,,,,,,,
TRAMUUZ128F933CA08,Please Listen To My Demo,EPMD,122.838,-11.199,181.39383,,,,,,,,,,,,
TRAMUYQ128F428CA58,Lo and Beholden,Patti Smith,97.147,-8.342,283.19302,,,,,,,,,,,,
TRAMUYY128F4275B6B,Caray! (con Loquillo_ directo Enjoy 07),Jaime Urrutia,133.01,-5.97,214.43873,,,,,,,,,,,,
TRAMVBZ12903CB2635,Pennies From Heaven,Dean Martin,63.16,-13.296,134.94812,,,,,,,,,,,,
TRAMVCA128F933F347,31 - 40,Danny Diablo feat. Puerto Rican Myke,94.335,-13.483,281.49506,,,,,,,,,,,,
TRAMVMU128F4241923,When Tomorrow Hits (Album),Mudhoney,83.122,-15.959,159.58159,,,,,,,,,,,,
TRAMVOM128F42ACB16,Take The Long Way Home,Faithless,130.002,-7.852,275.12118,,,,,,,,,,,,
TRAMVUQ12903CC900D,Blood Will Fall,Demonbreed,121.487,-6.392,329.40363,,,,,,,,,,,,
TRAMVUW128F42325F9,Train_ Train (LP Version),Blackfoot,121.483,-12.347,177.8673,,,,,,,,,,,,
TRAMVYI128EF35FDD8,Come On Shake My Feelin',Smiley,110.043,-7.789,186.06975,,,,,,,,,,,,
TRAMWDI128F92FF678,Deep Blue Sea (Daniel Rossen home recording),Grizzly Bear,85.003,-14.372,351.50322,,,,,,,,,,,,
TRAMWGW128F92E16FF,Garfield - A Tail Of Two Kitties: Mirror Dance,GARFIELD,81.646,-22.386,53.86404,,,,,,,,,,,,
TRAMWHA128F92E7FDB,Maria Morena,André Verchuren,120.643,-10.062,139.62404,,,,,,,,,,,,
TRAMWHX128F4237056,Ammohostos,George Dalaras,47.447,-14.618,164.77995,,,,,,,,,,,,
TRAMWIC128F92FCC79,The Mission,Stephen Marley / Damian Marley,115.823,-7.842,273.89342,,,,,,,,,,,,
TRAMWIH128F92D28B2,Vals '89,Manolis Famellos & I Podilates,94.301,-11.719,162.58567,,,,,,,,,,,,
TRAMWJH128F145DBE9,Rapture (Us Disco Version) (1999 Digital Remaster),Blondie,215.006,-10.448,431.75138,,,,,,,,,,,,
TRAMWKK128F9314838,In the Wordless Chamber,Emperor,169.423,-5.315,334.68036,,,,,,,,,,,,
TRAMWKM128F92D51E4,Un Petit Cabanon Pas Plus Grand Qu'Un Mouchoir De Poche,Darcelys,166.935,-15.412,152.842,,,,,,,,,,,,
TRAMWLJ128F9353C44,La vérité,Annie Blanchard,113.287,-10.021,252.44689,,,,,,,,,,,,
TRAMWLL12903D119DA,Ghost of the Ocean (Live),Uriah Heep,149.921,-8.151,214.25587,,,,,,,,,,,,
TRAMWMT128F1453E62,Belly Dancer (Bananza) Remix ft. Kardinal Offishall,Akon / Kardinal Offishall,100.364,-6.583,207.20281,,,,,,,,,,,,
TRAMWOH12903CA8BA0,Me Recuso,Gal Costa,149.039,-17.225,252.02893,,,,,,,,,,,,
TRAMWON12903CE7DBA,The frog song,Alain-François,136.044,-5.91,169.87383,,,,,,,,,,,,
TRAMWQG128F427BA3C,Lametavolante,Facto Delafe y las flores azules,194.012,-5.726,127.79057,,,,,,,,,,,,
TRAMWSA128F9359719,Old Shep,Red Foley,38.443,-10.697,192.80934,,,,,,,,,,,,
TRAMXDO128E0798C6A,Azzurro,Jaime Urrutia,120.464,-5.688,278.96118,,,,,,,,,,,,
TRAMXGR128E07822CC,Bullet Proof ... I Wish I Was (Acoustic),Radiohead,153.08,-18.146,214.7522,,,,,,,,,,,,
TRAMXIQ128F4246FAF,Petticoat,The Weegs,159.041,-7.215,177.18812,,,,,,,,,,,,
TRAMXJC128F428E68F,Sometimes I,Plasmatics,113.11,-11.425,230.66077,,,,,,,,,,,,
TRAMXNX128F4281619,Un ballo in maschera (2002 Digital Remaster)_ Act 2: Oh_ qual soave brivido (Riccardo/Amelia),Maria Callas/Giuseppe di Stefano/Orchestra del Teatro alla Scala_ Milano/Gianandrea Gavazzeni,76.731,-16.618,233.40363,,,,,,,,,,,,
TRAMXNY128F92F84F4,Je me sens libre,Yvette,130.03,-6.103,405.002,,,,,,,,,,,,
TRAMXOD128F9306E6D,Compatible,Tanika Turner,95.039,-8.073,232.72444,,,,,,,,,,,,
TRAMXPQ128F148B0C2,How Bad Do You Want It,Mark Wills,96.071,-5.849,210.33751,,,,,,,,,,,,
TRAMXVR128F92EE43B,Ole Ola,Grupo Batuque,0,-4.411,270.39302,,,,,,,,,,,,
TRAMXVY128F930558B,Cuts (Bobby's Still In Williamsburg),Computer Paul,127.983,-7.972,577.48853,,,,,,,,,,,,
TRAMXVY128F931C1EF,I've Got A Thing About You Baby (Album Version),Tony Joe White,89.102,-15.733,162.0371,,,,,,,,,,,,
TRAMXWX128F424D76B,Moore Street Girls,The Elders,108.04,-7.3,231.00036,,,,,,,,,,,,
TRAMYEC128F4279CA7,Miserere: IV. Quoniam Iniquitatem,Dan Shen_ Gruppo Vocale Cantemus_ Ensemble Airone_ Luigi Marzola,30.553,-34.162,16.40444,,,,,,,,,,,,
TRAMYEF128F934F2D0,Bad,Tomash Gee,146.999,-4.198,373.75955,,,,,,,,,,,,
TRAMYHK128F9348112,Estar Junto A Ti (Angel),Yuridia,116.629,-14.612,265.92608,,,,,,,,,,,,
TRAMYQN128F4282647,Le Pull Over,Gloria Lasso,109.509,-11.685,162.16771,,,,,,,,,,,,
TRAMYRB128F426234C,Speak Softly,Claw Hammer,167.156,-8.85,293.8771,,,,,,,,,,,,
TRAMYUZ128F4246FAC,Slivery,The Weegs,148.735,-7.008,192.20853,,,,,,,,,,,,
TRAMYZP128F4296A16,A Song For You (Feat. DMX and Chris Notez),Bizzy Bone,84.971,-5.066,238.21016,,,,,,,,,,,,
TRAMZGZ128F42413C2,On My Own (LP Version),Debra Laws,119.697,-8.219,257.48853,,,,,,,,,,,,
TRAMZHL12903CB65C3,Alter Mann,Der Plan,54.468,-15.478,136.82893,,,,,,,,,,,,
TRAMZIZ128F4269F51,You Are!,Christian Quast,125.049,-13.431,466.33751,,,,,,,,,,,,
TRAMZKU128F9345F08,Get F#%ked Up,Chapta_ Stage McCloud_ SupaStarr & Tony Manshino,78.612,-4.733,274.38975,,,,,,,,,,,,
TRAMZPZ128F4274ECC,Arabian Night,The Monroes,132.369,-4.07,219.61098,,,,,,,,,,,,
TRAMZVC128F92E0729,Why_ Now Baby?,Red Stick Ramblers,101.235,-9.265,194.0371,,,,,,,,,,,,
TRANADU128F9345BC8,The Wind (Tears For You),Cece Winans,124.766,-8.998,288.91383,,,,,,,,,,,,
TRANAGV128F4289B5F,(The Grave Prelude),Mobb Deep,93.785,-13.662,50.15465,,,,,,,,,,,,
TRANAHT128E07895F8,Boo Hoo,KT Tunstall,128.205,-10.997,308.63628,,,,,,,,,,,,
TRANAIE128F146E588,Losing Love (DJ Wout Remix),Milk Inc.,140.023,-10.674,430.65424,,,,,,,,,,,,
TRANALJ128F9318BAF,Ooh Wee Baby,Doyle Bramhall,89.922,-7.194,252.36853,,,,,,,,,,,,
TRANANS128F14ABE7E,All das mag ich,ÄI-TIEM,93.978,-10.948,323.3171,,,,,,,,,,,,
TRANAOE128F429961F,Three Times Seven,Doc & Merle Watson,100.483,-16.522,140.5122,,,,,,,,,,,,
TRANAPL128F147328F,Owner Of My Heart (Album Version),Sasha,95.962,-6.282,220.99546,,,,,,,,,,,,
TRANASA12903D11452,Navicularia,Berrogüetto,166.431,-10.413,363.31057,,,,,,,,,,,,
TRANAUJ128E07860B0,Good Girls_ Bad Guys,DMX / Dyme,119.579,-4.422,233.40363,,,,,,,,,,,,
TRANAYD128F9322A70,Janus (Riff Monster - topical),The Gone Jackals,142.801,-5.817,207.33342,,,,,,,,,,,,
TRANAYU128F4252987,Jesus Can Work It Out,The Jackson Southernaires,110.709,-6.749,187.32363,,,,,,,,,,,,
TRANAZC128F9344921,Bartholdi's Dream,William Goldstein,112.328,-24.188,115.74812,,,,,,,,,,,,
TRANBMY128F426416A,Rock America,Danger Danger,164.171,-7.866,292.85832,,,,,,,,,,,,
TRANBNU12903CA02FA,Wy Wouldn't I,Legacy Five,156.131,-10.088,168.12363,,,,,,,,,,,,
TRANBRL12903CED03D,Givin' My Love,Clay Crosse,143.245,-9.817,256.33914,,,,,,,,,,,,
TRANBUW128F933C645,Don't Panic,Coldplay,122.291,-8.501,139.12771,,,,,,,,,,,,
TRANBWB128F429FB03,My Soul Is Gonna Live With God,Josh White,133.972,-18.449,181.49832,,,,,,,,,,,,
TRANBWC128F92E240A,Sheds And Weeds (Barracos E Arbustos),José Roberto Bertrami,103.277,-15.439,204.87791,,,,,,,,,,,,
TRANCCN128E0794B18,Hunter,30 Seconds To Mars,106.525,-10.807,234.73587,,,,,,,,,,,,
TRANCCR12903C9CF6B,Cancáo Do Amor Demais,Elizete Cardoso,63.621,-18.276,103.18322,,,,,,,,,,,,
TRANCEE128F4267C92,Runnin' Away,Eddie Money,120.581,-10.633,213.68118,,,,,,,,,,,,
TRANCEY12903CF8C34,El Terror,Orquesta Harlow,124.001,-9.076,281.59955,,,,,,,,,,,,
TRANCFS12903C9B61B,Like Dylan In The Movies,Belle and Sebastian,104.494,-10.504,250.69669,,,,,,,,,,,,
TRANCFU128F42307F9,Who Can Handle Me Is You,Little Milton,142.739,-13.336,185.36444,,,,,,,,,,,,
TRANCFZ128F4252AB4,Bamboo Blue,Steven Halpern,144.544,-16.663,264.82893,,,,,,,,,,,,
TRANCJG128F14528B4,The Earth Will Shake,Thrice,125.019,-5.257,268.17261,,,,,,,,,,,,
TRANCOH128F422F31D,MY CONSOLATION (LP Version),Silverstein,202.068,-6.818,242.83383,,,,,,,,,,,,
TRANCOS128F4267DFB,All My Senses,Mando Diao,119.346,-5.403,251.03628,,,,,,,,,,,,
TRANCRD12903CDE242,Tatter Jack Walsh,The Russell Family,117.005,-31.127,96.86159,,,,,,,,,,,,
TRANCSE128F93044F1,Ojos Así,Shakira,87.054,-7.936,409.99138,,,,,,,,,,,,
TRANCVS12903CDDC84,How U Want It?,Ya Boy,117.66,-10.649,208.14322,,,,,,,,,,,,
TRANCWY12903C9C82C,The Think Drink Theme,The Harvey Averne Dozen,92.082,-15.489,166.81751,,,,,,,,,,,,
TRANDBY128F146E8CC,Spin (Album Version),Taking Back Sunday,95.254,-4.164,219.79383,,,,,,,,,,,,
TRANDEK128F4259EBC,Lose This Skin,The Clash,120.223,-5.49,308.50567,,,,,,,,,,,,
TRANDHE128F9305CDA,Run's House,RUN-DMC,198.564,-5.068,201.82159,,,,,,,,,,,,
TRANEHV12903CD1E33,Ethiopian Serenade,Mystic Revelation of Rastafari,118.132,-18.933,250.90567,,,,,,,,,,,,
TRANELB128F92EF58A,Réjouissance [I'll Cry Instead],Joshua Rifkin,90.318,-15.007,111.46404,,,,,,,,,,,,
TRANELD128F4250FCF,Latinas,Flora Purim,136.234,-20.831,222.9024,,,,,,,,,,,,
TRANELG128F424F264,The Kingdom - Titles,Danny Elfman,85.807,-14.107,269.7922,,,,,,,,,,,,
TRANEMF128F42888C8,Drunken's Man's Dream,Suzy Thompson,151.576,-11.846,196.91057,,,,,,,,,,,,
TRANEMQ128F42A10A8,No Sympathy For Fools,Behemoth,118.817,-5.117,229.40689,,,,,,,,,,,,
TRANEQB128F4284978,Katie,Mary Black,116.673,-11.691,283.61098,,,,,,,,,,,,
TRANEQC12903D01CE6,Dangerous Dance,Dolores Keane,180.532,-16.454,249.93914,,,,,,,,,,,,
TRANEYV128F4269032,I Am Your Mother Too,Keb' Mo',86.631,-16.239,242.80771,,,,,,,,,,,,
TRANFBR128F4294EAF,Cabide,Mart'nália,144.548,-9.602,157.07383,,,,,,,,,,,,
TRANFDB12903CD486C,Dogs,George Lopez,75.114,-15.149,297.22077,,,,,,,,,,,,
TRANFFQ12903CFFF64,21st Century Time Bomb,Opiate For The Masses,80.006,-3.3,233.11628,,,,,,,,,,,,
TRANFIR128F429180A,Exodus,Quincy Jones,109.86,-12.328,204.82567,,,,,,,,,,,,
TRANFLR128F931CF30,Bitesize - Electro Beats Mix,Ministry of Sound,85.958,-7.661,1686.7522,,,,,,,,,,,,
TRANFMB128F146631E,C30 C60 C90 Go,Bow Wow Wow,231.725,-10.137,182.9873,,,,,,,,,,,,
TRANFNQ128F425EF2B,La Machine,Pascal Obispo,130.057,-8.909,246.56934,,,,,,,,,,,,
TRANFOS128F92F5C6B,No tendrás casa,Kamelo Punto Semos,133.036,-6.86,258.84689,,,,,,,,,,,,
TRANFTA128F92EA606,Harlem Nocturne,Les Brown,86.441,-14.319,172.87791,,,,,,,,,,,,
TRANGCR128F148CF28,Think About Me,Sister Hazel,138.581,-5.15,188.62975,,,,,,,,,,,,
TRANGFI12903CC7801,Moonlight Lover,Barbara Jones,176.932,-9.375,242.20689,,,,,,,,,,,,
TRANGIY128F427FA51,Get Away,Rooney,119.406,-3.324,171.93751,,,,,,,,,,,,
TRANGLC128F14B1025,Pimpin' Don't Fail Me Now [Featuring Jazze Pha and Juvenile] (Explicit Album Version),8Ball & MJG,170.046,-5.674,236.93016,,,,,,,,,,,,
TRANGMD128F9302413,Les Corps Glorieux: III. L'Ange aux parfums,Timothy Byram-Wigfield,112.238,-32.934,473.46893,,,,,,,,,,,,
TRANGQX128F422F1DE,Nevada's Grace (Album Version),Atreyu,128.639,-5.512,227.99628,,,,,,,,,,,,
TRANGSP128F4267214,Top Of The World,Jazz Crusaders,96.617,-9.718,406.07302,,,,,,,,,,,,
TRANGYF128E0786C33,Bedtime Story (Album Version),Madonna,111.958,-13.603,248.55465,,,,,,,,,,,,
TRANHCG128F4258B6D,This Little Child (Brown),Scott Wesley Brown,111.915,-14.696,350.11873,,,,,,,,,,,,
TRANHEK128F4230E25,Pass The Earplugs,Ashes to Ashes,110.005,-6.125,215.40526,,,,,,,,,,,,
TRANHJV128F92D819D,Silent Night_ Holy Night! (Album Version),Faith Hill,37.656,-16.402,189.67465,,,,,,,,,,,,
TRANHJZ128F9331A71,Crappy Shop (50 Cent Diss Track),Forensics,96.528,-12.995,381.33506,,,,,,,,,,,,
TRANHKC128F9309BF4,Fortune Teller,The Rolling Stones,173.845,-6.999,116.92363,,,,,,,,,,,,
TRANHMJ128F9330B50,Metamorphosis,Amoral,129.962,-5.306,306.38975,,,,,,,,,,,,
TRANHMQ12903CA12E8,Ebb Tide,Tony Martin,80.609,-26.928,216.24118,,,,,,,,,,,,
TRANHQB128F92E1B21,Way Way Back,Kool Moe Dee,110.153,-11.151,272.8224,,,,,,,,,,,,
TRANHQG12903CF5C15,Spanish Fly,Fudge Tunnel,140.638,-13.702,325.72036,,,,,,,,,,,,
TRANHQT12903CCF704,Southern Fried,DJ Nasty,149.956,-15.386,195.13424,,,,,,,,,,,,
TRANHRS128F426B925,Africa,Dusminguet,106.073,-9.688,173.97506,,,,,,,,,,,,
TRANHYE128F92DE232,The Way I Loved You,Taylor Swift,160.786,-4.536,245.36771,,,,,,,,,,,,
TRANIAH12903CA9482,The High and The Mighty,Roger Williams,86.721,-21.186,161.95873,,,,,,,,,,,,
TRANIBF12903CFA420,Je n'irai pas ailleurs,France D' Amour,95.068,-4.858,229.79873,,,,,,,,,,,,
TRANIFM128F931C027,Ya Got Me,Nancy Walker,75.77,-14.12,162.79465,,,,,,,,,,,,
TRANIHL128F42970BD,All In A Day (Live @ The Troubadour_ LosAngeles),The Paul Butterfield Blues Band,200.105,-9.839,490.84036,,,,,,,,,,,,
TRANIJF128F422E570,The Passion (Regular),Aeoliah,99.21,-26.236,262.53016,,,,,,,,,,,,
TRANIJG128F92EFC9B,Where in the World,Tony Martin,66.568,-16.643,192.54812,,,,,,,,,,,,
TRANIJQ128F4298A10,Domino,Kiss,91.413,-8.471,240.45669,,,,,,,,,,,,
TRANIMO12903CA55C7,Love the One You're With,Glen Washington,158.242,-11.97,203.75465,,,,,,,,,,,,
TRANINJ128F93480C6,Dedicado,Miguel Gallardo,108.789,-10.369,227.60444,,,,,,,,,,,,
TRANIPA128F93151A2,Just One Of Those Things,Dionne Warwick,101.421,-13.765,210.96444,,,,,,,,,,,,
TRANIQV128F425423F,Keep On Doing What I'm Doing,The Jackson Southernaires,115.262,-11.703,193.25342,,,,,,,,,,,,
TRANIUD12903CCE692,To Your Arms of Love,Jah Cure,168.979,-3.362,210.85995,,,,,,,,,,,,
TRANIUS12903D00EC7,...and Heavens Cried Blood,Swallow The Sun,71.758,-6.317,377.75628,,,,,,,,,,,,
TRANIVG128F1484DED,Again,Janet Jackson,129.542,-10.252,227.082,,,,,,,,,,,,
TRANIWL128F4262AB0,Tobacco Spit,Bare Jr.,91.973,-7.837,230.05995,,,,,,,,,,,,
TRANIWM128F1495AB7,Eu E Meu Coracao,João Gilberto,55.596,-22.083,312.05832,,,,,,,,,,,,
TRANIZO128F9335764,Twerk (feat. Yo Majesty),Basement Jaxx,85.332,-5.2,210.20689,,,,,,,,,,,,
TRANJGM128F427A41B,Sleepwalker,Nightwish,78.006,-5.921,175.80363,,,,,,,,,,,,
TRANJJM128F4267B03,Finding My Way,Stanley Clarke & George Duke,132.465,-14.253,339.09506,,,,,,,,,,,,
TRANJMB128F42926E4,Creepshow Remixes (Soul Of Man Mix),Plump DJs,129.961,-8.564,490.55302,,,,,,,,,,,,
TRANJMO128F425C44D,Comme Toi (Live),Jean-Jacques Goldman,120.704,-14.457,327.65342,,,,,,,,,,,,
TRANJPA128F92CAE02,Go Now - Original,Dennis Brown,157.619,-10.999,205.24363,,,,,,,,,,,,
TRANJSV128E0799689,There Will Come A Day (Album Version),Faith Hill,154.434,-9.031,253.1522,,,,,,,,,,,,
TRANJWP128F428560C,Exiliado En El Lavabo,Estopa,142.869,-12.359,195.83955,,,,,,,,,,,,
TRANKDX128F42668C0,Fell In Love Today,Lee Michaels,101.015,-11.723,118.88281,,,,,,,,,,,,
TRANKFC128F92D8CB9,Smile,The London Pops Orchestra,67.6,-16.755,204.2771,,,,,,,,,,,,
TRANKIL128F1476FA2,Voices Inside My Head,The Police,108.565,-13.425,233.45587,,,,,,,,,,,,
TRANKKB128EF34A897,Kalanta,Despina Vandi,87.965,-7.865,307.87873,,,,,,,,,,,,
TRANKMZ128F4229023,Everafter,Mark Feldman_ John Taylor_ Anders Jormin_ Tom Rainey,86.175,-27.513,527.82975,,,,,,,,,,,,
TRANKMZ128F42A0098,Nehi Mamma Blues,Frank Stokes,172.348,-16.079,190.92853,,,,,,,,,,,,
TRANKOO128F9323499,Living Again,John Wesley Ryles,101.348,-15.878,183.95383,,,,,,,,,,,,
TRANKPC128F92F79F5,Where Is The Love?,Bobby Broom,124.883,-14.856,382.98077,,,,,,,,,,,,
TRANKPF128F429FF68,Farther Along (Favorite Hymns Sung By The Homecoming Friends Album Version),Bill & Gloria Gaither,111.321,-9.489,216.18893,,,,,,,,,,,,
TRANKQG128F9308D2A,Presenting The Eight Wonder Of The World,Max Steiner,134.759,-15.511,24.13669,,,,,,,,,,,,
TRANKQU128F429D15E,La Alegria Del Batallon,Alfredo Kraus,92.409,-17.667,135.13098,,,,,,,,,,,,
TRANKSF128F930F91B,The Same God,Carman featuring Commissioned & The Christ Church Choir,149.978,-7.914,247.14404,,,,,,,,,,,,
TRANKVF128F42724A1,Rappin' About Rappin' (Uh-Uh-Uh),Junie,102.682,-8.71,243.69587,,,,,,,,,,,,
TRANKWK128F9324301,Walls Of Jericho (Album Version),Freddie McGregor,124.088,-9.44,210.52036,,,,,,,,,,,,
TRANKYM128F428B7A4,Ultra-Funk,Los Amigos Invisibles,109.35,-6.505,218.67057,,,,,,,,,,,,
TRANLHJ128F9313CA4,In The Midst,Byron Cage featuring Tye Tribbett,119.194,-4.681,240.43057,,,,,,,,,,,,
TRANLHL12903CF88E5,Sacred,Moonspell,120.064,-7.145,313.46893,,,,,,,,,,,,
TRANLIQ12903CF98AE,You Turn Me,Vickie Winans,179.934,-8.139,347.42812,,,,,,,,,,,,
TRANLJA128F42A5379,It's All Wrong_ But It's All Right,Dolly Parton,143.804,-10.691,193.54077,,,,,,,,,,,,
TRANLLL128F42268D9,Nomades Monades,Frederic Galliano,81.983,-20.282,1394.75546,,,,,,,,,,,,
TRANLLT128F4226A66,Hidden Sun,Room 5,127.99,-7.611,403.01669,,,,,,,,,,,,
TRANLMB12903CA8250,Hold On Tight,Lambda,128.07,-7.944,180.79302,,,,,,,,,,,,
TRANLQA128F930F8F8,The Last Stand,Statues,182.195,-5.39,127.73832,,,,,,,,,,,,
TRANLRX128F4259030,Mosquito Coil,Zeromancer,93.001,-8.704,277.81179,,,,,,,,,,,,
TRANLSP128F14671CA,The Planet (Explicit),Gang Starr,209.396,-10.518,316.02893,,,,,,,,,,,,
TRANLXB128F92FE4F4,Rain Love,Al Denson,80.137,-8.7,249.67791,,,,,,,,,,,,
TRANLYF128F1491D3B,Buck's Going Downtown (Album Version),Buckwheat Zydeco,124.325,-10.165,416.23465,,,,,,,,,,,,
TRANMHB128F92DAC10,Trio (1932)_ Movement 3: Moderato,Strata,91.854,-20.406,409.83465,,,,,,,,,,,,
TRANMJW128F92D944A,Lip Smacker,Poncho Sanchez,111.985,-11.951,372.37506,,,,,,,,,,,,
TRANMKA128F426C3B0,Heavy Like Sunday,Leona Naess,147.256,-9.042,179.74812,,,,,,,,,,,,
TRANMKF128E07995A8,Dance Into The Light (LP Version),Phil Collins,87.871,-6.548,262.00771,,,,,,,,,,,,
TRANMMN128F93405A0,Un Res Pyr,Roger Subirana,116.866,-14.015,288.07791,,,,,,,,,,,,
TRANMNY128F934FE38,NE Thang,Natural Elements,76.76,-12.141,220.83873,,,,,,,,,,,,
TRANMOT128F92EFF19,Standing Knee Deep In a River (Dying Of Thirst),Kathy Mattea,132.335,-9.352,250.33098,,,,,,,,,,,,
TRANMRR128F42666C4,Se Puede Salir,Vilma E Vampiros Palma,127.879,-7.724,265.32526,,,,,,,,,,,,
TRANMSI128F92CB1A0,I'm Gonna Move To The Outskirts Of Town - Live,Albert King,96.804,-13.004,454.84363,,,,,,,,,,,,
TRANMSK128F4234DD8,Comerte A Besos (Bachata Version),Frankie Negron,125.007,-6.035,260.8322,,,,,,,,,,,,
TRANMSR128F930C751,The Munster Cloak,Seamus Egan,98.355,-15.717,184.2673,,,,,,,,,,,,
TRANMTV128F932AC02,Sweet And Lovely,Tiny Tim,87.895,-13.265,236.77342,,,,,,,,,,,,
TRANMWO128F426C41A,Intro / Time For Some Action,N.E.R.D.,113.034,-5.795,222.6673,,,,,,,,,,,,
TRANMXY128F1489C65,The Hood Comes First (LP Version),Naughty By Nature,199.652,-12.711,216.60689,,,,,,,,,,,,
TRANMYD128F428AD0B,Fabrication,React,126.412,-10.158,131.082,,,,,,,,,,,,
TRANNCH128F14B1A75,Das Gelübde,Tresenlesen,174.332,-12.119,239.46404,,,,,,,,,,,,
TRANNCZ128F92F1D22,Jack's Lament,The All American Rejects,109.697,-9.322,195.18649,,,,,,,,,,,,
TRANNDV128F427FDD8,Drowning In Public Approval,Malefaction,151.379,-3.807,76.90404,,,,,,,,,,,,
TRANNES128F4277849,Appapas Del Calabar,Los Van Van,202.153,-5.801,268.042,,,,,,,,,,,,
TRANNJC128F429F7E3,I'm On My Way Blues,Washboard Sam,92.574,-16.597,169.22077,,,,,,,,,,,,
TRANNLE128E07871BF,Side Street,Viktor Krauss,93.394,-21.361,243.1473,,,,,,,,,,,,
TRANNSL128F92E1C57,Chocolate Squirrelador (Album Version),Dan Cummins,112.194,-13.605,140.43383,,,,,,,,,,,,
TRANNUW128F931B513,Cadillac Walk (Album Version),Willy DeVille,143.592,-5.883,439.30077,,,,,,,,,,,,
TRANNXH128F933A6B3,Aguas Claras De Olimpos,Pescado Rabioso,80.754,-13.209,526.21016,,,,,,,,,,,,
TRANNZZ128F92C22F7,What Goes Around...Comes Around,Justin Timberlake,127.952,-3.773,254.1971,,,,,,,,,,,,
TRANOBE12903CE4DF3,Perkiomen,Hall & Oates,105.314,-9.926,158.40608,,,,,,,,,,,,
TRANOEV128F427957F,Weighed Down,Plump DJs,134.113,-6.934,304.45669,,,,,,,,,,,,
TRANOHA128F428B1CB,This Guitar Says Sorry,Billy Bragg,176.447,-9.341,153.88689,,,,,,,,,,,,
TRANOKE128F42703A6,Try Love,Sugar Minott,158.051,-11.107,290.35057,,,,,,,,,,,,
TRANOMN128F4292090,Jour De Chance (Lucky Day),Sasha,101.05,-5.275,199.23546,,,,,,,,,,,,
TRANONM128F92EAF7A,Tu Recuerdo,"Ricky Martin Feat. La Mari de ""Chambao",83.891,-6.41,247.87546,,,,,,,,,,,,
TRANOPO128F4217958,My Baby,Bukka White,114.268,-13.206,880.92689,,,,,,,,,,,,
TRANOXA12903CDB0ED,The Reach,White Willow,101.341,-12.518,659.46077,,,,,,,,,,,,
TRANOYB12903CCB8B5,Ese Que Traes A Tu Lado,Los Barón De Apodaca,199.046,-12.442,213.7073,,,,,,,,,,,,
TRANPAA128F92F10F8,No Next Time,Ten Wheel Drive,113.866,-11.723,272.84853,,,,,,,,,,,,
TRANPDG128F930F4FE,I Will Shelter You,Bob Carlisle,147.576,-7.853,252.00281,,,,,,,,,,,,
TRANPFB128F9310D69,Safe in Numbers (Album Version),Scalplock,98.032,-8.704,52.03546,,,,,,,,,,,,
TRANPFD12903CEA1A9,It's All In The Word,The Jackson Southernaires,110.167,-8.038,281.25995,,,,,,,,,,,,
TRANPFP128F932C002,"Nova (originally from ""failure"")",Smut Peddlers,160.147,-6.052,104.93342,,,,,,,,,,,,
TRANPHV128F9344CC3,Nervous Breakdown,Nerf Herder,189.995,-2.885,167.44444,,,,,,,,,,,,
TRANPKC128F93486B9,"Slave To Love (7"" Version) (2009 Digital Remaster)",Bryan Ferry,147.421,-7.664,240.03873,,,,,,,,,,,,
TRANPLD128F92EB034,Mona Lisa,Moon Mullican,74.6,-17.881,170.52689,,,,,,,,,,,,
TRANPLE128F9322D6F,1987,2 Minutos,186.495,-7.653,64.39138,,,,,,,,,,,,
TRANPLF128F9340B6E,Folião Ausente,Spok Frevo Orquestra,102.164,-8.431,286.04036,,,,,,,,,,,,
TRANPPB128F42962D4,A volta da mulher morena,Vinícius de Moraes,103.682,-16.216,157.30893,,,,,,,,,,,,
TRANPRQ128EF348E34,Persuasion,Santana,109.464,-4.27,317.09995,,,,,,,,,,,,
TRANPRZ128F92FD7B1,Sin Poderte Hablar,Huey Dunbar,100.029,-7.024,200.80281,,,,,,,,,,,,
TRANPUZ128F422B236,No,Hot Chip,146.035,-8.208,182.15138,,,,,,,,,,,,
TRANPWV128F9341281,He Who Breeds Pestilence,Behemoth,129.829,-2.735,341.2371,,,,,,,,,,,,
TRANPXL128F42B8FED,Sympathy,Sylver,138.935,-9.122,170.50077,,,,,,,,,,,,
TRANPYC128F9332A49,In Our Hands_ Once Again,Dead Hearts,136.714,-5.053,44.30322,,,,,,,,,,,,
TRANPYL128F9316AE7,Another Day Another Night,Klubbingman feat. Beatrix Delgado,145.004,-5.395,333.21751,,,,,,,,,,,,
TRANQBJ12903CAFF20,Hohoemi No Bakudan (YUUYUUHAKUSO Opening Theme),Mawatari Matsuko,86.765,-4.834,253.77914,,,,,,,,,,,,
TRANQCI128F9327BD7,Rendez-Vous,Harry Diboula,167.952,-9.522,249.88689,,,,,,,,,,,,
TRANQDK128F9326202,Underlying Lies,Scott Matthews,100.008,-8.599,325.48526,,,,,,,,,,,,
TRANQDN128F425EEEA,"Carnival (from ""Black Orpheus"")",Tito Puente,102.308,-13.906,273.81506,,,,,,,,,,,,
TRANQDS12903CE3E1D,It's Alright,Graham Central Station,119.633,-9.783,229.27628,,,,,,,,,,,,
TRANQEB128F92C46CC,Les Femmes Des Autres,Jacques Dutronc,122.233,-11.899,192.33914,,,,,,,,,,,,
TRANQEQ128F428AD70,Dying to Know (Album Version),Pennywise,171.516,-5.163,185.5473,,,,,,,,,,,,
TRANQKF12903CDEC7A,Endless Flight,Gustavo Santaolalla,156.446,-21.463,276.21832,,,,,,,,,,,,
TRANQLL128F92F5263,Poem To A Horse,Shakira,93.982,-6.025,246.43873,,,,,,,,,,,,
TRANQNS128F42739D1,You Make Me Feel Good ,JK,125.991,-14.475,361.16853,,,,,,,,,,,,
TRANQQZ128E079224E,Wow,Snow Patrol,143.038,-5.694,242.05016,,,,,,,,,,,,
TRANQRQ12903CC4BBB,Touch You,Sandy Posey,149.252,-15.15,165.19791,,,,,,,,,,,,
TRANQYI12903CA2BA9,Black Diamond,Taking Dawn,144.777,-4.361,236.79955,,,,,,,,,,,,
TRANQZI128F14901EE,HUM,Mario Rosenstock,126.476,-11.043,29.49179,,,,,,,,,,,,
TRANRCQ128F933046C,Personne Stop (feat. Nixon),Royal S,184.155,-6.313,285.98812,,,,,,,,,,,,
TRANRDW128E0793D49,Still I'm Sad,Rainbow,162.384,-10.178,663.24853,,,,,,,,,,,,
TRANREH128F14AE5E5,This Time (Learning To Trust Album Version),David Meece,104.56,-11.809,241.76281,,,,,,,,,,,,
TRANREH128F93462CF,Girls All Pause,Kurupt,103.596,-7.804,207.98649,,,,,,,,,,,,
TRANRER128F92E3424,Hengähä tok,Esa Pakarinen,125.346,-14.988,200.202,,,,,,,,,,,,
TRANRFB128F1481F1E,Looking For Clues,Robert Palmer,141.674,-11.514,299.78077,,,,,,,,,,,,
TRANRGH128F930779A,Stay Awhile,Danny Williams,143.467,-16.389,200.82893,,,,,,,,,,,,
TRANRGK128F932D48F,After The Dark,Jimmy McGriff,140.085,-17.522,334.18404,,,,,,,,,,,,
TRANRGM128F932C303,Questo sporco mondo meraviglioso,Piero Umiliani,104.263,-11.443,158.51057,,,,,,,,,,,,
TRANRGP128F1465737,Going Down,Bryan Ferry,105.361,-10.096,188.18567,,,,,,,,,,,,
TRANRIK128F148C860,Paul,Eminem,120.765,-24.997,13.58322,,,,,,,,,,,,
TRANRKN128F93127BB,Walkin' Away,Hanoi Rocks,102.99,-5.628,236.35546,,,,,,,,,,,,
TRANRLO128F92F3BE9,Have you got a Minute to spare,Mikey Dread,158.813,-10.099,251.14077,,,,,,,,,,,,
TRANROU12903CE0B65,Up Close and Personal,Bukue One,192.025,-11.117,130.61179,,,,,,,,,,,,
TRANRSN12903D0E6F9,Ooh Baby (feat. Lil Bandit & Royal T),Mr. Sancho,167.85,-10.373,215.97995,,,,,,,,,,,,
TRANRTT128F9347342,Pantera Fans In Love,Nerf Herder,171.833,-6.357,200.04526,,,,,,,,,,,,
TRANRWD128F4258B89,Let The Kingdom Come (Freedom Album Version),White Heart,86.096,-12.245,301.81832,,,,,,,,,,,,
TRANRWM128F42873F9,Liar in the Glass,Eyes Set to Kill,91.873,-3.492,238.05342,,,,,,,,,,,,
TRANRXY128F4222CB4,A Man Can Only Stand Just So Much Pain (Bonus Track),Tony Joe White,122.236,-16.834,152.842,,,,,,,,,,,,
TRANRYI128F424D3FB,Everybody's Blues,Furry Lewis,105.715,-14.438,175.5424,,,,,,,,,,,,
TRANRYP128F9326AF9,Platoon Goons,Snowgoons,97.454,-5.191,257.25342,,,,,,,,,,,,
TRANRYX128F1488B7F,Dolorosa (Live),Cali,160.126,-6.871,339.80036,,,,,,,,,,,,
TRANRZC128F92F3A15,Nigun,Kol Simcha,109.265,-20.327,164.64934,,,,,,,,,,,,
TRANSAG12903CEBAED,Lana Lee,The Refreshments,193.584,-5.204,175.96036,,,,,,,,,,,,
TRANSAK128F933071E,Versos Gaiteros,Gran Coquivacoa,181.671,-3.864,212.40118,,,,,,,,,,,,
TRANSDL128F93507B9,Sandpolskan,Ale Möller,86.313,-9.75,184.42404,,,,,,,,,,,,
TRANSGS128F9303A11,Down in the Lowlands,Charlie Peacock,194.659,-8.872,298.70975,,,,,,,,,,,,
TRANSKF128F147FCB4,Two Hearts,Phil Collins,155.843,-2.689,204.19873,,,,,,,,,,,,
TRANSLD12903CE137C,Bank,Jean Carignan,234.26,-10.102,189.72689,,,,,,,,,,,,
TRANSSH128F4231393,The Professor's Conference/Horse Feathers (Dialogue),The Marx Brothers,77.212,-17.315,159.16363,,,,,,,,,,,,
TRANSUK128F9337DF7,I've Got A Woman - Original,The Dells,120.522,-14.641,214.9873,,,,,,,,,,,,
TRANSUM128F92E8DF3,When A Man Is Wrong (Album Version),Seal,146.758,-9.303,258.63791,,,,,,,,,,,,
TRANSVK128F423842C,I Hope The Weather Stays Fine (Remix),The Dylans,106.035,-14.744,410.98404,,,,,,,,,,,,
TRANSYV128F428A00C,Mexican Joe,Jim Reeves,126.689,-9.609,157.6224,,,,,,,,,,,,
TRANTAD128F92FD042,Who Did You Think I Was,John Mayer,193.14,-6.578,263.36608,,,,,,,,,,,,
TRANTAI12903CBA0E5,Die berüehmte drü Wörtli,Oesch's die Dritten,85.347,-5.481,227.05587,,,,,,,,,,,,
TRANTAN128E078B326,The American Ruse (LP Version),The MC5,173.34,-2.969,149.96853,,,,,,,,,,,,
TRANTCK128F428AC39,Stood Up,Floyd Cramer,104.793,-19.115,125.85751,,,,,,,,,,,,
TRANTEO128F429B51B,Alone in Love,Craig Wedren,71.283,-14.98,155.27138,,,,,,,,,,,,
TRANTFR128F931C7DA,Books & Books,The Almost,84.99,-4.289,210.59873,,,,,,,,,,,,
TRANTFV128F428447A,Didgeralia,David Hudson,146.796,-10.15,242.99057,,,,,,,,,,,,
TRANTID128F9331448,Ji Yi De Hua Yuan,Leon Lai,127.909,-4.897,199.75791,,,,,,,,,,,,
TRANTJK128F92E5935,Fairground (+ Sample),Simply Red,122.811,-7.209,333.322,,,,,,,,,,,,
TRANTMY128F92D3536,Goin' Steady,Tommy Sands,126.462,-6.431,153.0771,,,,,,,,,,,,
TRANTOT128F428ACD8,Fertile Crescent (bonus track),Bad Religion,139.755,-3.376,138.52689,,,,,,,,,,,,
TRANTPG128F4276789,Such Grand Ideas,Nybbl,130.06,-7.375,232.202,,,,,,,,,,,,
TRANTRC128F9355329,Ride Ranger Ride,Roy Rogers,115.319,-18.519,158.01424,,,,,,,,,,,,
TRANUEV128F4282392,I Am The Club (Explicit Album Version),Plies,86.967,-6.947,223.65995,,,,,,,,,,,,
TRANUKR128F427643B,Rock & Roll Overdose [Live Version],Kix,89.995,-11.822,268.12036,,,,,,,,,,,,
TRANULO128F422E6FE,Death Of Neira,Nightfall,121.949,-5.028,272.69179,,,,,,,,,,,,
TRANUME128E0789D4C,Janice's Party,Fountains Of Wayne,134.289,-5.094,165.61587,,,,,,,,,,,,
TRANUNR12903CE6E2E,Occasional Rain,Terry Callier,125.964,-12.061,243.04281,,,,,,,,,,,,
TRANUPI12903CA6A4F,Whispering Grass,The Knightsbridge Strings,73.742,-12.827,188.44689,,,,,,,,,,,,
TRANUQO128F14991ED,Allegro io son,Juan Diego Flórez / Riccardo Frizza / Orchestra Sinfonica di Milano Giuseppe Verdi,164.595,-17.898,222.61506,,,,,,,,,,,,
TRANUSB128F9343695,TLFM (Toutes Les Femmes En Moi),Lara Fabian,104.994,-6.945,246.20363,,,,,,,,,,,,
TRANUSN128F4281594,Sensible,Sun Yan-Zi,99.981,-4.085,263.49669,,,,,,,,,,,,
TRANUTE128F148B17C,My Lord,David Banner / Sky / Marcus,147.327,-4.043,263.47057,,,,,,,,,,,,
TRANUUK128E0788284,Otra vez,Abracadabra,85.085,-10.209,194.5073,,,,,,,,,,,,
TRANUUU12903CD4347,Endless Ocean,Event Horizon,85.391,-9.341,440.76363,,,,,,,,,,,,
TRANUVH12903D1059F,Cerca & Extraño,Entre Ríos,215.999,-10.083,285.04771,,,,,,,,,,,,
TRANVCJ128F425FC37,Stranded In The Jungle,The New York Dolls,88.508,-9.325,245.68118,,,,,,,,,,,,
TRANVDC128F9312982,Dancing With Ghosts,Epitaph,113.141,-6.288,253.75302,,,,,,,,,,,,
TRANVEG12903CAFD2C,Every Other Way,BT feat. JES,168.474,-5.213,550.97424,,,,,,,,,,,,
TRANVGD12903CD9262,Here With Me,Arika Kane,127.757,-3.731,245.13261,,,,,,,,,,,,
TRANVHC128F421A90B,Air On A Six String,Oscar Castro-Neves,79.992,-18.32,197.38077,,,,,,,,,,,,
TRANVKJ128F92F1561,Somebody's Someone,Lonestar,141.171,-8.163,263.49669,,,,,,,,,,,,
TRANVMD128F933AC4A,Career Suicide (CD),The Cliks,142.948,-5.122,199.78404,,,,,,,,,,,,
TRANVML128F426ACB2,No One Hears You,Agnostic Front,199.527,-4.883,98.11546,,,,,,,,,,,,
TRANVTB128F92E2C34,Al Munda Dios Amo (LP Version),Jaci Velasquez,89.456,-9.585,306.65098,,,,,,,,,,,,
TRANVVC128F9334A74,Obama's Election (Best of 2009),Mario Rosenstock,211.688,-8.767,216.13669,,,,,,,,,,,,
TRANVZT128F42AE134,Lullaby,Dixie Chicks,109.74,-12.749,351.84281,,,,,,,,,,,,
TRANWBG128F934AC15,Generation Aliens,Lizzy Borden,145.882,-2.339,268.40771,,,,,,,,,,,,
TRANWBU128F42717D4,My Dear,Tha Liks featuring Defari,184.046,-5.033,233.92608,,,,,,,,,,,,
TRANWCP12903CF31D3,Milk Cow Blues,Cliff Bruner,161.246,-13.841,188.31628,,,,,,,,,,,,
TRANWEM128F92D75C4,Building,Funeral For A Friend,139.401,-15.609,160.23465,,,,,,,,,,,,
TRANWIK128F930CDE2,He Will Break Your Heart,Delbert McClinton,126.776,-9.69,251.29751,,,,,,,,,,,,
TRANWLX128F92F47EB,Parto em terras distantes (2.ª versão),Brigada Victor Jara,119.901,-9.674,223.76444,,,,,,,,,,,,
TRANWOF12903CB3E19,Realizer,The Crystal Method,130.006,-6.642,228.85832,,,,,,,,,,,,
TRANWVZ128F4216718,The Urge To Merge,Kate Clinton,132.345,-14.726,186.53995,,,,,,,,,,,,
TRANWZE128E078EE09,School,Nirvana,170.069,-5.864,160.33914,,,,,,,,,,,,
TRANXBK128F9335042,Once a Year,Beenie Man,120.956,-5.591,241.26649,,,,,,,,,,,,
TRANXBO128F428CB28,666lb. Bongsession,Bongzilla,89.997,-6.499,475.11465,,,,,,,,,,,,
TRANXGD12903CADC23,Top of the Hill_ Bottom of the Valley...Uhh!,Scissors for Sparrow,120.958,-14.056,225.27955,,,,,,,,,,,,
TRANXHZ128F148D4DB,Vogue [Live],Madonna,116.169,-5.407,330.94485,,,,,,,,,,,,
TRANXIR128F4255298,Our Sand,Vusi Mahlasela,190.019,-8.178,358.71302,,,,,,,,,,,,
TRANXKN128F1485A3F,What If,Alex,147.871,-7.41,250.69669,,,,,,,,,,,,
TRANXLY12903CE297D,Hesitate,MyKungFu,110.644,-7.83,209.57995,,,,,,,,,,,,
TRANXOR128F930CE22,Dysfunction,Liquid Soul,183.836,-9.154,285.28281,,,,,,,,,,,,
TRANXOS12903CFAC35,Real_ Real_ Real (BBC In Concert),Jesus Jones,114.995,-9.728,192.62649,,,,,,,,,,,,
TRANXPU128F428CE4A,Då är det jul,Sanna Nielsen,80.981,-13.308,200.30649,,,,,,,,,,,,
TRANXZM128F92D58DF,Sweet Contradiction,Aaron Watson,124.15,-9.249,257.35791,,,,,,,,,,,,
TRANXZV128F425B66C,Why can't we live together,Sin Plomo feat. Boris G.,72.022,-11.928,299.72853,,,,,,,,,,,,
TRANXZZ128F4230613,Sorrow's Call,Dave Eggar,97.243,-27.845,240.09098,,,,,,,,,,,,
TRANYAM12903CD9CFC,Night is the Notion,Dax Riggs,124.409,-6.172,158.51057,,,,,,,,,,,,
TRANYAR12903CFF59B,Aunque Tu Mami No Quiera,Grupo Sierra Maestra,138.561,-10.511,239.46404,,,,,,,,,,,,
TRANYLM128F1477EC9,Wicked Little Town (Album Version),Ben Jelen,101.954,-5.77,240.32608,,,,,,,,,,,,
TRANYLR128F4271924,How Beautiful (Cry For The Desert Album Version),Twila Paris,105.834,-12.126,290.19383,,,,,,,,,,,,
TRANYLR128F933D81F,Police Opression,Bruisers,114.648,-6.854,151.53587,,,,,,,,,,,,
TRANYNG128F92E9D4D,How Long Will It Take,Warner mack,153.898,-17.777,120.42404,,,,,,,,,,,,
TRANYOK128F424ECC5,God Lead Us Along (Homecoming Hymns Version),Bill & Gloria Gaither,50.066,-15.516,199.02649,,,,,,,,,,,,
TRANYQD128F4295A3E,Xing Dao Shou,Edmond Leung,106.879,-6.164,211.17342,,,,,,,,,,,,
TRANYSY128F1473B74,Ella Weez,Leroy Hutson,122.524,-12.987,181.55057,,,,,,,,,,,,
TRANYVC12903CF1535,The Process Revealed,Roj,115.307,-12.912,65.95873,,,,,,,,,,,,
TRANYYX128F4276EE3,Something About Mary,Wyclef Jean,189.99,-6.431,319.97342,,,,,,,,,,,,
TRANYZJ128F423B989,I Never Know,Singing Melody,146.545,-7.837,231.67955,,,,,,,,,,,,
TRANZBO12903CE2E9F,Escuta_ Noel,Maysa,82.72,-10.484,176.37832,,,,,,,,,,,,
TRANZCY128F4243C80,Turn It Around,Bob Neuwirth,123.836,-9.825,209.34485,,,,,,,,,,,,
TRANZDB12903CC55EF,Love Is Gonna Get You,Ben E. King,157.118,-7.258,200.54159,,,,,,,,,,,,
TRANZFP128E07995A9,That's What You Said  (LP Version),Phil Collins,129.729,-6.68,260.96281,,,,,,,,,,,,
TRANZGB128F42509F5,Mumbling or hearing loss?,Jeanne Robertson,80.311,-16.307,140.09424,,,,,,,,,,,,
TRANZHO128F4289A58,Saved,9th Wonder,171.968,-6.012,184.92036,,,,,,,,,,,,
TRANZIC128F931CE6D,Can't Stop (Mind electric Remix),Cabin Crew,85.348,-4.434,194.97751,,,,,,,,,,,,
TRANZIL128F42A2670,Light Of A Clear Blue Morning,Dolly Parton,137.865,-8.782,294.24281,,,,,,,,,,,,
TRANZJQ128F427C58A,Meat Parade,Lockwood,107.386,-7.323,256.46975,,,,,,,,,,,,
TRANZKG128F429068A,Watermelon Man,Albert King,152.2,-15.879,244.27057,,,,,,,,,,,,
TRANZLM128F92F741E,SOS,Rihanna,139.304,-3.925,244.50567,,,,,,,,,,,,
TRANZOR128F9307EFD,Somebody Loan Me A Dime,Fenton Robinson,114.255,-12.346,263.73179,,,,,,,,,,,,
TRANZPD128F425ED80,Flamenco Sketches (Intro),Jason Miles,61.589,-17.43,30.45832,,,,,,,,,,,,
TRANZPN128F934935A,Manhã de Carnaval,Luiz Bonfa,104.475,-24.341,147.87873,,,,,,,,,,,,
TRANZRO128F4278401,Even If I Tried,Emilio,117.532,-6.612,175.72526,,,,,,,,,,,,
TRANZSU128F92EB637,Se Acabo El Carbon,Orquesta Sublime,128.367,-7.488,178.33751,,,,,,,,,,,,
TRANZTY128F424D794,Caught In The Crossfire,April Wine,138.572,-12.551,214.43873,,,,,,,,,,,,
TRANZYG12903CFB180,High-Speed French Train,Alexandre Desplat,120.08,-20.551,86.22975,,,,,,,,,,,,
TRANZYU128F4229CDB,Summer Of Love,Novaspace,131.985,-5.861,356.23138,,,,,,,,,,,,
TRAOAAX128F93170DE,Headlock,Esser,121.988,-4.622,191.55546,,,,,,,,,,,,
TRAOAFJ12903CF9652,Where To Piss And Shit In Oslo,Black Debbath,132.642,-5.808,278.46485,,,,,,,,,,,,
TRAOAFS12903CF2B40,Shifty Disco Girl,Helen Love,95.575,-7.531,185.36444,,,,,,,,,,,,
TRAOAGN128EF34C4FF,Missing (Olivier Berger Mix),Nicola Fasano Feat. Paula B,125.997,-9.305,445.33506,,,,,,,,,,,,
TRAOAPT128F426041F,Borrare Tu Nombre,Mazz,107.233,-8.28,209.10975,,,,,,,,,,,,
TRAOASQ128F429822C,Kids Of Tragedy,Suzi Quatro,124.519,-11.38,207.882,,,,,,,,,,,,
TRAOATJ128F147FC9B,I Cannot Believe It's True,Phil Collins,121.044,-11.763,316.39465,,,,,,,,,,,,
TRAOAVW128F9318B5A,Kinky Afro [Remastered Version],Happy Mondays,117.933,-6.243,239.75138,,,,,,,,,,,,
TRAOAVZ128F9306038,Chains Of Love,Joe Turner,101.77,-16.274,198.50404,,,,,,,,,,,,
TRAOAXK128F4268FE6,When My Ship Comes In,Eddie Cantor,77.963,-14.618,196.88444,,,,,,,,,,,,
TRAOAYQ128F428A098,Come Next Monday,K.T. Oslin,163.969,-8.705,229.45914,,,,,,,,,,,,
TRAOAYQ12903CFE05C,Show Me,Justin,104.71,-4.703,203.2322,,,,,,,,,,,,
TRAOAZY128EF359216,Minuet in g minor,The American Boychoir,104.289,-36.353,122.51383,,,,,,,,,,,,
TRAOBBJ128F429D31D,Brillantin' Brutal',Falco,123.028,-13.844,228.12689,,,,,,,,,,,,
TRAOBBM128F4255271,Living Dead,The Plasmatics,124.439,-5.116,94.51057,,,,,,,,,,,,
TRAOBDP128F932919D,Gib mir den Tod (Live),Der Moderne Man,96.154,-8.696,238.8371,,,,,,,,,,,,
TRAOBDT128F42B62F8,Midnight Rider,Buddy Miles,94.57,-9.978,218.3571,,,,,,,,,,,,
TRAOBFA128F426887E,Chao Wo,Miriam Yeung,135.064,-3.397,277.15873,,,,,,,,,,,,
TRAOBJC128F4279CCB,Miserere: XI. Cor Mundum,Dan Shen_ Gruppo Vocale Cantemus_ Ensemble Airone_ Luigi Marzola,59.49,-20.105,84.1922,,,,,,,,,,,,
TRAOBKM128F92F894E,Lillie Anne,Chalk Farm,191.033,-7.795,294.08608,,,,,,,,,,,,
TRAOBNW128F92FCCC0,Two Wars,This Or The Apocalypse,163.935,-4.256,293.66812,,,,,,,,,,,,
TRAOBOQ12903CC1289,Frustration,Rocket From The Tombs,164.23,-7.359,138.44853,,,,,,,,,,,,
TRAOBQE128F42442CB,Slash,Long John Hunter,81.988,-10.688,117.83791,,,,,,,,,,,,
TRAOBQO12903CCEF53,Sigui,Djelimady Tounkara,125.693,-11.576,303.90812,,,,,,,,,,,,
TRAOBQP12903CC4A7B,It Must Be Love (Live Acoustic Version),Rickie Lee Jones,90.373,-15.502,287.16363,,,,,,,,,,,,
TRAOBTQ128F148877E,Out Of The Danger Zone (Degarmo And Key Album Version),DeGarmo & Key,127.89,-7.099,173.19138,,,,,,,,,,,,
TRAOBUI128E078E073,Autobahn (Live),Kraftwerk,166.015,-9.827,531.61751,,,,,,,,,,,,
TRAOBXC128F933E079,Whispering Grass - Original,Dee Clark,82.79,-20.418,178.49424,,,,,,,,,,,,
TRAOBZB128F92F89A8,What It Do,J.R. Writer_ Jha Jha,151.936,-9.146,145.10975,,,,,,,,,,,,
TRAOCAG12903CDBABE,Aqui Estoy,Mr. Grillo,191.956,-5.641,208.45669,,,,,,,,,,,,
TRAOCBU128F92D39F5,O Mein Papa,Eddie Calvert,107.302,-11.977,163.52608,,,,,,,,,,,,
TRAOCIR128F9304F92,Stop It,The Frequency,118.008,-9.334,195.21261,,,,,,,,,,,,
TRAOCKP128F429FBBE,Ain't Goin' To Beg You For That Stuff,The Hokum Boys,116.096,-20.349,209.73669,,,,,,,,,,,,
TRAOCOE128F4276D18,Life Is Wild,The Clash,150.871,-5.612,159.65995,,,,,,,,,,,,
TRAOCPF128F4297319,Ruff Ryder's Anthem (Guide Vocal),Karaoke (Made famous by DMX),91.001,-11.382,218.17424,,,,,,,,,,,,
TRAOCSE128F4282321,Pretty Girl (Amended Version),No Address,87.106,-8.1,286.4322,,,,,,,,,,,,
TRAOCSX128F92FDD48,Es klappert die Mühle,Frederik,160.114,-6.465,113.99791,,,,,,,,,,,,
TRAOCUF128F4238DC7,I Only Want To Love You,Nicky B,124.556,-12.041,184.34567,,,,,,,,,,,,
TRAOCVH128F930A8EF,Price Of The Fire,John Stewart,91.496,-14.28,290.53342,,,,,,,,,,,,
TRAOCXV128F42823FA,Pork Chop Sandwich,Hinge,86.061,-5.154,247.48363,,,,,,,,,,,,
TRAODAO12903CB24B8,One of Us,Bottom Of The Hudson,106.14,-7.474,193.35791,,,,,,,,,,,,
TRAODCQ12903CE4436,Half Way Up The Stairs,Delroy Wilson,147.791,-8.045,191.99955,,,,,,,,,,,,
TRAODEJ12903CC4C53,It's Bad For Me (Album Version),The Roches,34.335,-20.394,165.98159,,,,,,,,,,,,
TRAODGF128F92F3FF9,Break The Ice,Britney Spears,130.012,-5.432,530.12853,,,,,,,,,,,,
TRAODLP128F93072E7,Untitled,Rhian Sheehan,83.412,-18.406,38.922,,,,,,,,,,,,
TRAODMW12903CA8CFD,Estacao Primeira Da Mangueira_ Viva Do Samba,Samba Enredo,139.344,-10.415,202.05669,,,,,,,,,,,,
TRAODNM128F147CBFC,Sorry Feat. Rafaqat Ali Khan,Rishi Rich,71.14,-7.676,235.25832,,,,,,,,,,,,
TRAODQE128EF34F51B,I'm On The Run,JennyAnyKind,150.243,-10.854,326.79138,,,,,,,,,,,,
TRAODWK128F42916E2,Mefistofele/La luna immobile,Michèle Crider;Eleonora Jankovic;Vincenzo La Scola;Riccardo Muti,39.187,-36.577,225.30567,,,,,,,,,,,,
TRAOEAQ12903CC26BD,RECKLESS,This Is Hell,150.006,-5.261,119.7971,,,,,,,,,,,,
TRAOECP128F9302A6C,What's Your Damage?,Test Icicles,174.942,-2.756,216.45016,,,,,,,,,,,,
TRAOEEH12903CB5178,Stay With Me,Michal,149.897,-6.553,217.39057,,,,,,,,,,,,
TRAOEFE128F425C67A,Through Bucky's Eyes,Michael Gettel,103.3,-22.42,232.77669,,,,,,,,,,,,
TRAOEFX128F4241203,Sleepwalkers,Non Phixion,96.093,-5.724,222.56281,,,,,,,,,,,,
TRAOEGJ128F933D9B5,Tender Lies,Beres Hammond,170.114,-15.998,193.07057,,,,,,,,,,,,
TRAOEHI12903C9DC9C,Don't Stop,Flame,121.015,-8.402,190.37995,,,,,,,,,,,,
TRAOELM128F932A31B,Artie In The Sky,Artie Fishel & The Promised Band,100.08,-21.501,28.83873,,,,,,,,,,,,
TRAOEQO128E0785439,The Big Rock (LP Version),Maire Brennan,135.124,-9.584,184.34567,,,,,,,,,,,,
TRAOETQ128F92F9C27,Welcome,Les Bonapartes,181.801,-6.779,190.69342,,,,,,,,,,,,
TRAOEYW128E0792A0C,One Shine,The Roots,98.008,-10.345,340.40118,,,,,,,,,,,,
TRAOFCL128F4289318,Too Bad,Royal Bubble Orchestra,94.055,-6.215,184.81587,,,,,,,,,,,,
TRAOFJS12903CF3F3D,Comme hier,Georges Brassens,75.064,-13.624,100.8322,,,,,,,,,,,,
TRAOFJZ128F92F8F65,Tenhert,Tinariwen,93.325,-7.155,328.85506,,,,,,,,,,,,
TRAOFMZ128F9317D06,Cheer Up! Smile! Nertz!,Eddie Cantor,112.896,-9.792,116.34893,,,,,,,,,,,,
TRAOGAZ128F42B7FFC,When You Were Young,The Killers,130.065,-7.477,269.76608,,,,,,,,,,,,
TRAOGHG12903CA3B89,Moving Mountains,Usher,126.955,-5.692,309.83791,,,,,,,,,,,,
TRAOGLL128F931FAEB,Te Parto el Alma (inter. El Tariacuri),Varios,83.872,-8.357,128.62649,,,,,,,,,,,,
TRAOGMD128F9314BCD,Satin Doll,The Wes Montgomery Trio,137.11,-19.802,246.80444,,,,,,,,,,,,
TRAOGTM128F931FABE,Suckin' On Suzie,The Hollywood Brats,164.026,-9.102,367.49016,,,,,,,,,,,,
TRAOGVB128F92D5779,M. tagu va au marché,Klimperei,111.042,-6.302,103.47057,,,,,,,,,,,,
TRAOHAH128F425CD57,Saturday Night Special,Mars Ill,69.313,-5.333,287.55546,,,,,,,,,,,,
TRAOHBA128F92EFE63,I singe dir es Lied,Kisha,139.914,-12.146,206.21016,,,,,,,,,,,,
TRAOHGX12903CE5F83,Church_ I'm Fully Saved Today,Blind Willie Johnson,97.761,-15.89,187.14077,,,,,,,,,,,,
TRAOHHF128F426486F,We Got Da Dope,Three-6 Mafia,157.991,-9.33,159.81669,,,,,,,,,,,,
TRAOHJU128E0780CD2,A Rush Of Blood To The Head (Live In Sydney),Coldplay,138.038,-8.229,410.8273,,,,,,,,,,,,
TRAOHMN128F92EA786,Adventure No. 8,Jim Chappell,109.196,-18.254,208.87465,,,,,,,,,,,,
TRAOHNR128F428CD58,Synthesizer,OutKast featuring George Clinton,94.904,-6.791,311.30077,,,,,,,,,,,,
TRAOHOW12903CA7971,Feelin` Alone,2-Gether feat. Sarinah,127.977,-6.38,294.00771,,,,,,,,,,,,
TRAOHPG12903CE4155,Room 13,Black Flag,190.6,-4.606,79.51628,,,,,,,,,,,,
TRAOHPT12903CCF8DB,Shawty Get Loose,DJ Nasty,130.149,-3.631,191.89506,,,,,,,,,,,,
TRAOHPV12903CD02FF,Blue Moon,T-Bone,124.04,-7.836,248.45016,,,,,,,,,,,,
TRAOHQC128F427FCD2,Fantasia 6: Mudarra,Terry Muska,107.016,-16.548,91.61098,,,,,,,,,,,,
TRAOHWQ128F4217505,Speak Low,Mike Vax,78.109,-16.113,229.61587,,,,,,,,,,,,
TRAOHYY128F932B1C9,Silent Movies (Album Version),Grant Geissman,100.329,-13.752,349.23057,,,,,,,,,,,,
TRAOIAX12903CC6663,Riot In Cell Block N.9,Commander Cody And His Lost Planet Airman,49.565,-10.646,199.13098,,,,,,,,,,,,
TRAOIBO128F422873B,We've Got It All,John Davis,102.769,-11.534,121.91302,,,,,,,,,,,,
TRAOIDA128F930B9F9,Canon In D,Tom Barabas,100.148,-17.604,455.02649,,,,,,,,,,,,
TRAOIJZ128F424BD2C,Sittin' Here With Nothing,Big Mike Griffin,137.496,-5.815,233.53424,,,,,,,,,,,,
TRAOINL128F9315A1A,Jah The Only One,Rocker-T,147.882,-6.089,265.37751,,,,,,,,,,,,
TRAOINP128F92F0217,Lord of Shadows and Golden Wood,Beherit,130.955,-18.65,202.91873,,,,,,,,,,,,
TRAOIRH128F427C366,Dangerous Mood,Keb' Mo',106.802,-9.032,297.66485,,,,,,,,,,,,
TRAOIYM12903CDEF1E,The Hotness (ft. Shontelle),Rihanna,116.012,-8.464,190.4322,,,,,,,,,,,,
TRAOJCG128F4291689,Quando io leggio... Son gli ebbri... O mio castel... Nell'argilla...,Ramón Vargas,155.641,-21.908,642.92526,,,,,,,,,,,,
TRAOJED128F42361E6,Lontananza,Fruko Y Sus Tesos,106.449,-8.445,189.88363,,,,,,,,,,,,
TRAOJEW128F4294CBD,Is It A Myth?,K'Naan,100.567,-14.254,213.13261,,,,,,,,,,,,
TRAOJFT128F92CF5B5,Samba De Duas Notas,Luiz Bonfa,124.842,-14.05,192.78322,,,,,,,,,,,,
TRAOJGD12903CE9F70,Melangtäras intåg i Kallsta,Sven Scholander,113.01,-18.283,191.42485,,,,,,,,,,,,
TRAOJGP12903CBE5B3,Still Caah Nicer Dan Yard,Shaggy,114.318,-5.252,187.03628,,,,,,,,,,,,
TRAOJIB128F4285140,Rhapsody In Blue,Arthur Fiedler;Earl Wild;Pasquale Cardillo,127.579,-19.303,976.56118,,,,,,,,,,,,
TRAOJMY128E07836D9,Everybody Loves You,Helmet,112.77,-3.568,206.94159,,,,,,,,,,,,
TRAOJNB128F147C52F,Long Day (Album Version),Soul Asylum,70.778,-11.207,166.26893,,,,,,,,,,,,
TRAOJPT128F423F63E,Castle Of My Dreams,Tex Williams,40.875,-12.845,148.79302,,,,,,,,,,,,
TRAOJXQ128F1465473,The Long Goodbye,Miranda Lee Richards,116.123,-8.141,243.722,,,,,,,,,,,,
TRAOJYI128F42AD95E,Que Devient Ton Poing Quand Tu Tends Les Doigts,Miossec,103.005,-8.503,159.60771,,,,,,,,,,,,
TRAOJZC128F14932D5,Lost,The Cure,85.006,-11.199,232.48934,,,,,,,,,,,,
TRAOJZU128F93211FA,Halt mich,Herbstrock,99.995,-4.295,203.4673,,,,,,,,,,,,
TRAOKCO12903C9D391,Take Me To Paradise (Nicky Scanni's Garage Mix),Will To Will,129.818,-18.495,508.65587,,,,,,,,,,,,
TRAOKSC128F4264989,A Sound That Only You Can Hear,K's Choice,87.495,-6.575,252.83873,,,,,,,,,,,,
TRAOKTB128F930612A,I'm A Believer,Tyrone Taylor,91.995,-4.268,229.35465,,,,,,,,,,,,
TRAOKUH128F4226A6C,Thrill Me (Atfc's Jackhammer Re-Rub),Junior Jack,0,-11.985,482.55955,,,,,,,,,,,,
TRAOKVW128F429D82A,Sunday Morning (Sony Connect Set),K-OS,88.282,-6.956,214.17751,,,,,,,,,,,,
TRAOKVY128F426C3D6,The Other Boleyn Girl - Opening Titles,Paul Cantelon,130.183,-20.178,146.442,,,,,,,,,,,,
TRAOKXG128F4232497,Up On That Cloud,Blue Rodeo,189.068,-5.972,213.34159,,,,,,,,,,,,
TRAOKYH128F14852C0,Maiden Voyage (Rudy Van Gelder Edition) (2006 Digital Remaster),Bobby Hutcherson,86.446,-12.939,349.72689,,,,,,,,,,,,
TRAOKZF12903D0AF01,Gaita Gaitero,Rincon Morales,65.316,-10.325,197.0673,,,,,,,,,,,,
TRAOLGV12903CB4229,Liar of Nastrond,Goatwhore,99.805,-7.09,153.49506,,,,,,,,,,,,
TRAOLIX128E0793AFA,Man In A Suitcase,The Police,159.106,-11.636,137.45587,,,,,,,,,,,,
TRAOLOX128F422F02B,Baltimore Oriole (2004 Digital Remaster),George Harrison,71.756,-6.692,238.602,,,,,,,,,,,,
TRAOLUA128F422BB1D,Baby's First Christmas,Connie Francis,137.99,-9.378,147.17342,,,,,,,,,,,,
TRAOLVO128F42685EF,Freeword,D.O.W.N.,109.791,-7.063,350.11873,,,,,,,,,,,,
TRAOLZJ12903CB4FC7,Columbia,Oasis,100.382,-3.811,376.99873,,,,,,,,,,,,
TRAOMBK128F1495E45,Vaya (Live At The Beacon Theatre),Ray Barretto,82.815,-10.999,413.07383,,,,,,,,,,,,
TRAOMDT12903CF73C3,Laundry & Dishes,Adrienne Pierce,151.945,-8.425,269.63546,,,,,,,,,,,,
TRAOMIC128F92F2B0B,Los Conguitos,Mongo Santamaria,120.446,-23.581,130.01098,,,,,,,,,,,,
TRAOMKV128F428CD51,"Return Of The ""G",OutKast,156.688,-6.407,289.25342,,,,,,,,,,,,
TRAOMMU128F933878B,The Things That I Used To Do,Guitar Slim,96.731,-13.164,183.06567,,,,,,,,,,,,
TRAOMNR128F422C3FC,Fruko's  Boogaloo,Fruko Y Sus Tesos,219.796,-6.974,263.33995,,,,,,,,,,,,
TRAOMQN128F9328043,Life Of A Star,MIMS,127.779,-4.213,230.53016,,,,,,,,,,,,
TRAOMRN128F93378B3,Pauvre Jean,Jacques Douai,127.14,-18.852,60.89098,,,,,,,,,,,,
TRAOMVL128F14662F1,Estoy Contigo,Selena,104.795,-10.333,198.45179,,,,,,,,,,,,
TRAOMYU12903CF2C83,Face,Dave Rave_ Mark McCarron,92.005,-19.661,90.38322,,,,,,,,,,,,
TRAONBC128EF35ED3E,Big Sister,I.N.T.,93.105,-7.433,152.92036,,,,,,,,,,,,
TRAONBN128F145F0C0,Aphrodite (1999 Digital Remaster),The Edgar Broughton Band,100.799,-12.135,245.44608,,,,,,,,,,,,
TRAONEQ128F42A8AB7,Leaving Melbourne,TEN MADISON,133.326,-7.827,283.76771,,,,,,,,,,,,
TRAONHO128F92FBB86,Akh Larh Gayee,Malkit Singh,101.13,-14.03,370.85995,,,,,,,,,,,,
TRAONMS128F1481B05,Galope A Beira Mar,Quinteto Violado,125.224,-13.136,162.08934,,,,,,,,,,,,
TRAONNA128F4268CCA,Where Ya Heart At,Mobb Deep,93.976,-7.101,264.64608,,,,,,,,,,,,
TRAONNS128F9328B51,A ti,Alturas,136.874,-12.891,279.84934,,,,,,,,,,,,
TRAONPF128F42480A7,This Is My Life,Phil Vassar,94.007,-4.35,217.28608,,,,,,,,,,,,
TRAONYI128F9324BA3,Elle Voulait Jouer Cabaret,Patricia Kaas,130.272,-8.016,247.11791,,,,,,,,,,,,
TRAOOCO128F9313739,Samba de Paris,Kyle Eastwood,115.212,-12.712,441.7824,,,,,,,,,,,,
TRAOOGD128F92E4768,God Smack,Alice In Chains,124.144,-4.438,230.60853,,,,,,,,,,,,
TRAOOGL128F93303AA,Portland_ Oregon,The Cat's Miaow,146.909,-13.386,125.25669,,,,,,,,,,,,
TRAOOGO128F92CC441,Mother's Little Helper,Wild Horses,103.047,-7.458,174.18404,,,,,,,,,,,,
TRAOOHM128F1453E33,Lil' Boy Fresh,Juelz Santana,99.742,-4.148,233.92608,,,,,,,,,,,,
TRAOOIA128F428BF64,Sun Shower (Single Version),Busdriver,130.129,-7.331,223.68608,,,,,,,,,,,,
TRAOOJG12903CB752A,All Of You,Gerald Clayton,94.978,-16.849,329.37751,,,,,,,,,,,,
TRAOONS128F428BFC9,Ovanlär,Bröderna Djup,199.675,-9.619,114.1024,,,,,,,,,,,,
TRAOOOL128F42327D6,Dream On (LP Version),Blackfoot,123.415,-12.377,316.99546,,,,,,,,,,,,
TRAOOPP12903CAEADB,Juke Appeal,DJ Rashad,160.046,-8.656,306.59873,,,,,,,,,,,,
TRAOOQN12903CEB763,New Shoes,Dottie Rambo_ The Whites,103.014,-7.157,130.29832,,,,,,,,,,,,
TRAOOQT128F148B557,Sweet Harmony (LP Version),Maria Muldaur,146.936,-10.861,288.41751,,,,,,,,,,,,
TRAOORD12903CCD128,Stand Down,Stickboy,180.287,-6.047,67.52608,,,,,,,,,,,,
TRAOOSW12903CBF122,Don't Look Back,Grandpa Jones,129.391,-11.901,139.78077,,,,,,,,,,,,
TRAOOUX128F4285FBC,The River,Curtis,103.377,-8.05,256.62649,,,,,,,,,,,,
TRAOOWZ12903CA5672,Kinghead Shuffle (Little Freddie King),Little Freddie King,130.58,-10.491,229.04118,,,,,,,,,,,,
TRAOPAR128F92EFD17,Who Cares,Don Gibson,104.943,-13.524,142.94159,,,,,,,,,,,,
TRAOPAT128F92C970F,Tenemos Amigos,Dora The Explorer,106.298,-6.167,59.95057,,,,,,,,,,,,
TRAOPCP128F4223E58,Lover,Spade Cooley,172.612,-29.378,108.87791,,,,,,,,,,,,
TRAOPFB128F930A064,Que paso,D.A.R.,176.298,-6.657,250.122,,,,,,,,,,,,
TRAOPGC12903CF53F8,Forever Until Sunday,Bruford,78.136,-14.857,351.42485,,,,,,,,,,,,
TRAOPMN128F424ADAF,Agrymonyzer (Matsingena Mix),Joy Kitikonti,137.999,-7.856,384.57424,,,,,,,,,,,,
TRAOPNA128F4220D20,You Make Me Feel So Good,Simon Harris,0,-18.797,6.08608,,,,,,,,,,,,
TRAOPNO128F92CE9BC,Just A Glance Away,Sam Baker,95.882,-17.756,167.10485,,,,,,,,,,,,
TRAOPRI12903C9FC25,Rosalita (Come Out Tonight),Bruce Springsteen,167.559,-5.67,591.62077,,,,,,,,,,,,
TRAOPRY12903CDD3E0,Humanity,The Berzerker,86.5,-6.952,105.45587,,,,,,,,,,,,
TRAOPTT128F145837E,Spencer-Tracey,Danny Wilson,158.208,-14.655,92.42077,,,,,,,,,,,,
TRAOPVD128F425A989,Bliss,The Dreamtree Project,134.291,-16.183,798.1971,,,,,,,,,,,,
TRAOPXD128F9326B04,Planetary Takeover,Snowgoons,94.281,-4.615,239.64689,,,,,,,,,,,,
TRAOPYV128F425B2ED,Lust for life (recorded during the us tour in 1986),Iggy Pop,119.121,-12.66,294.3473,,,,,,,,,,,,
TRAOQAT128EF366258,Pichleh Janam Dee,XLNC,160.08,-12.373,386.55955,,,,,,,,,,,,
TRAOQBN128F4247C83,Watermelon Man,Johnny Kidd And The Pirates,88.521,-17.914,150.07302,,,,,,,,,,,,
TRAOQFQ128F92F476E,Controlando El Area,Daddy Yankee / Bounty Killer,220.311,-5.394,212.08771,,,,,,,,,,,,
TRAOQKE128F9345C20,Tarha Tinghi,Philippe Eidel,136.955,-10.685,301.11302,,,,,,,,,,,,
TRAOQRI128F424399C,Gwithian,Luke Vibert,101.905,-15.199,418.79465,,,,,,,,,,,,
TRAOQSA128F42AE616,Turn This Thing Around,El Presidente,111.043,-4.353,213.05424,,,,,,,,,,,,
TRAOQUG128F4251672,Boll Weevil,Blind Willie McTell,130.36,-15.872,116.34893,,,,,,,,,,,,
TRAOQVC128F930B50A,Largo,Angel Romero / The Academy of St. Martin in the Fields / Iona Brown,106.98,-29.128,141.322,,,,,,,,,,,,
TRAORBB12903CF8A0D,Succotash,Claw Hammer,149.167,-9.467,291.7873,,,,,,,,,,,,
TRAORCM12903CDEC46,Les Trois Orfèvres,Pierre Perret,177.809,-8.118,132.07465,,,,,,,,,,,,
TRAOREE128F934DB89,Don't Crush It,Kool Keith,90.902,-6.062,258.19383,,,,,,,,,,,,
TRAOREU128F930409D,Pictou County Coal,Undertakin' Daddies,120.056,-9.548,177.94567,,,,,,,,,,,,
TRAOREV128F42640FF,Fool For You,Rocky Hill,115.018,-6.479,257.82812,,,,,,,,,,,,
TRAORLG12903CB578A,Wasted Days And Wasted Nights,Roy Drusky,88.201,-13.823,163.36934,,,,,,,,,,,,
TRAORQS128F9313A6A,What I Like (Womens),C.C. Adcock,180.106,-10.56,297.63873,,,,,,,,,,,,
TRAORSC128F4235056,Time Will Tell,MxPx,134.492,-4.404,88.73751,,,,,,,,,,,,
TRAORYY128F14A39A7,Le Coeur Du Volcan,Julien Clerc,115.756,-6.755,174.15791,,,,,,,,,,,,
TRAORZL128F9347BE1,East Wind Drum Call,David & Steve Gordon,127.986,-18.5,610.95138,,,,,,,,,,,,
TRAOSDM128F93085C0,Intro,Styles P,93.412,-11.895,85.02812,,,,,,,,,,,,
TRAOSEA12903D0C3DB,We're Here To Stay,M.I.K.E.,136.021,-7.383,479.81669,,,,,,,,,,,,
TRAOSFC128F42618F6,Here Comes The Big Parade,Harry Connick_ Jr.,138.408,-6.131,251.76771,,,,,,,,,,,,
TRAOSJG12903D03B40,Tschung Mori,Megadrums,118.087,-18.922,104.64608,,,,,,,,,,,,
TRAOSLL128F930687E,I'm Gonna Let My Love Flow,Commissioned,124.066,-13.644,235.72853,,,,,,,,,,,,
TRAOSRH12903CAE2DB,Una noche serena y obscura,Antonio Bribiesca,108.635,-12.705,151.92771,,,,,,,,,,,,
TRAOSRJ12903CF859F,Friday Night,Sex Machine ft. Shèna,127.996,-4.956,418.87302,,,,,,,,,,,,
TRAOSTZ128F930FF61,Red Hot Pepper Pot,Gloria De Haven,179.688,-12.265,163.42159,,,,,,,,,,,,
TRAOSUD128EF3686A5,Rhymin' Spielin',fIREHOSE,108.489,-15.855,122.64444,,,,,,,,,,,,
TRAOTHS12903D07021,I Love You More Than You'll Ever Know,Mick Hucknall,107.398,-10.452,406.93506,,,,,,,,,,,,
TRAOTIN12903CBA431,Juke Joint,Farlow-Kirch Band,187.495,-9.851,220.13342,,,,,,,,,,,,
TRAOTMV128F934F29D,In The Hills,Jim Chappell,126.052,-14.893,227.36934,,,,,,,,,,,,
TRAOTSC128F9338E14,Watch Out for The Birdsongs,Goldfish,139.987,-5.529,159.45098,,,,,,,,,,,,
TRAOTTA128F4284288,25 Variations And Fugue On A Theme By G.F. Handel For Piano_ Op. 24: Variation XVII,Solomon,110.647,-27.239,37.48526,,,,,,,,,,,,
TRAOTVH12903CA2DE6,Map Your Psyche,Busdriver featuring Abstract Rude & Ellay Khule,114.895,-12.09,255.63383,,,,,,,,,,,,
TRAOTVL12903CABE54,You Are Holy,4Him,139.919,-9.908,296.98567,,,,,,,,,,,,
TRAOUAG12903CBD58D,Harmonia,Pitch Black,130.957,-6.597,377.36444,,,,,,,,,,,,
TRAOUCS128F4233DFE,Heaven (LP Version),Rude Boys,97.03,-14.544,289.95873,,,,,,,,,,,,
TRAOUEB128F423D59E,It Don't Mean A Thing (If It Ain't Got That Swing),Charlie Byrd,109.542,-14.048,229.32853,,,,,,,,,,,,
TRAOUGE128E078AB7A,Girle Girle,Dr Bombay,137.96,-5.884,192.02567,,,,,,,,,,,,
TRAOUOI128F4290E44,Rosa Rio,Jim Reeves,158.763,-11.727,175.01995,,,,,,,,,,,,
TRAOURR128F931A9EA,The 4th Dimension (LP Version),Devo,144.801,-10.499,264.33261,,,,,,,,,,,,
TRAOUTM128F4267580,Greatest X,Janet Jackson,114.024,-7.006,263.02649,,,,,,,,,,,,
TRAOVAV128F427A5E0,Soliloquy (2001 Digital Remaster),Gordon MacRae,133.017,-14.563,470.9873,,,,,,,,,,,,
TRAOVCM128F92F2923,Xi Yang Wu Xian Hao,Eason Chan,81.999,-13.294,241.44934,,,,,,,,,,,,
TRAOVDA12903CEA49B,We Wanna Change Our Band Name,Sex Machine,170.167,-2.972,148.47955,,,,,,,,,,,,
TRAOVDL128F931FB30,If I Can't Have You,Jackie Wilson,161.728,-10.283,101.77261,,,,,,,,,,,,
TRAOVDM128F42BAA66,Si Tu Me Dices Ven,Isabel Pantoja,73.811,-6.451,220.94322,,,,,,,,,,,,
TRAOVFR128F93275B4,Widescreen,Pinch,70.047,-10.411,288.39138,,,,,,,,,,,,
TRAOVLH128F145C388,Medley: Father_ I Adore You/More Precious Than Silver,Cadet,80.721,-5.105,267.07546,,,,,,,,,,,,
TRAOVNA128F14928A1,The Devil Made Me Do Dat (LP Version),Young-Holt Unlimited,166.796,-11.987,176.63955,,,,,,,,,,,,
TRAOVRK128F4289B3A,La Bamba,The Tokens,83.809,-10.319,154.06975,,,,,,,,,,,,
TRAOVUM128F9328FCD,Dyna,Kanda Bongo Man,131.444,-12.602,500.6624,,,,,,,,,,,,
TRAOVVK128F932E4EF,I Am,Devanic,87.044,-7.071,336.06485,,,,,,,,,,,,
TRAOWBP128F4257C64,Monsoon,Jack Johnson,142.449,-6.892,264.82893,,,,,,,,,,,,
TRAOWFX128F4261A00,Joe Avery's Piece,Harry Connick_ Jr,181.469,-10.7,192.07791,,,,,,,,,,,,
TRAOWHF128F4255384,Deep Inside,Converge,152.775,-7.49,407.03955,,,,,,,,,,,,
TRAOWIU128F423195C,Thorns of Charon (Pt. 2) - Emerge from Hades,Astarte,156.15,-4.012,419.97016,,,,,,,,,,,,
TRAOWKB128F9339C18,Shadrach (2009 Digital Remaster),Beastie Boys,100.649,-12.173,248.13669,,,,,,,,,,,,
TRAOWKZ128F14953A6,El Bipper,Los Traileros Del Norte,111.944,-6.005,201.03791,,,,,,,,,,,,
TRAOWRS128F42687AD,To Pirame,Imiskoubria,180.077,-8.85,211.64363,,,,,,,,,,,,
TRAOWTP128F930D700,I Saw Destruction,The Scare,110.161,-4.745,209.71057,,,,,,,,,,,,
TRAOWUI128F4261C5F,Sonata I.X.1905: I. Preduycha (Janácek),Massimiliano Damerini,99.809,-23.042,397.81832,,,,,,,,,,,,
TRAOWVD128F930C0D1,How Insensitive,Charlie Byrd,121.887,-22.937,361.56036,,,,,,,,,,,,
TRAOWWM128F1481D48,A Love That Keeps On Giving (Silent Witness Album Version),Jeff And Sheri Easter,101.943,-10.301,191.99955,,,,,,,,,,,,
TRAOWXA128F9344C30,Halintamyymälän aamutoimet,Juice Leskinen,107.769,-13.589,271.77751,,,,,,,,,,,,
TRAOWXO128E0783F68,Hear Me Now,Wet Wet Wet,95.465,-7.811,242.65098,,,,,,,,,,,,
TRAOWXP128F4244BD2,Großraumbrand,ZENFU,124.887,-6.054,226.82077,,,,,,,,,,,,
TRAOWYT128F930D2DB,Yesterdays,Vince Guaraldi Trio,92.4,-25.924,242.9122,,,,,,,,,,,,
TRAOXCO128F147830B,EZ Cuz You're Beautiful (Album Version),Shifty,163.884,-5.295,192.91383,,,,,,,,,,,,
TRAOXEU128F4299BE5,Woodcarver,Glen Campbell,152.082,-8.472,202.70975,,,,,,,,,,,,
TRAOXGY12903CD926C,Manila,Martin Denny,125.052,-17.306,144.71791,,,,,,,,,,,,
TRAOXJM128F4261E07,Techno Cumbia,Selena,90.971,-7.572,225.17506,,,,,,,,,,,,
TRAOXOP128F932D45C,Put Your Hand In The Hand,Rance Allen Group,163.381,-12.48,252.36853,,,,,,,,,,,,
TRAOXRL128F92F1A49,Decide,Chelsea,86.727,-9.869,301.71383,,,,,,,,,,,,
TRAOXSN128F4282FB5,Temblando,Alex Ubago,96.7,-8.205,201.09016,,,,,,,,,,,,
TRAOXWF128E0790985,Sitting In A Dim Café,Conway Twitty,89.71,-14.626,157.12608,,,,,,,,,,,,
TRAOXXM128F932FC70,Heartburn,Alicia Keys,105.775,-9.74,183.43138,,,,,,,,,,,,
TRAOXXQ12903CB5BB0,I Want You Back,The Plimsouls,123.452,-7.842,147.9571,,,,,,,,,,,,
TRAOXXW128F92E8C86,LDN (Warbox Original Cut Dub),Lily Allen,99.982,-7.794,234.1873,,,,,,,,,,,,
TRAOYCS12903CAFCCB,Better Believe It Remix (feat. Bun B_ Trae_ Yo Gotti & Foxx),Lil Boosie feat. Bun B_ Trae_ Yo Gotti & Foxx,125.827,-13.135,318.79791,,,,,,,,,,,,
TRAOYFS128F423E593,Interlude (Album Version),My Chemical Romance,132.474,-22.42,57.18159,,,,,,,,,,,,
TRAOYHS128F427EF8B,Desperate Man Blues,Daniel Johnston,92.938,-24.308,219.76771,,,,,,,,,,,,
TRAOYPB128F425AF1C,Open Up Your Mind (Guido Osorio Club Mix),Eyes Cream,129.994,-7.052,492.30322,,,,,,,,,,,,
TRAOYQV12903CF8089,Ready For The Floor (Radio Edit),Hot Chip,128.988,-5.087,202.10893,,,,,,,,,,,,
TRAOYSR12903CBC762,Held Der Tastatur,Melanie And The Secret Army,144.319,-2.122,255.58159,,,,,,,,,,,,
TRAOYZH12903CBE1FF,The Nightmare Begins,ZombieSuckers,42.58,-22.904,62.95465,,,,,,,,,,,,
TRAOYZM12903CFF7C8,Satanic Majesty,PitchBlack,208.865,-4.427,292.70159,,,,,,,,,,,,
TRAOZEJ128F428CCEA,Wailin',OutKast,95.381,-10.817,118.9873,,,,,,,,,,,,
TRAOZNT128F147089A,What You Want,LL Cool J / Freeway,50.51,-4.628,264.48934,,,,,,,,,,,,
TRAOZPF12903CF575D,On The Money,Joe McBride,93.986,-7.028,258.35057,,,,,,,,,,,,
TRAOZPS128F93369C3,Precís,Casual,156.007,-5.846,213.55057,,,,,,,,,,,,
TRAOZSG128EF3428D8,Terve menoo jätkänretale,Irwin Goodman,108.199,-5.901,200.9073,,,,,,,,,,,,
TRAOZSP128F4266331,Trouble (Studio),Buckwheat Zydeco,148.371,-5.588,233.50812,,,,,,,,,,,,
TRAOZSQ12903CE29D0,Ask You for a Dance,Freddie McGregor,114.013,-7.065,247.64036,,,,,,,,,,,,
TRAPAAV128F426677B,Soul makossa,Fania All Stars,92.097,-8.48,342.30812,,,,,,,,,,,,
TRAPADM128F92CD44E,Bad People,Casiotone For The Painfully Alone,100.919,-10.039,26.80118,,,,,,,,,,,,
TRAPAES128E0786E60,Roter Rolls Royce,Ideal,95.572,-11.761,191.73832,,,,,,,,,,,,
TRAPALM128F92CA44B,Baby Here I Am,Midnight Fish,96.679,-7.681,300.82567,,,,,,,,,,,,
TRAPALW128F9337460,When The Moon Comes Up Wild,Tijuana Hercules,119.38,-8.487,178.49424,,,,,,,,,,,,
TRAPAPN128F429B08F,Adagio (Albinoni),Mariano Yanani,89.933,-16.6,216.68526,,,,,,,,,,,,
TRAPARN128F426F815,The Lone Prairie,King Curtis,136.089,-9.682,127.03302,,,,,,,,,,,,
TRAPARR12903CE2125,Music Is The Healing Force Of The Universe,Albert Ayler,71.642,-9.8,632.34567,,,,,,,,,,,,
TRAPASL128F422BC00,In This Legacy,Monty Are I,189.917,-4.654,245.10649,,,,,,,,,,,,
TRAPAXK12903CEA22E,When We All Get To Heaven,The Jackson Southernaires,113.643,-9.217,272.53506,,,,,,,,,,,,
TRAPAZE128F4233355,Death Of A Nation,Anti-Flag,189.134,-3.116,115.53914,,,,,,,,,,,,
TRAPBCW12903D07A48,Titanium (2009 Digital Remaster),Kraftwerk,126.132,-10.184,201.09016,,,,,,,,,,,,
TRAPBHY128F148946F,Long Way 2 Go (Album Version),Cassie,52.711,-8.081,222.74567,,,,,,,,,,,,
TRAPBKP128F9302D16,King Bong,Bone Loc,141.041,-3.045,329.63873,,,,,,,,,,,,
TRAPBNC128F4250CD2,Riot In Cell Block #9,Commander Cody And His Lost Planet Airmen,170.916,-13.839,195.65669,,,,,,,,,,,,
TRAPBNR128F42869AA,Bullmoose (LP Version),Bobby Darin,181.368,-8.774,147.93098,,,,,,,,,,,,
TRAPBNU128F92FB4B7,Émergences: III. Fragments d'épaves,David Palmer,50.751,-24.647,486.94812,,,,,,,,,,,,
TRAPBPB12903D1553B,White Winter Hymnal,Catherine Howe & Vo Fletcher,139.913,-10.989,242.62485,,,,,,,,,,,,
TRAPBPL128F423F62D,Start Even,Tex Williams,110.385,-12.62,191.242,,,,,,,,,,,,
TRAPBPP128F92F07BF,Send Me The Pillow You Dream On,Hank Locklin,122.798,-10.067,143.35955,,,,,,,,,,,,
TRAPBSY128F4282B60,We Need Love,Johnny Osbourne,105.261,-11.902,216.65914,,,,,,,,,,,,
TRAPBUF128F4278988,"How To Say ""Rip Them Off""_ Repeat After Me",Melt Banana,124.986,-2.124,29.33506,,,,,,,,,,,,
TRAPCDF128F425C03E,I Hate Christmas,Asleep At The Wheel,78.087,-7.828,180.50567,,,,,,,,,,,,
TRAPCDS128F147E530,No Good Without You,The Birds,139.811,-9.936,162.66404,,,,,,,,,,,,
TRAPCGA12903C980CF,Fantasia In C Major BWV 570,Lionel Rogg,87.735,-32.033,171.72853,,,,,,,,,,,,
TRAPCHT128F4239830,The Deceived,Trivium,105.54,-3.134,360.75057,,,,,,,,,,,,
TRAPCIB128F14731ED,Notausgang (feat. TimXtreme),Massive Töne,197.992,-4.801,239.33342,,,,,,,,,,,,
TRAPCIQ128F4241A74,Rise & Shine,The Cardigans,161.994,-4.659,211.35628,,,,,,,,,,,,
TRAPCIS128F931F63D,Peroxide Blond,Hank Penny,112.313,-16.425,127.99955,,,,,,,,,,,,
TRAPCJC128F933A5AC,As Long As I Know,East To West,139.992,-12.813,253.59628,,,,,,,,,,,,
TRAPCLC128EF35AE0B,Cuando Seolvida El Amor,Paquito Guzman,176.113,-7.337,327.67955,,,,,,,,,,,,
TRAPCNK128F427D7B5,You Appearing,M83,96.047,-11.451,219.24526,,,,,,,,,,,,
TRAPCNM128F425B6D5,Machopolka,Polkaholix,144.001,-6.196,190.56281,,,,,,,,,,,,
TRAPCNV128F93368A8,Sitting In The Park (Medley),Glen Washington,155.036,-6.065,226.21995,,,,,,,,,,,,
TRAPCRL128F1458F41,Horns Of The Bull,Penguin Café Orchestra,191.61,-19.453,275.12118,,,,,,,,,,,,
TRAPCRV128F931425C,Ride To Atlantis,Marvin Hamlisch,92.87,-16.43,209.34485,,,,,,,,,,,,
TRAPCVT128F428A9D0,The Lie,Bad Religion,140.202,-3.677,138.84036,,,,,,,,,,,,
TRAPDCB128F42824A6,Take My Breath Away,Jessica Simpson,99.909,-6.224,196.12689,,,,,,,,,,,,
TRAPDHL128F145401B,Party In The Stomach (LP Version),Jim Breuer,83.61,-9.639,478.92853,,,,,,,,,,,,
TRAPDIH128F426DE71,Lluvia De Acido,Vilma Palma,97.497,-5.885,202.78812,,,,,,,,,,,,
TRAPDIO128F933C680,She's So Young,Pursuit Of Happiness,133.319,-10.81,216.39791,,,,,,,,,,,,
TRAPDNS128F425F97E,L'Homme De Paille,Jacques Dutronc,130.196,-10.592,142.91546,,,,,,,,,,,,
TRAPDOI128F9327982,Expire,Antimatter,86.155,-10.258,479.45098,,,,,,,,,,,,
TRAPDQG128F93018C0,End Of The Age,Becoming The Archetype,85.061,-4.757,389.95546,,,,,,,,,,,,
TRAPDUL12903CC4287,Talk To Me,Storyville,91.976,-10.088,343.58812,,,,,,,,,,,,
TRAPDXB128F42AF71A,Not Forgotten,ISRAEL & NEW BREED,96.782,-4.877,199.57506,,,,,,,,,,,,
TRAPDZK128F92F6527,Sliabh Geal gCua,Karan Casey,102.745,-20.067,189.88363,,,,,,,,,,,,
TRAPDZT128F42A8498,Time Flies,Jeckyll & Hyde,140.032,-5.521,220.55138,,,,,,,,,,,,
TRAPEBL128F149E768,Don't Let My Teardrops Bother You (Album Version),Dionne Warwick,130.637,-12.772,243.85261,,,,,,,,,,,,
TRAPEBQ128F14554C2,At The Movies (Live),Bad Brains,201.933,-8.869,170.44853,,,,,,,,,,,,
TRAPEHR128E0786D5A,Send Me An Angel,Zeromancer,130,-5.832,236.53832,,,,,,,,,,,,
TRAPEIN128E078892E,Rotten Apples,The Smashing Pumpkins,88.794,-16.358,184.39791,,,,,,,,,,,,
TRAPEPB128E07861CC,Muh- F***a,Redman,92.8,-3.58,199.81016,,,,,,,,,,,,
TRAPEPI128F4226DDD,Regarde Un Peu La France,Miossec,166.081,-12.892,162.32444,,,,,,,,,,,,
TRAPESV128F92FE5E9,Blue Blue Day,Don Gibson,108.974,-12.808,109.71383,,,,,,,,,,,,
TRAPEXA128F428B4F1,Yi Xing,Miriam Yeung,107.961,-7.088,257.4624,,,,,,,,,,,,
TRAPFAQ128F14A050F,Groovin',Jan Wayne,140.045,-5.418,230.76526,,,,,,,,,,,,
TRAPFBJ128F9308EE6,Witchcraft,Beherit,133.954,-3.798,192.13016,,,,,,,,,,,,
TRAPFCP128F92D772E,Again And Again,The Unborn Chikken Voices,85.039,-5.746,217.91302,,,,,,,,,,,,
TRAPFCP128F9307630,How Deep The Father's Love For Us,Kathy Troccoli,105.675,-15.993,195.02975,,,,,,,,,,,,
TRAPFDK128F426F284,Prophecy,Jimmy Riley,84.63,-5.317,205.50485,,,,,,,,,,,,
TRAPFFR12903CDB202,Masuwa,Les Bantous De La Capitale,144.142,-7.958,341.05424,,,,,,,,,,,,
TRAPFGD128F4274B46,Tombé Pour Elle (L'Île Aux Oiseaux),Pascal Obispo,89.79,-6.005,369.26649,,,,,,,,,,,,
TRAPFIP128F42AC31E,If I Was Your Woman,Alicia Keys,74.078,-12.518,244.45342,,,,,,,,,,,,
TRAPFJD12903CE20A7,The Sector of Foliage,Pumpkin Buzzard,104.19,-5.878,271.49016,,,,,,,,,,,,
TRAPFKF12903CC2A26,Frou-frou,Bézu,185.092,-8.783,177.26649,,,,,,,,,,,,
TRAPFLR128F92FAB4D,Eight More Miles To Louisville,Jim Kweskin,192.89,-10.111,178.57261,,,,,,,,,,,,
TRAPFPH128F42269F6,Jump In My Bed,Rooney,123.026,-2.3,199.28771,,,,,,,,,,,,
TRAPFRM128F933A19B,Pastas Y Vino,Los Auténticos Decadentes,117.683,-8.693,172.09424,,,,,,,,,,,,
TRAPFXX128E0785EBA,Clown,Mariah Carey,120.083,-10.187,196.93669,,,,,,,,,,,,
TRAPGAG128F42ADAF7,All I Can Do,Kane,89.975,-10.262,220.76036,,,,,,,,,,,,
TRAPGCJ128F428CCD9,Privilege of Evil (From the Privilege of Evil EP),Amorphis,102.164,-4.979,228.85832,,,,,,,,,,,,
TRAPGFN12903CB5BAC,Women,The Plimsouls,162.907,-7.167,192.13016,,,,,,,,,,,,
TRAPGGP128F92E83B3,Jah Jah Children,Sugar Minott,167.947,-9.11,185.99138,,,,,,,,,,,,
TRAPGKY128F42972A9,Mailbox Arson,Alexisonfire,89.89,-4.829,212.11383,,,,,,,,,,,,
TRAPGNA128F421A89E,Lost Again,Bob Margolin,108.496,-8.091,204.09424,,,,,,,,,,,,
TRAPGOC128F932F01A,Your Recipe,Aswad,146.313,-7.097,242.07628,,,,,,,,,,,,
TRAPGOZ128F933A945,One Person At A Time,Jonny Lang,111.266,-6.825,182.80444,,,,,,,,,,,,
TRAPGPM128F427D218,Break That Ice,Extrabreit,145.093,-8.807,283.14077,,,,,,,,,,,,
TRAPGPZ128E0784AB8,Take My Hand,Ben Harper And The Blind Boys Of Alabama,164.637,-9.768,234.65751,,,,,,,,,,,,
TRAPGQS128F42358FC,Siks oon mä suruinen,Erkki Junkkarinen,121.649,-12.742,195.65669,,,,,,,,,,,,
TRAPGRA128F426A1C6,Vous Qui Passez Sans Me Voir,Line Renaud,80.053,-14.729,179.93098,,,,,,,,,,,,
TRAPGWJ12903CCEA58,Te Deum Laudamus_ BuxWV 218 : II Te Martyrum Candidatus (Remasterisé En 2010),Lionel Rogg,95.426,-19.452,70.03383,,,,,,,,,,,,
TRAPGXH128F426D205,Highest State of Consciousness,Sabda Brahma,157.972,-5.75,254.64118,,,,,,,,,,,,
TRAPGYN128F92C40CC,Don't Take Your Spirit Away,Deitrick Haddon,131.065,-6.814,234.47465,,,,,,,,,,,,
TRAPHAH128F42677A4,We Gotta Talk,Jennifer Lopez,132.731,-3.756,247.77098,,,,,,,,,,,,
TRAPHAW128F1479508,Todo Tiene Su Fin,Dyango,99.946,-7.183,197.642,,,,,,,,,,,,
TRAPHDI128F92F5EA1,Proibida Pra Mim (Grazon),Zeca Baleiro,66.49,-11.41,195.00363,,,,,,,,,,,,
TRAPHDJ128F147CA17,Amigo (Con el Coro de Infantes de la Basilica de Guadalupe),Yahir,95.993,-6.504,253.28281,,,,,,,,,,,,
TRAPHFD12903CFCEA0,Chime,Shapeshifters,131.996,-7.19,467.43465,,,,,,,,,,,,
TRAPHIB12903CEB284,Bag á l'ame,Cristina Pato - Mutenrohi,128.785,-5.99,331.88526,,,,,,,,,,,,
TRAPHPB12903CFE973,Livin in the Jungle,Mikey Dread,159.659,-12.449,152.00608,,,,,,,,,,,,
TRAPHPH12903CC250E,Givin' It Back,Capital Tax,105.995,-11.649,262.79138,,,,,,,,,,,,
TRAPHQB128F424AB35,Chiaroscuro,Francis Dhomont,154.045,-18.464,540.49914,,,,,,,,,,,,
TRAPHQB128F92FA32A,Bodhrán Solo,Mick Moloney,195.44,-23.419,32.91383,,,,,,,,,,,,
TRAPHQN12903CF7BC1,Cracking Under Pressure 83,Joe Grushecky,124.858,-8.026,257.95873,,,,,,,,,,,,
TRAPHTR128F92F8634,Split Part One,Groundhogs,153.656,-11.942,601.3122,,,,,,,,,,,,
TRAPHZT128F147A02B,Affliction,AFI,113.471,-5.711,328.72444,,,,,,,,,,,,
TRAPHZY128F149579B,Jenny Says,Cowboy Mouth,153.968,-5.801,197.90322,,,,,,,,,,,,
TRAPIGH128F1469B29,Bakwetu,Papa Wemba,92.379,-10.614,293.53751,,,,,,,,,,,,
TRAPIIR128F42555AE,Sunshine (Album Version),The Jeremy Spencer Band,135.013,-10.398,327.05261,,,,,,,,,,,,
TRAPIIR128F42AEE95,Miss Elaine,RUN-DMC,124.993,-4.92,185.23383,,,,,,,,,,,,
TRAPIJO128EF3681CA,A Song For You (Live),Simply Red,105.468,-11.883,253.43955,,,,,,,,,,,,
TRAPIKQ128E07951D4,What You Want [feat. Total] (Album Version),Mase,93.871,-6.63,242.93832,,,,,,,,,,,,
TRAPIOP128F4287338,You Don't Get Much,BoDeans,120.277,-10.631,284.76036,,,,,,,,,,,,
TRAPIPG128F42521C6,Decimas,Carlos Vives,88.772,-6.04,213.41995,,,,,,,,,,,,
TRAPISC128F14671D3,Mostly Tha Voice (Explicit),Gang Starr,91.399,-10.112,218.38322,,,,,,,,,,,,
TRAPITQ12903CEFD48,Leave You In The Hands,The Jackson Southernaires,65.675,-9.905,212.40118,,,,,,,,,,,,
TRAPITR12903CFA4E5,Frigide,Caniche Hara-Kiri,131.946,-9.729,178.15465,,,,,,,,,,,,
TRAPIWW128F42514F5,Beams Of Heaven,Clarence Fountain,122.18,-19.137,312.08444,,,,,,,,,,,,
TRAPJBL12903CE2AA7,On and on,Franco,149.985,-8.731,217.86077,,,,,,,,,,,,
TRAPJFL128F42AA7B4,Still,Foo Fighters,110.742,-12.584,313.10322,,,,,,,,,,,,
TRAPJJA12903CB022B,informa,Elephant Man,122.189,-6.449,232.95955,,,,,,,,,,,,
TRAPJJR128F92E132D,Everyday I Have The Blues,Lightnin' Hopkins,94.807,-17.332,70.53016,,,,,,,,,,,,
TRAPJLL128F92EC0E1,Für mich soll's rote Rosen regnen,Extrabreit,138.517,-5.004,248.86812,,,,,,,,,,,,
TRAPJPD128F14572B3,American Dream,Vixen,124.67,-14.109,259.60444,,,,,,,,,,,,
TRAPJTU128F147A054,S.O.S.,A-Studio,127.307,-9.657,421.27628,,,,,,,,,,,,
TRAPJYG128F9320780,A Boy Who Can't Talk Part 2,Planet P Project,117.815,-19.121,74.762,,,,,,,,,,,,
TRAPKBI128F92F9D33,Christmas All Over Again,Tom Petty And The Heartbreakers,138.916,-7.72,254.98077,,,,,,,,,,,,
TRAPKDK128EF33EEC0,Planet E.,Thirst,86.459,-5.801,237.5571,,,,,,,,,,,,
TRAPKIJ128F42ACBC5,I Want More - Part 1,Faithless,90.718,-7.133,197.79873,,,,,,,,,,,,
TRAPKJB12903CE3A70,I Am Here,F.I.R.,85.96,-6.388,232.48934,,,,,,,,,,,,
TRAPKJT128F9311D9E,I'm Your Witchdoctor,John Mayall & The Bluesbreakers,117.73,-6.316,129.48853,,,,,,,,,,,,
TRAPKNH128F1467FBD,Out Demons Out (Live) (2004 Digital Remaster),The Edgar Broughton Band,131.184,-9.607,594.85995,,,,,,,,,,,,
TRAPKSE128F42AB9FB,Better To Have Lost In Love (Than Never To Have Loved),Eurythmics,140.549,-12.602,305.10975,,,,,,,,,,,,
TRAPLBK128F930FDB4,Motownphilly,Boyz II Men,112.258,-7.943,245.75955,,,,,,,,,,,,
TRAPLET128F145B049,Tomorrow,Jay & The Americans,86.442,-16.685,173.58322,,,,,,,,,,,,
TRAPLGS128F14AFD78,Tokyo,1. Futurologischer Congress,164.35,-13.587,135.41832,,,,,,,,,,,,
TRAPLGZ128E0795B5C,Un Pensamiento,Seguridad Social,174.037,-8.978,278.38649,,,,,,,,,,,,
TRAPLHS128F427FDD0,Abused And Unloved,Malefaction,120.112,-3.642,51.12118,,,,,,,,,,,,
TRAPLIF128E078A3DE,One Scotch_ One Bourbon_ One Beer,Champion Jack Dupree,178.929,-8.61,254.24934,,,,,,,,,,,,
TRAPLJW128F4249C40,Choc'late Ice Cream Cone,Red Foley,98.173,-10.64,122.51383,,,,,,,,,,,,
TRAPLMD128F932FF43,Metal Militia,Metallica,88.73,-9.507,311.19628,,,,,,,,,,,,
TRAPLMY128F935E4E8,On My Mind (feat. Ben Onono) (The Drill-Re-Work Dub),Rui Da Silva,127.993,-8.649,437.28934,,,,,,,,,,,,
TRAPLPR128F9309D8D,Awake II,Space Opera,107.969,-6.157,68.41424,,,,,,,,,,,,
TRAPLSD128E0781A94,Eugene's Lament,Beastie Boys,142.409,-14.421,132.51873,,,,,,,,,,,,
TRAPLYA128F14B065A,Lost In The Future (False Start -#1),The Stooges,26.663,-10.77,27.0624,,,,,,,,,,,,
TRAPMAE128F93135D3,Mihodina ny tany,Rajery,153.922,-10.836,294.24281,,,,,,,,,,,,
TRAPMCS128F92E88C5,The Woman I Need (Honky Tonk Mind),Johnny Horton,179.49,-11.806,132.23138,,,,,,,,,,,,
TRAPMEK128F92E9DEF,Goodtime Charlie's Got The Blues,Johnny Carver,163.081,-20.088,169.27302,,,,,,,,,,,,
TRAPMFR128F9316841,Key To The Highway,Freddie King,159.869,-13.607,332.45995,,,,,,,,,,,,
TRAPMHX128EF366392,Balle Balle,Sukhbir,180.025,-10.136,339.87873,,,,,,,,,,,,
TRAPMHX12903CB682B,Passage To Melilla,Pyrolator,90.248,-8.045,180.24444,,,,,,,,,,,,
TRAPMIV128F422F1D3,Blood Children (an Introduction) (Album Version),Atreyu,90.625,-20.639,74.34404,,,,,,,,,,,,
TRAPMMM128F932E204,Plejersko ponasanje,Beogradski Sindikat,190.042,-3.234,298.68363,,,,,,,,,,,,
TRAPMQO128F92FCD49,Never Be (Bonus Track),Bomb Squad,175.708,-8.169,115.69587,,,,,,,,,,,,
TRAPMRB128E078E21E,Natural High (Interlude),Ms. Dynamite,112.991,-15.339,56.13669,,,,,,,,,,,,
TRAPMRV128F92F5F4C,Hole In My Head,Dixie Chicks,153.447,-7.279,201.16853,,,,,,,,,,,,
TRAPMTM128F425B4E5,Georgia,Cartel,151.956,-4.619,234.1873,,,,,,,,,,,,
TRAPMTY128F1459DA1,What It Ain't,Josh Turner,87.029,-5.628,207.93424,,,,,,,,,,,,
TRAPMYO128F14903F5,Fire Alarm,Anneli Drecker,120.196,-6.808,262.50404,,,,,,,,,,,,
TRAPMZJ128F42AFC5C,Someday Baby,Otis Spann,114.241,-9.154,318.22322,,,,,,,,,,,,
TRAPNDJ128F427AB8A,Get It While You Can,Janis Joplin,74.961,-10.514,205.53098,,,,,,,,,,,,
TRAPNHG128F149CB35,Spiritual Passion (aka Dubious),Dexys Midnight Runners,119.448,-8.211,202.39628,,,,,,,,,,,,
TRAPNII12903CEA4F8,Simple Man,Bad Company,130.049,-9.045,296.12363,,,,,,,,,,,,
TRAPNJP128F1463E4B,Other Side Of Antarctica,Vangelis,162.441,-18.335,416.7571,,,,,,,,,,,,
TRAPNMR128F4296B0F,You Devil You,themselves,80.051,-11.163,245.31546,,,,,,,,,,,,
TRAPNMZ128F92EF15D,It Aint No Good To be Good ,Barbara Lynn,120.16,-16.796,156.42077,,,,,,,,,,,,
TRAPNOO128F423660C,Shrine (Reissue) (Album Version),King Diamond,140.582,-4.153,263.57506,,,,,,,,,,,,
TRAPNQA128F1498B56,Message To A Friend,Pat Metheny / Charlie Haden,200.199,-23.149,373.41995,,,,,,,,,,,,
TRAPNQK128F934B0E7,Too Much Stuff,Dave Brockie Experience,187.232,-3.931,100.10077,,,,,,,,,,,,
TRAPNQZ128F145B04E,Let's Lock The Door (And Throw Away The Key),Jay & The Americans,131.01,-10.623,149.89016,,,,,,,,,,,,
TRAPNSM128F9343E74,Floating (Edit),Beat Pharmacy,124.075,-14.698,569.46893,,,,,,,,,,,,
TRAPNWE128F1473AAA,You're My Girl (LP Version),Rhinoceros,103.387,-8.826,280.24118,,,,,,,,,,,,
TRAPNYN128F4277985,A Devil's Ransom (Album Version),Bury Your Dead,134.054,-5.016,151.71873,,,,,,,,,,,,
TRAPNZR128EF3583E8,Breathe Easy,Williamson,110.032,-10.132,203.17995,,,,,,,,,,,,
TRAPOAD128E0788A38,World On Wheels,Dilated Peoples,88.176,-8.695,236.59057,,,,,,,,,,,,
TRAPODE12903D0146E,Erinnerung an die Meseta,Steinwolke,83.697,-14.35,409.88689,,,,,,,,,,,,
TRAPOEA12903CDBB5F,Stay Down Here Where You Belong,Tiny Tim,105.85,-12.256,177.00526,,,,,,,,,,,,
TRAPOEB12903CA4E41,Hoop of Flame (III. Between Two Worlds),Mind Furniture,84.57,-8.98,221.04771,,,,,,,,,,,,
TRAPOHB128F933B2D8,Turn Me Around,Drouz,85.187,-12.235,286.98077,,,,,,,,,,,,
TRAPOHX128F93135B0,Mahafinaritra,Rajery,132.666,-8.236,219.48036,,,,,,,,,,,,
TRAPOMC128F4254545,Dawg Call (Acappella),12 Gauge,85.078,-12.673,185.28608,,,,,,,,,,,,
TRAPOVI12903D0F7FD,Try to live,Die Bandbreite,90.889,-5.515,289.38404,,,,,,,,,,,,
TRAPOYK128F426BE3B,Full House,Alan Silvestri,84.615,-18.114,81.50159,,,,,,,,,,,,
TRAPOYU128F42644C3,Tic,Helmet,144.447,-10.291,220.31628,,,,,,,,,,,,
TRAPPEH128F4294772,Zap Zap,Dynamite Deluxe,93.298,-10.182,86.67383,,,,,,,,,,,,
TRAPPPE128EF353210,Morning Has Broken,Bill Murk,104.981,-12.748,170.26567,,,,,,,,,,,,
TRAPPUJ128F931B3D1,Rendezvous - Ich hab' Dich seit langem nicht gesehen,Jawoll,151.211,-8.025,235.31057,,,,,,,,,,,,
TRAPPUL128F9312995,The Beautiful Shepherdess of Arcadia,The Baltimore Consort,130.572,-21.925,614.00771,,,,,,,,,,,,
TRAPPUN128F429400B,Overdrive,Foo Fighters,157.739,-2.512,270.47138,,,,,,,,,,,,
TRAPPVC128F930AD58,Visitando Zabelê,Sivuca & Clã Brasil,134.99,-8.32,234.16118,,,,,,,,,,,,
TRAPPYG128F930BAB9,She Made My Blood Run Cold,Rod Piazza & The Mighty Flyers,117.267,-8.244,257.2273,,,,,,,,,,,,
TRAPQBU128F934C32D,Here I Am King,Primordial,87.643,-5.225,264.88118,,,,,,,,,,,,
TRAPQDB128F930BD28,Chemistry,Michael Stanley Band,158.057,-8.729,173.42649,,,,,,,,,,,,
TRAPQEB12903D05C36,Jig: A Chailleach_ do Mharais Mé,Willie Clancy,78.188,-11.106,102.37342,,,,,,,,,,,,
TRAPQGA12903CB5184,Join The Parade (Album Version),Planet P Project,99.995,-5.902,271.82975,,,,,,,,,,,,
TRAPQID128F9338619,Albi Eshiha,Ragheb Alama,101.814,-6.415,340.53179,,,,,,,,,,,,
TRAPQLQ128F92DA284,Si Tu Regresas,Jay Pérez,94.815,-12.209,196.12689,,,,,,,,,,,,
TRAPQMG128F930DEC3,Slow Poke,Pee Wee King,133.792,-13.995,182.282,,,,,,,,,,,,
TRAPQNA128F93000EB,A Poor Man's Roses,Patsy Cline,91.01,-5.176,168.95955,,,,,,,,,,,,
TRAPQQE128F92F193F,I Still Want Your Love (Extended Mix),Solitaire,126.294,-6.08,492.45995,,,,,,,,,,,,
TRAPQQI128F1460D64,Hell On High Heels,Mötley Crüe,132.131,-8.209,260.04853,,,,,,,,,,,,
TRAPQQJ128EF3559DE,You Got Soul Loop (104bpm),Simon Harris,104.259,-16.595,180.92363,,,,,,,,,,,,
TRAPQQP128F42142F6,America The Beautiful,US Coast Guard Band,67.126,-18.636,200.41098,,,,,,,,,,,,
TRAPQRG128F930DF4B,My Buddy,Alvino Rey And His Orchestra,101.307,-18.272,193.74975,,,,,,,,,,,,
TRAPQSK128F933068A,Sunny Day,CoCo Lee,131.622,-5.094,860.39465,,,,,,,,,,,,
TRAPQSO12903CD4CBF,Karma Violins,Pale Forest,77.926,-7.909,183.61424,,,,,,,,,,,,
TRAPQSY12903CF53D1,Lluvias De Cristal,Nestor Torres,85.009,-8.238,277.7073,,,,,,,,,,,,
TRAPQWM128EF342970,Raha ratkaisee,Irwin Goodman,111.562,-10.854,119.06567,,,,,,,,,,,,
TRAPQYF128F14B1051,Standing In The Shower... Thinking ( LP Version ),Jane's Addiction,223.387,-8.794,185.15546,,,,,,,,,,,,
TRAPQYJ12903CD1E1A,Song,Mystic Revelation of Rastafari,84.895,-27.815,118.282,,,,,,,,,,,,
TRAPQYR128F42AD043,13 De Mayo,Isabel Pantoja,70.214,-6.851,329.32526,,,,,,,,,,,,
TRAPQZO12903CFA319,Dead Wrong,Cancer Bats,168.901,-4.214,160.26077,,,,,,,,,,,,
TRAPRDY128F930DBA5,All I Want,Captain Hollywood Project,109.85,-8.255,372.27057,,,,,,,,,,,,
TRAPREX128F145DAD0,I Never Picked Cotton,Roy Rogers,193.626,-10.938,138.762,,,,,,,,,,,,
TRAPRGZ12903CB7132,I See God,Johnny Nash,86.128,-16.404,187.0624,,,,,,,,,,,,
TRAPRKM128F426BF58,Strange meeting,Ismael Dueñas,96.779,-17.241,533.34159,,,,,,,,,,,,
TRAPRLP128F429302A,Je N'ai Plus Rien A Te Donner,Marc Lavoine,116.646,-10.824,203.15383,,,,,,,,,,,,
TRAPRQZ128F427E188,Comfortable,John Mayer,167.489,-13.651,301.13914,,,,,,,,,,,,
TRAPRRP12903CD97E9,Hound Dog,Big Mama Thornton with Kansas Bill and his Orchestra,148.907,-7.96,169.84771,,,,,,,,,,,,
TRAPRTL12903CE06D3,Worried Mind,Roy Drusky,140.26,-14.912,130.53342,,,,,,,,,,,,
TRAPRWQ128F92E9CCD,Love Me,Jeanne Pruett,113.384,-18.612,193.01832,,,,,,,,,,,,
TRAPSAQ128F426953A,Stuck In A Moment You can't Get Out Of,Mariano Yanani,160.026,-14.334,212.06159,,,,,,,,,,,,
TRAPSBI128F149D9EC,Up Among The Heather,The Irish Rovers,189.817,-12.948,132.25751,,,,,,,,,,,,
TRAPSBW128F4275CB4,Have fi pray,Wilks featuring jah mason,70.708,-7.376,249.75628,,,,,,,,,,,,
TRAPSEQ128F932E8F2,Vera Begs Dylan,Angelo Badalamenti,36.279,-17.363,209.89342,,,,,,,,,,,,
TRAPSHW128F14560A6,Losers,J.J. Cale,136.273,-15.6,160.62649,,,,,,,,,,,,
TRAPSIJ128F1498B7E,Games People Play,Bert Kaempfert And His Orchestra,84.881,-11.999,175.38567,,,,,,,,,,,,
TRAPSJN128F422AF18,The True Beast,All Shall Persih,99.963,-2.685,215.61424,,,,,,,,,,,,
TRAPSLP12903CC80EC,Warung Beach,John Digweed,125.015,-7.569,460.79955,,,,,,,,,,,,
TRAPSLR128F4258D62,Answer The Call (Powerhouse Album Version),White Heart,96.911,-10.88,285.43955,,,,,,,,,,,,
TRAPSMC128F42BC76A,Wonderful One,Vanessa Bell Armstrong,47.761,-9.224,273.24036,,,,,,,,,,,,
TRAPSMF12903CD05E7,Fly Away From Here (Graduation Day) (Album Version),Dropline,161.988,-4.372,239.20281,,,,,,,,,,,,
TRAPSUH12903CB1059,A Bundle Of Dreams,Tommy Sands,95.836,-18.859,142.49751,,,,,,,,,,,,
TRAPSZU128E0785BD2,Don't Ever (Album Version),Missy Higgins,125.741,-10.709,171.38893,,,,,,,,,,,,
TRAPTCZ12903CD4408,Amoria,Hi-Fi Companions,130.005,-7.818,464.5873,,,,,,,,,,,,
TRAPTDE12903CD42B4,Aattelepa ite,Jope Ruonansuu,180.068,-8.058,188.96934,,,,,,,,,,,,
TRAPTGG128F9326020,34 Blues,Charlie Patton,100.795,-30.53,173.322,,,,,,,,,,,,
TRAPTGW128F4277AA6,De la mano de un chulo,Mr. Kilombo,106.028,-5.023,217.7824,,,,,,,,,,,,
TRAPTHJ128F92C70D6,Laziest Gal In Town,Marlene Dietrich,99.36,-15.2,158.45832,,,,,,,,,,,,
TRAPTMB12903CDA80E,Tu Me Desesperas,Adalberto Santiago,205.885,-3.533,299.93751,,,,,,,,,,,,
TRAPTMR12903CA43F0,Lombrigas e os vermes,Eddie,175.01,-5.037,170.08281,,,,,,,,,,,,
TRAPTNN128F933B0AA,Manuel Santillán_ El León (Versión Reggae),Los Fabulosos Cadillacs,214.941,-4.879,239.67302,,,,,,,,,,,,
TRAPTOE128F4272000,Don't Matter,Akon,125.328,-6.124,249.39057,,,,,,,,,,,,
TRAPTPD128F42940D0,Valentine's Day,V Sinizter,183.573,-5.573,205.73995,,,,,,,,,,,,
TRAPTQA128F42341FA,Bad Woman,Richard Hawley And Death Ramps_ Arctic Monkeys,130.631,-4.347,139.78077,,,,,,,,,,,,
TRAPTRB128F422915D,part 2 - Winterlight,Stephan Micus,30.827,-25.106,316.49914,,,,,,,,,,,,
TRAPTRH128F4271659,Be Careful With A Fool,Johnny Winter,103.377,-10.381,315.92444,,,,,,,,,,,,
TRAPTTM128F92EF071,Mélusine,Jean-Claude Darnal,164.942,-10.392,134.76526,,,,,,,,,,,,
TRAPTVO128F14661D2,The Plan (The Plan Album Version),Raze,110.007,-4.984,213.91628,,,,,,,,,,,,
TRAPTXN128F424A172,It Seems Like A Dream,Yank Rachell,104.579,-15.134,172.59057,,,,,,,,,,,,
TRAPTYA128F934FC43,Break,Orbit,91.488,-12.958,183.95383,,,,,,,,,,,,
TRAPTYS12903CD191F,Posledny Buntar`,Kruger,113.268,-4.952,387.16036,,,,,,,,,,,,
TRAPUDN128F423B45C,Gently (Album Version),Slipknot,134.282,-4.557,294.00771,,,,,,,,,,,,
TRAPUED128F92C5741,Monk In Wonderland (2008 Digital Remaster) (Rudy Van Gelder Edition),Grachan Moncur III,152.213,-11.535,474.06975,,,,,,,,,,,,
TRAPUFL128F425A8F9,Nature Boy,Rick Astley,99.985,-11.551,192.10404,,,,,,,,,,,,
TRAPUFV128F4231392,End Title/Animal Crackers,The Marx Brothers,128.398,-13.174,25.57342,,,,,,,,,,,,
TRAPUOJ128F429F4C1,Alligator Blues,Sylvester Weaver,88.887,-14.695,182.77832,,,,,,,,,,,,
TRAPUQI128F426A1BF,Two Sweety People,Line Renaud - Dean Martin,76.236,-14.262,173.13914,,,,,,,,,,,,
TRAPUVW128F42980AD,I Don't Know You People,Orbital,91.364,-8.912,467.53914,,,,,,,,,,,,
TRAPUWG128EF3425E7,Song For A Friend (Live From Montalvo),Jason Mraz,173.468,-10.798,740.46649,,,,,,,,,,,,
TRAPUXT128F4230216,Organic Echo (Part II),Lester Bowie,94.776,-24.901,327.18322,,,,,,,,,,,,
TRAPVBP128F9308A86,No Hace Falta Que Lo Digas,Alejandro Lerner,137.486,-15.182,263.6273,,,,,,,,,,,,
TRAPVDC128F422C711,Guardians Of The Forest,Wolfchant,210.032,-5.05,208.56118,,,,,,,,,,,,
TRAPVFO128F9347D5B,Ayer,La 5A Estacion,155.041,-7.337,135.8624,,,,,,,,,,,,
TRAPVGB128F42725AF,I Won't Spend Another Night Alone,The Ataris,151.401,-3.115,257.85424,,,,,,,,,,,,
TRAPVJC128F4285891,Don't Sit Under The Apple Tree,Barry Manilow Featuring The Glenn Miller Orchestra with Debra Byrd,90.074,-9.115,172.06812,,,,,,,,,,,,
TRAPVKB128F93377C1,Les Scieurs De Long,Jacques Douai,108.283,-16.516,191.65995,,,,,,,,,,,,
TRAPVPK128F9305F31,How Great Thou Art,Ronnie Milsap,83.973,-6.681,281.52118,,,,,,,,,,,,
TRAPVPS128F423CD26,Fruits & Nuts,Marc Shaiman,129.655,-16.031,165.72036,,,,,,,,,,,,
TRAPVQZ128F93378B1,Mes Belles Amourettes,Jacques Douai,94.617,-20.97,114.33751,,,,,,,,,,,,
TRAPVRB128F92E7BF4,Bass To Bass,DJ Slugo,143.028,-20.349,248.99873,,,,,,,,,,,,
TRAPVRU128F9302300,All Or Nothing,SKOLD vs. KMFDM,85.03,-6.272,303.22893,,,,,,,,,,,,
TRAPVXQ128F425A974,Dubbaq,Legion Of Green Men,149.988,-6.924,396.77342,,,,,,,,,,,,
TRAPVXS128F9331A42,Out Of My Mind,Glen Ricks,168.203,-13.629,242.20689,,,,,,,,,,,,
TRAPVXU128F149E7CD,Stay With Me,Faces,182.085,-8.026,279.84934,,,,,,,,,,,,
TRAPVYD12903CE0269,And Still I Wither,Enslavement Of Beauty,145.109,-5.646,313.75628,,,,,,,,,,,,
TRAPVZR128F92F8FD0,Crazy,Aynsley Lister,96.364,-9.77,227.10812,,,,,,,,,,,,
TRAPWGW128F92F8F7C,The Bad And The Beautiful,David Raksin,73.961,-12.981,141.40036,,,,,,,,,,,,
TRAPWMY128F4275285,Desde el este,Facto Delafe y las flores azules,96.007,-7.221,100.362,,,,,,,,,,,,
TRAPWSV128F4294DF4,Finish the Job,Al Toomer,113.282,-15.494,225.90649,,,,,,,,,,,,
TRAPWTX128F428FE47,"The Marquis and the Scaffold (From ""Quills"")",Nick Ingman,117.45,-23.333,186.61832,,,,,,,,,,,,
TRAPWXY128F14B0901,Hiroshima,Utopia,110.301,-10.998,435.93098,,,,,,,,,,,,
TRAPWYA12903CAF95F,Ms. Marseilles,John Brown,101.074,-8.65,113.97179,,,,,,,,,,,,
TRAPWZW128F4292E66,Let Me Show You The Way (Out),Toni Braxton,91.066,-4.745,258.48118,,,,,,,,,,,,
TRAPXDK12903CC631E,If I Miss You Again Tonight,Tommy Overstreet,93.72,-16.735,169.22077,,,,,,,,,,,,
TRAPXHQ128F9340E67,I Love U,Chris Brown,66.696,-6.649,182.22975,,,,,,,,,,,,
TRAPXLO128F931B20B,Nuoruusmuistoja,Erkki Junkkarinen,164.769,-14.225,218.93179,,,,,,,,,,,,
TRAPXNL128F4258C60,After Lovin You (Love Life Album Version),Charlie Peacock,100.862,-8.158,291.21261,,,,,,,,,,,,
TRAPXOE128F92FAB15,Beef,Capone-N-Noreaga,157.665,-5.515,217.41669,,,,,,,,,,,,
TRAPXRU128F932D676,Find The Office,Patric C,153.978,-7.651,236.82567,,,,,,,,,,,,
TRAPXSL128F42305D6,Quasar,Kitaro,126.339,-10.282,410.06975,,,,,,,,,,,,
TRAPXTG12903CE64CF,Swing,Jean-michel Rotin,121.987,-6.573,177.91955,,,,,,,,,,,,
TRAPXTV128F423A363,"Wrote For Luck (12"" - Remastered version)",Happy Mondays,101.831,-9.616,342.59546,,,,,,,,,,,,
TRAPXVE128F92DD085,Ahmea,Flutlicht,140.997,-5.957,513.56689,,,,,,,,,,,,
TRAPXZH128F92E1E72,Le Bagad De Lann Bihoue,Alain Souchon,103.414,-9.711,231.31383,,,,,,,,,,,,
TRAPYBS128F9309278,Street Sh***,Mil featuring Memphis Bleek,211.987,-7.891,265.29914,,,,,,,,,,,,
TRAPYCB128F930CD70,Dance To The Music Of The World - Original Re-Mix (Practice Session),Prince With 94 East,85.006,-12.998,364.5122,,,,,,,,,,,,
TRAPYCB128F9345A8E,Hot Rod,Fiasko,126.031,-7.668,403.19955,,,,,,,,,,,,
TRAPYCR128F4289604,Coke (Live),Flickerstick,168.099,-6.305,280.89424,,,,,,,,,,,,
TRAPYGN128F42345D8,Drown In My Own Tears (LP Version),Bobby Darin,66.232,-23.112,203.57179,,,,,,,,,,,,
TRAPYHA12903CED089,Fan Into Flame,John Michael Talbot,101.905,-19.725,170.44853,,,,,,,,,,,,
TRAPYID12903D09B0E,Druzya,Malina,98.663,-6.184,232.04526,,,,,,,,,,,,
TRAPYML128F423DF98,Ability To Create A War,A Skylit Drive,139.238,-5.864,88.86812,,,,,,,,,,,,
TRAPYVH128F428CFD7,Pants_ Meet Shit,Daughters,80.992,-4.271,52.11383,,,,,,,,,,,,
TRAPZAW128F930FEEF,McHattie's Waltz,The Waybacks,240.983,-13.915,288.49587,,,,,,,,,,,,
TRAPZDX12903D05CCB,Ça S'est Passé Un Dimanche,Maurice Chevalier,113.689,-14.263,185.39057,,,,,,,,,,,,
TRAPZJQ128F428A022,Going Strong (Album Version),Dropkick Murphys,182.518,-4.999,186.01751,,,,,,,,,,,,
TRAPZJV12903CCF414,Heavy Heart (Album Version),Josie,107.829,-11.321,303.20281,,,,,,,,,,,,
TRAPZLI128F92DB0CD,Dendemänner braucht das Land,Dendemann,126.892,-3.094,205.13914,,,,,,,,,,,,
TRAPZOH128F92E7FD6,Un P'Tit Brin De Musette,André Verchuren,198.736,-11.222,165.04118,,,,,,,,,,,,
TRAPZQI128F428CF18,And I Hear You Call,Amorphis,131.191,-4.167,280.97261,,,,,,,,,,,,
TRAPZQV128F9313F84,Somewhere In Time,Dave Alvin,121.171,-15.241,354.19383,,,,,,,,,,,,
TRAPZTV128F92CAA4E,Single Ladies (Put A Ring On It),Beyoncé,84.1,-6.593,466.05016,,,,,,,,,,,,
TRAPZYB128F9309217,Ninja Mental,Illya Kuryaki And The Valderramas,154.028,-10.819,233.97832,,,,,,,,,,,,
TRAPZYO128EF3519A2,Tony Yayo Explosion,G Unit feat. 50 Cent,75,-14.158,101.43302,,,,,,,,,,,,
TRAPZZJ12903CC5190,Ain't Got Nothin' But The Blues (Album Version),Robben Ford,91.247,-13.908,278.96118,,,,,,,,,,,,
TRAQACB128F4263F7B,Soaked In Cinnamon,Ultimate Fakebook,163.604,-3.177,183.27465,,,,,,,,,,,,
TRAQACX128F92FE83D,Make It Funky (Album Version),Information Society,149.91,-19.776,68.362,,,,,,,,,,,,
TRAQADQ12903CDCEF5,Now And Forever,Call To Preserve,189.824,-4.829,165.82485,,,,,,,,,,,,
TRAQAIW12903C9B61E,I Could Be Dreaming,Belle and Sebastian,165.038,-9.67,226.92526,,,,,,,,,,,,
TRAQAMG128F934AED9,Slap U Around,GWAR,136.211,-8.871,159.68608,,,,,,,,,,,,
TRAQAPL12903CB18F0,La Mamá De Jimmy,León Gieco,124.004,-5.41,218.5922,,,,,,,,,,,,
TRAQAVX128F42A13D7,Like A Freza,Little Capes,112.838,-8.603,289.64526,,,,,,,,,,,,
TRAQAXL12903C9AA01,Lets Go Amigos - Tail,Johnny Pearson,117.101,-9.332,17.60608,,,,,,,,,,,,
TRAQAYR128F427DC4C,Bourrée des Monts d'Aubrac,Jean Segurel,113.93,-10.974,186.90567,,,,,,,,,,,,
TRAQAYU128EF340AD0,Guardian Angel,Broadcast,166.809,-5.346,302.52363,,,,,,,,,,,,
TRAQBCD128F92EE352,My Heart Is Booked,Pinchers,176.536,-12.783,221.88363,,,,,,,,,,,,
TRAQBGF128F429C893,Skank and Dub,Junior Reid,139.898,-11.206,220.47302,,,,,,,,,,,,
TRAQBGZ128F932CD62,ABCD Medley,Laurie Berkner,128.43,-11.498,182.22975,,,,,,,,,,,,
TRAQBNL128F421DC67,It Won't Be Long Now,Frank Stokes,94.73,-19.27,188.89098,,,,,,,,,,,,
TRAQBNL128F4254D13,Another Love Song,Warrior King,153.977,-6.134,204.38159,,,,,,,,,,,,
TRAQBRP128F92DFCEF,Good Times Have Done Me Wrong (live) - exclusive version,Simply Red,90.031,-6.569,305.162,,,,,,,,,,,,
TRAQBSN12903CF6797,Me Dicen El Feliz,Orquesta Sublime,95.136,-7.911,222.14485,,,,,,,,,,,,
TRAQBTT128F427AE7D,Pu**y Pop,Xzibit featuring Jayo Felony and Method Man,96.058,-8.011,201.06404,,,,,,,,,,,,
TRAQBTU128F931BB1D,Cabiria,Hot Club Of Cowtown,132.073,-10.881,203.96363,,,,,,,,,,,,
TRAQBVO128F425D1F9,Un Espacio Para Andar (2002 Digital Remaster),Aleks Syntek,120.029,-6.73,275.19955,,,,,,,,,,,,
TRAQBXG128F9352821,Plus chère la vie,Les Malpolis,96.521,-4.03,298.89261,,,,,,,,,,,,
TRAQCBN128F1456991,We Got You (Featuring Jaguar),The Roots / Jaguar,218.587,-17.317,39.18322,,,,,,,,,,,,
TRAQCCG128F14AD361,Entanglement,John Ottman,69.234,-13.501,79.77751,,,,,,,,,,,,
TRAQCFH128F92FE30F,Alla Fine Di Tutto Questo,Fabri Fibra,160.071,-4.41,267.36281,,,,,,,,,,,,
TRAQCFJ128F92FFED9,Sounds Of The City,DJ Nasty,150.023,-6.6,206.70649,,,,,,,,,,,,
TRAQCIE12903D07754,Orchard,Moss,101.29,-19.933,261.48526,,,,,,,,,,,,
TRAQCIO128EF34C3F7,The Impala Incident (The Fifth Annual End Of The World Tour),Christoper Titus,80.8,-9.322,119.66649,,,,,,,,,,,,
TRAQCKG128F421C277,Frei zu sein,In Extremo,170.095,-2.136,186.06975,,,,,,,,,,,,
TRAQCTA12903CCE568,Finally,The Incurables,99.139,-9.254,276.63628,,,,,,,,,,,,
TRAQCVQ128F92D2B3D,Now I'm All Over The Place_ Scoob (Album Version),Frank Caliendo,124.086,-13.149,433.47546,,,,,,,,,,,,
TRAQCXM128F4230BAD,Left Behind,The Steeles,71.911,-10.277,241.26649,,,,,,,,,,,,
TRAQDBO128F92ED2AC,Signapur,In Extremo,114.127,-3.734,233.74322,,,,,,,,,,,,
TRAQDCD128F935F863,History Of Jody,Guitar Shorty,103.27,-17.135,817.37098,,,,,,,,,,,,
TRAQDID128F92FF26D,Juneau [Live],Funeral For A Friend,102.889,-4.518,251.21914,,,,,,,,,,,,
TRAQDSN128F42934A2,Posterchild for Tragedy,Sugarbomb,122.761,-6.121,260.93669,,,,,,,,,,,,
TRAQDUR128F931B4E9,Wildflowers (Album Version),Tom Petty,86.8,-13.374,190.32771,,,,,,,,,,,,
TRAQDVL128F9311923,Come All Over Me,Groove Karma,144.045,-7.377,206.78485,,,,,,,,,,,,
TRAQDWW12903CF4274,Handel: Alcina: Tornami a vagheggiar,Joan Sutherland,138.356,-16.553,264.12363,,,,,,,,,,,,
TRAQDXE128F92C3197,Matter Of Fact,Love Jones,102.473,-7.479,384.13016,,,,,,,,,,,,
TRAQDXL128F4260EB8,Head For Backstage Pass,Jeff Beck,131.554,-8.951,163.83955,,,,,,,,,,,,
TRAQDXM128F421F033,Santa Claus Is Coming To Town,Skeeter Davis,150.784,-16.87,153.96526,,,,,,,,,,,,
TRAQDYJ128F14989F8,He's A Rebel,Crystals,117.623,-5.651,150.90893,,,,,,,,,,,,
TRAQDZM128F426444D,Everyday,Bebe Winans / Stephanie Mills,144.005,-9.2,324.93669,,,,,,,,,,,,
TRAQDZZ128F42AF66A,Let's Plan A Robbery,Three 6 Mafia,130.298,-10.606,213.60281,,,,,,,,,,,,
TRAQEEB128F9332D97,Plastic Dreams,Jaydee,124.553,-7.855,265.84771,,,,,,,,,,,,
TRAQEFY128F42A0036,Carol,Flamin' Groovies,172.502,-3.215,195.39546,,,,,,,,,,,,
TRAQEJH12903CF048F,Boyfriends,Vickie Winans,124.734,-18.871,108.45995,,,,,,,,,,,,
TRAQEKD128F425293D,Taste You,Auf Der Maur,125.05,-7.319,277.89016,,,,,,,,,,,,
TRAQEKV128F147B762,Treat Me Right (Jon Cutler Album Version),Kim English,123.978,-5.193,292.5971,,,,,,,,,,,,
TRAQELD128F4274F52,Come To Me Tonight,Daniel Johnston,158.304,-11.092,115.35628,,,,,,,,,,,,
TRAQELO128F42595F5,Todo A Mi Favor,Juan Carlos Baglietto,131.624,-15.459,218.09587,,,,,,,,,,,,
TRAQEOG128F9353981,Caught In The Rain,Martin Sexton,109.889,-14.15,277.39383,,,,,,,,,,,,
TRAQEOO128F9336721,Dancehall Man,Thriller U,72.305,-10.677,235.12771,,,,,,,,,,,,
TRAQEOP12903CA65E2,Tú,Shakira,139.95,-10.65,214.12526,,,,,,,,,,,,
TRAQESC128F92D9527,Country Preacher,Jimmy Johnson,98.929,-8.581,287.32036,,,,,,,,,,,,
TRAQEUQ128F425282E,Chant For Eschaton 2000,Behemoth,156.261,-4.146,321.48853,,,,,,,,,,,,
TRAQEVV128EF34E413,Deliverance,Sick Puppies,91.145,-4.531,190.9024,,,,,,,,,,,,
TRAQEZO128F9345243,Better Be Good,The Real Kids,162.771,-14.655,252.26404,,,,,,,,,,,,
TRAQFCX128F423C1A4,Good Question  (LP Version),Lee Ritenour,148.879,-10.982,223.45098,,,,,,,,,,,,
TRAQFDL128F427E823,Bing,The Jason Bonham Band,196.013,-7.11,290.19383,,,,,,,,,,,,
TRAQFEZ128F92E565D,Morning,Poncho Sanchez / Dianne Reeves,215.461,-9.681,355.05587,,,,,,,,,,,,
TRAQFGC12903CB9BCB,Walk in the Park,Audio Pyper,124.996,-12.98,405.52444,,,,,,,,,,,,
TRAQFGE128F9322ADA,Only If You Live There,Oliver Lake Quintet,131.611,-10.383,419.76118,,,,,,,,,,,,
TRAQFGR128EF34E7AF,Waterfall (Spirit Of The Rainforest Album Version),David Arkenstone,106.998,-18.327,363.41506,,,,,,,,,,,,
TRAQFHK128F92F3274,Operation Love,Mark Ashley,99.996,-4.336,190.77179,,,,,,,,,,,,
TRAQFPB128F421FFC9,Stereophonic Presentation - Kokoro_ Pt. 5,Roger Reynolds,48.607,-37.668,313.91302,,,,,,,,,,,,
TRAQFPY12903C9EA62,Dumy Moi-Zamicy Dal Nie...,Alkonost,109.953,-4.456,542.87628,,,,,,,,,,,,
TRAQFRC128F930D467,Need Not,A Ghost Devotion,137.973,-8.489,305.34485,,,,,,,,,,,,
TRAQFUM12903D0F30B,A Galicia Vente Xa,Xose Manuel Budiño,119.835,-5.407,365.47873,,,,,,,,,,,,
TRAQFXU128F424DF7C,Always,RyanDan,111.518,-8.567,235.12771,,,,,,,,,,,,
TRAQGHF128F4263CCB,Track 04,Pelt,107.368,-22.196,225.98485,,,,,,,,,,,,
TRAQGID128F932232D,No Mercy Remix (Cade Money Remix),The Last Eighth feat. Dumi Right(Zimbabwe Legit) and Skillz,179.912,-6.947,239.33342,,,,,,,,,,,,
TRAQGLM128EF356DEA,Bad Creation,Vivian,90.993,-6.53,227.76118,,,,,,,,,,,,
TRAQGMY128F425A2F5,A Whiter Shade Of Pale,Annie Lennox,145.99,-8.724,316.76036,,,,,,,,,,,,
TRAQGNV128C7196894,All Of This,Blink-182,117.574,-5.342,280.00608,,,,,,,,,,,,
TRAQGRI12903CEE1DA,Chanson sous la pluie,Michèle Bernard,114.495,-10.338,192.67873,,,,,,,,,,,,
TRAQGWN12903CE658C,Like a Bird Pulling Up At a Worm,We Show Up On Radar,80.029,-13.362,194.71628,,,,,,,,,,,,
TRAQGWU128F93275F9,Buried Alive In The Blues,Michael Bloomfield,106.534,-12.022,295.91465,,,,,,,,,,,,
TRAQGXT128F4239CE0,I Can't Help,Cocoa Tea,163.664,-7.441,237.89669,,,,,,,,,,,,
TRAQGZY128F425E791,East,The Rongetz Foundation,119.992,-8.415,390.37342,,,,,,,,,,,,
TRAQHAK128F425EDD8,Ring The Alarm,Beyoncé,113.992,-3.964,161.38404,,,,,,,,,,,,
TRAQHCG128E07951DA,Wanna Hurt Mase? (Album Version),Mase,92.028,-6.933,263.18322,,,,,,,,,,,,
TRAQHHV128F92E0787,Seek 300,Information Society,150.055,-8.149,288.62649,,,,,,,,,,,,
TRAQHHW128F14A8FF9,Thank You Mr. Poobah ( Remastered 97' Version ),The Paul Butterfield Blues Band,158.12,-15.693,246.12526,,,,,,,,,,,,
TRAQHKA12903CD817A,Going Home (Acoustic),Catherine Howe,164.886,-15.095,203.44118,,,,,,,,,,,,
TRAQHLV12903CB6474,Alte Pizza,Der Plan,119.317,-14.342,153.59955,,,,,,,,,,,,
TRAQHMP128F932D69C,Everything Has Changed,Patric C,198.138,-11.651,286.4322,,,,,,,,,,,,
TRAQHNQ12903CA5676,Goin' Upstairs (Little Freddie King),Little Freddie King,128.745,-9.995,312.63302,,,,,,,,,,,,
TRAQHNX128E07822A7,Fast-Track,Radiohead,103.476,-7.037,197.45914,,,,,,,,,,,,
TRAQHOI128F4233163,The Chosen Legacy,Dimmu Borgir,150.064,-3.561,259.02975,,,,,,,,,,,,
TRAQHOL128F422F029,Show Of Love,Jimmy Riley,162.139,-13.887,233.7171,,,,,,,,,,,,
TRAQHPK128F92E339B,Song From Moulin Rouge,Percy Faith & His Orchestra,91.765,-11.149,195.02975,,,,,,,,,,,,
TRAQHVX128F92E444A,Drifting,David Arkenstone,160.028,-11.812,272.74404,,,,,,,,,,,,
TRAQHWF128F146FF11,The Ghost At #1,Jellyfish,169.875,-9.679,216.60689,,,,,,,,,,,,
TRAQHYE128F4275428,Blues 666,Fuzz,153.978,-3.768,238.36689,,,,,,,,,,,,
TRAQIBP12903CBD3E0,Amidar (CCCP Mix),Rui Da Silva,65.005,-5.999,444.9171,,,,,,,,,,,,
TRAQICU128F4295BED,Donde Estas Corazon,Shakira,121.589,-7.094,399.98649,,,,,,,,,,,,
TRAQIDB128F9339E13,Down A Notch,Faking David,98.259,-10.769,169.56036,,,,,,,,,,,,
TRAQIET128F9338109,Balada De La Mariposa,María Elena Walsh,103.623,-13.024,148.89751,,,,,,,,,,,,
TRAQIHG128F424B549,Unutmam,BassTurk,90.627,-10.399,259.05587,,,,,,,,,,,,
TRAQIKC128F9303360,You Were Only Fooling,Connie Francis,121.993,-9.956,135.8624,,,,,,,,,,,,
TRAQIQP128E079505F,Hope  (Edited Album Version),Twista Featuring Cee-Lo,106.967,-5.126,272.50893,,,,,,,,,,,,
TRAQITZ128F4265E0E,Lonesome To The Bone,Johnny Cash,170.995,-10.06,162.29832,,,,,,,,,,,,
TRAQIUE128F4286303,Soul Music (ReMastered),Curtis Mayfield,83.902,-14.364,237.60934,,,,,,,,,,,,
TRAQIWL12903CF2A34,The Avenue (Zack W. Remix),K-OS,102.91,-6.472,282.43546,,,,,,,,,,,,
TRAQIYQ12903CBAE8A,I've Come This Far by Faith,The Mighty Clouds Of Joy,95.984,-14.502,141.58322,,,,,,,,,,,,
TRAQJAM128F14AC5E8,Bruttosozialprodukt,Geier Sturzflug,165.979,-6.54,186.51383,,,,,,,,,,,,
TRAQJAO128F93289C4,Turu wilakuy,Alturas,78.01,-14.956,293.90322,,,,,,,,,,,,
TRAQJAU128F42585AD,The Tube,Spectra Soul,85.006,-7.751,303.51628,,,,,,,,,,,,
TRAQJBM128F428DA47,Si Xin De Li You,F.I.R.,101.471,-6.351,248.0322,,,,,,,,,,,,
TRAQJBN12903CC16B5,Grønn Dame_ Rød Klut (Sangen Om Boken Om Damen Anne Enger Lahnstein),Black Debbath,85.068,-6.093,268.61669,,,,,,,,,,,,
TRAQJFK128F428508A,I'm Running Out Of Love,Dolly Parton,100.06,-10.609,125.33506,,,,,,,,,,,,
TRAQJGB128F426A9B6,The House Is Rockin',Stevie Ray Vaughan And Double Trouble,170.217,-10.351,168.30649,,,,,,,,,,,,
TRAQJKM128F93578DA,Medley: Bobby Stenhouse; Braes Of Gleniffer; Girl In A Blue Dress,The Glencastle Sound,110.76,-15.118,3.5522,,,,,,,,,,,,
TRAQJLD128F9350D44,The Room,Bruce Carroll,90.094,-10.882,278.41261,,,,,,,,,,,,
TRAQJLZ128F930BD03,Magic Carpet Ride - Original,Glen Ricks,86.999,-10.469,167.49669,,,,,,,,,,,,
TRAQJMP128F92E3821,Can't Take My Eyes Off You,Muse,126.725,-5.646,211.12118,,,,,,,,,,,,
TRAQJNA128F425D4F0,Mo Jing,CoCo Lee,100.034,-6.025,269.53098,,,,,,,,,,,,
TRAQJNQ12903CBD304,Love,YZ,43.991,-14.64,287.37261,,,,,,,,,,,,
TRAQJOE128F92F1D58,Crystal Clear,Brainchoke,137.07,-3.254,87.14404,,,,,,,,,,,,
TRAQJOP128F424C3D2,China Doll,Slim Whitman,107.584,-9.681,170.81424,,,,,,,,,,,,
TRAQJSB128F1454BB2,Dancing Drums,Badmarsh & Shri,96.028,-9.507,497.13587,,,,,,,,,,,,
TRAQKAH128F92D62A7,Show Fifteen with Bernard Sampson & Robert Sewell,Groucho Marx,131.128,-9.332,321.20118,,,,,,,,,,,,
TRAQKCG12903CBE810,Colour My XTC,Jeff Scott Soto,180.974,-4.304,298.05669,,,,,,,,,,,,
TRAQKCW128F9352A52,The Other Side,Super700,64.101,-8.878,47.28118,,,,,,,,,,,,
TRAQKIM128F42618D0,Yo Odeconer,Kékélé,115.072,-7.821,309.49832,,,,,,,,,,,,
TRAQKPR128F427DDF8,Voici Les Clés,Gerard Lenorman,121.832,-8.811,227.39546,,,,,,,,,,,,
TRAQKTC128F429211E,Kassoule,Tabu Ley Rochereau,100.009,-13.029,173.19138,,,,,,,,,,,,
TRAQKUB128F1460B81,Aziatic (Outro),AZ,87.599,-7.459,60.21179,,,,,,,,,,,,
TRAQKVC128F425E65C,Inoculated City,The Clash,87.657,-13.143,130.63791,,,,,,,,,,,,
TRAQKVM128F145BB26,Make This Love Last,Wendy Moten,109.001,-8.634,230.37342,,,,,,,,,,,,
TRAQKZA128F9306913,Problem Inna the System,Black History,127.27,-10.062,251.402,,,,,,,,,,,,
TRAQLFD12903CE16C7,Le complexe de Sisyphe,Melatonin,127.989,-9.443,233.11628,,,,,,,,,,,,
TRAQLIE128F931C3F3,Honor The Lord (He Holds The Keys Album Version),Steve Green,168.34,-13.051,147.40853,,,,,,,,,,,,
TRAQLMY128F42313D6,The Grand Vizier's Garden Party (Entrance) (1994 Digital Remaster),Pink Floyd,65.61,-20.11,60.13342,,,,,,,,,,,,
TRAQLNE128F42AC1AF,Babylon,Judas Iscariot,135.39,-7.736,393.89995,,,,,,,,,,,,
TRAQLOD128F145EC9D,Dicen Por Ahi,Enrique Iglesias,101.43,-6.947,229.0673,,,,,,,,,,,,
TRAQLOT12903CE025B,Enclosed_ One Broken Heart,Eddy Arnold,42.086,-11.375,156.21179,,,,,,,,,,,,
TRAQLTJ128F92E7FEE,Jalousie,André Verchuren,123.249,-9.865,194.82077,,,,,,,,,,,,
TRAQLWZ12903CC77C2,Turn Me On,Johnny Osbourne,91.775,-8.227,271.5424,,,,,,,,,,,,
TRAQLXW128F4278459,Du Verstehst Mich Nicht,Andreas Dorau,118.975,-9.752,267.36281,,,,,,,,,,,,
TRAQMAK128F930D5F6,100% Dundee,The Roots,183.486,-1.031,270.31465,,,,,,,,,,,,
TRAQMBA12903CD57EA,Breezin' Along With the Breeze,The Merry Macs,79.821,-16.008,182.9873,,,,,,,,,,,,
TRAQMBC128F424FC8B,Future Traffic Song,Ashtrax,123.013,-12.796,278.36036,,,,,,,,,,,,
TRAQMCF128F4247415,I Don't Give a F**k,D.O.W.N.,129.986,-7.722,239.72526,,,,,,,,,,,,
TRAQMCM128F934CF43,Mango Del Monte,Tito Rodriguez,103.166,-10.317,176.5873,,,,,,,,,,,,
TRAQMDS128F9326C87,The First The Last Eternity (Till The End) (feat. Summer) (GDC Mix),SNAP!,150.037,-11.804,385.35791,,,,,,,,,,,,
TRAQMKM128F92E4EDD,Feel Better,California Oranges,176.02,-10.454,330.1873,,,,,,,,,,,,
TRAQMLV128F92F33CB,Den Me Agapas,Anna Vissi,166.891,-12.712,296.30649,,,,,,,,,,,,
TRAQMNB12903CDD58F,Compromise,The Berzerker,227.25,-4.563,163.81342,,,,,,,,,,,,
TRAQMNJ128F92E9D94,The Queen's Treatment,Ada Jane,61.198,-13.892,288.80934,,,,,,,,,,,,
TRAQMNQ128F4250FD8,Tomara (I Wish),Flora Purim,75.297,-19.173,242.83383,,,,,,,,,,,,
TRAQMOX12903CAEBD7,Get Moose and Squirrel,Virgil Moorefield,45.13,-10.369,155.8722,,,,,,,,,,,,
TRAQMTB128F92FEE3B,Slab Ridaz (feat. Lucky Luciano & Filero),Ice_ Lucky Luciano_ Filero,163.006,-5.141,239.93424,,,,,,,,,,,,
TRAQMWJ12903D02BD4,Outskirts Of Life,GG Allin,99.572,-11.29,198.84363,,,,,,,,,,,,
TRAQMWP12903CAC06F,A Broken Heart,Dallas Holm,93.553,-14.948,273.00526,,,,,,,,,,,,
TRAQMYS128F930582B,Styles P Speaks (Interlude),Styles P,105.532,-7.495,57.57342,,,,,,,,,,,,
TRAQMZB128EF351A09,Certified Gangstas (featuring Jim Jones Camron & Bezell),The Game feat. Jim Jones Camron & Bezell,69.555,-6.647,210.23302,,,,,,,,,,,,
TRAQMZG128F427C15C,Sanctify Yourself (Extended Remix),Simple Minds,128.607,-11.231,435.3824,,,,,,,,,,,,
TRAQNEC128F14ADF01,Hollow Eyes (Beat The System Album Version),Petra,105.498,-11.555,242.62485,,,,,,,,,,,,
TRAQNHD128F42438E2,When A Man Loves A Woman,Alexander O'Neal,95.924,-5.184,183.11791,,,,,,,,,,,,
TRAQNMM12903D00407,Party Favours,Bionikworld,126.089,-7.56,413.23057,,,,,,,,,,,,
TRAQNMX128F427CAFB,Sous les chataigniers,Jean Segurel,214.324,-8.819,144.97914,,,,,,,,,,,,
TRAQNUS128F14698ED,124,Photek,161.772,-10.611,421.19791,,,,,,,,,,,,
TRAQNXY128EF35D3CB,Gemini,Ashes to Ashes,84.001,-5.061,247.84934,,,,,,,,,,,,
TRAQOFP128F92FF669,Plans (Cover Version - Original by Grizzly Bear),Band Of Horses,111.963,-11.536,205.24363,,,,,,,,,,,,
TRAQOLQ128EF3531E3,Find us Faithful,Bill Murk,126.884,-8.188,298.9971,,,,,,,,,,,,
TRAQOMM12903CC1D1C,Are You Putting Me On The Shelf,Don & Juan,141.469,-9.146,136.04526,,,,,,,,,,,,
TRAQOOL128F93030A4,Hunter And The Hunted (Live),Simple Minds,106.136,-8.013,352.44363,,,,,,,,,,,,
TRAQOOU12903CBE70D,Happy Beat,Edmundo Ros,191.863,-16.327,134.1122,,,,,,,,,,,,
TRAQOOW128F932FA3C,Per Colpa Tua,Noemi,144.052,-2.957,226.37669,,,,,,,,,,,,
TRAQOPC128F422850C,Hur hur murmioon,Frederik,103.063,-6.904,179.3824,,,,,,,,,,,,
TRAQOSE128F42575EF,100%,Cocoa Tea,115.862,-11.627,228.96281,,,,,,,,,,,,
TRAQOXO128F42636BD,Down In The Hole,James Taylor,100.075,-13.097,315.16689,,,,,,,,,,,,
TRAQOXP128F4275511,La Llamada,Selena,90.103,-12.366,192.62649,,,,,,,,,,,,
TRAQPAW128F423666C,Dream Of Ice,Dave Eggar,117.298,-29.084,224.73098,,,,,,,,,,,,
TRAQPFR12903CC26CF,REALIZATION: REMORSE,This Is Hell,83.335,-5.726,106.39628,,,,,,,,,,,,
TRAQPGM128F933B997,Visitor,Donna The Buffalo,172.076,-12.667,251.42812,,,,,,,,,,,,
TRAQPHD128F4226E5E,Soul Simplicity,Soulwax,96.02,-9.061,274.78159,,,,,,,,,,,,
TRAQPHP128F92F1464,Put It Off Until Tomorrow,Mae West,101.276,-16.198,150.49098,,,,,,,,,,,,
TRAQPJU128F1484689,Groundhog Day f/Cee-Lo Green & DJ Craze,Mayday,178.719,-5.646,233.84771,,,,,,,,,,,,
TRAQPKV128E078EE32,Livin' On The Edge,Aerosmith,101.66,-5.746,324.07465,,,,,,,,,,,,
TRAQPKX128F428146D,Come Around (Acoustic),Sister Hazel,195.633,-6.594,283.48036,,,,,,,,,,,,
TRAQPWZ128F9333FF8,El Sabor lo Pongo Yo,David Andreu,222.02,-6.063,250.56608,,,,,,,,,,,,
TRAQPZK128F9326C80,Mary Had A Little Boy (Maestro Mix),SNAP!,121.102,-10.232,327.78404,,,,,,,,,,,,
TRAQQEE128EF342942,Onni,Irwin Goodman,151.004,-5.752,231.47057,,,,,,,,,,,,
TRAQQHJ128F9345DC3,1000 Good Intentions,Rise Against,155.411,-5.794,187.66322,,,,,,,,,,,,
TRAQQLM128F147CBFE,Jaan - Interlude,Rishi Rich,95.985,-10.817,45.45261,,,,,,,,,,,,
TRAQQOG128F934B0A1,Zanzibar,Lizzy Borden,186.075,-4.151,386.66404,,,,,,,,,,,,
TRAQQTW128F1466D86,All The Things You Are,Eliane Elias,176.138,-28.25,201.22077,,,,,,,,,,,,
TRAQQUC128F9314732,I Surrender All,Clay Crosse,134.864,-7.997,286.74567,,,,,,,,,,,,
TRAQQUQ128F933671B,I'm Wondering,Mikey General,87.858,-13.333,220.73424,,,,,,,,,,,,
TRAQQUX128F92F9F10,Starlight,Snowgoons,104.705,-2.42,232.75057,,,,,,,,,,,,
TRAQQVR128F4255A3A,White Light,Gorillaz,154.873,-7.766,128.41751,,,,,,,,,,,,
TRAQQYH12903D0C595,Gedroomd,Hef feat. Big2 & Dio,102.374,-9.909,219.29751,,,,,,,,,,,,
TRAQQZN128F931FA31,Everything I Need,All Girl Summer Fun Band,139.967,-10.187,212.84526,,,,,,,,,,,,
TRAQRAM128F4296694,Cuore Appassionato,Sergio Franchi,118.137,-13.148,199.73179,,,,,,,,,,,,
TRAQRFD128F9322DE6,Cancion De Amor,2 Minutos,97.546,-4.861,124.39465,,,,,,,,,,,,
TRAQRFN128F93071EA,Last Thursday (Call Me Crazy),Carolyn Arends,106.963,-9.819,204.01587,,,,,,,,,,,,
TRAQRHA128F93001EB,Between Love & Hate,The Strokes,104.208,-4.689,191.29424,,,,,,,,,,,,
TRAQRJO128F42B7B09,Dungeon Master,EPMD / Nocturnal,180.823,-6.866,204.5122,,,,,,,,,,,,
TRAQRLZ128F425CE1D,Blue Cave,Steve Smith,138.39,-30.676,404.45342,,,,,,,,,,,,
TRAQRNL128F42148D3,Walking Through the Ghetto,Sugar Minott,164.93,-6.975,186.8273,,,,,,,,,,,,
TRAQRRD128F425F8E7,Laquelle Des Deux Est La Plus Snob,Jacques Dutronc,126.968,-9.774,152.76363,,,,,,,,,,,,
TRAQRSK128F4279043,Estas Listo,Juan Carlos Baglietto,93.008,-13.592,274.99057,,,,,,,,,,,,
TRAQRSO128F92D5C48,Endeka Para,Natassa Theodoridou,178.021,-8.851,254.69342,,,,,,,,,,,,
TRAQRTB128F9332168,Near My Soul,The Sonics,158.84,-9.796,164.362,,,,,,,,,,,,
TRAQRTQ128F42707EA,Something 'Bout Love,Lisa Lisa & Cult Jam,107.778,-8.517,302.75873,,,,,,,,,,,,
TRAQRUZ128F149627D,Sangha the Outcast,Nick Ingman,115.124,-19.817,167.33995,,,,,,,,,,,,
TRAQRYZ128F4291DCB,My Prerogative,Britney Spears,110.993,-6.451,213.18485,,,,,,,,,,,,
TRAQRZP128F931C1F1,Ol' Mother Earth (Album Version),Tony Joe White,126.241,-23.012,187.32363,,,,,,,,,,,,
TRAQSAG128F9354A2A,Bass Fanactiks,DJ Phiene,165.023,-10.706,240.92689,,,,,,,,,,,,
TRAQSEG128F9327EB9,All Your Love [Live 1999],Gary Moore,110.768,-5.457,272.16934,,,,,,,,,,,,
TRAQSEU12903CE5966,Stereo + Video,D:Fuse vs The Scumfrog,130.018,-4.757,534.62159,,,,,,,,,,,,
TRAQSGM128F4296A20,Bazooka,Pat Travers,182.949,-6.236,221.93587,,,,,,,,,,,,
TRAQSPU128F422146B,Black Night,Halfway to Gone,141.63,-5.061,210.07628,,,,,,,,,,,,
TRAQSVV128EF34BBEC,Geh,Kuba,90.777,-3.441,222.04036,,,,,,,,,,,,
TRAQSWI128F9343039,Cry Like An Angel,Shawn Colvin,167.772,-12.798,290.11546,,,,,,,,,,,,
TRAQSWR128F92F1357,Waiting For A Train [Live],John Sebastian,91.802,-19.869,169.84771,,,,,,,,,,,,
TRAQSWY12903CEB99F,Menssa,Loketo,114.888,-12.16,291.3171,,,,,,,,,,,,
TRAQSYW12903CB969B,Carrie's Theme,John Frizzell,91.434,-29.999,100.75383,,,,,,,,,,,,
TRAQTBF12903CCC1B7,Oi! Oi! Oi!,Cockney Rejects,92.957,-6.971,204.93016,,,,,,,,,,,,
TRAQTCE128F92E341E,Miina ja Mikko markkinoilla,Esa Pakarinen,178.936,-13.305,119.27465,,,,,,,,,,,,
TRAQTEH128F427DD91,I've Been Cryin' Since You've Been Gone,New Roanoke Jug Band,92.932,-12.241,216.81587,,,,,,,,,,,,
TRAQTKV128F427BFA5,Saturday Night's Alright (For Fighting),Nickelback featuring Kid Rock,156.005,-3.709,223.99955,,,,,,,,,,,,
TRAQTOS128F428E94B,The One Piece Puzzle,SKYCLAD,167.504,-8.294,361.24689,,,,,,,,,,,,
TRAQTRL128F428C2AF,Mai,Loudermilk,112.398,-6.564,272.03873,,,,,,,,,,,,
TRAQTYT12903D134AC,What I've Got In Mind,Billie Jo Spears,119.053,-12.551,175.20281,,,,,,,,,,,,
TRAQUBY128F42671D0,Soul Etouffe,Jazz Crusaders,93.368,-8.945,267.91138,,,,,,,,,,,,
TRAQUCX12903CD43F9,Never-ending,Esion Jim,96.002,-7.531,439.64036,,,,,,,,,,,,
TRAQUFS12903CF9F32,How Long,Joe Grushecky,85.312,-6.742,313.3122,,,,,,,,,,,,
TRAQUIR128F429B067,Cancion De Cuna_ Op. 49_ No. 4 (Brahms),Mariano Yanani,68.311,-16.069,124.83873,,,,,,,,,,,,
TRAQUJD128F933BBF9,Dubrovnic,Les Ogres De Barback,86.092,-4.727,212.13995,,,,,,,,,,,,
TRAQUJP128F146082C,Out In The Street,UFO,86.595,-10.534,313.7824,,,,,,,,,,,,
TRAQUQK128F92D13C1,Haunted House,Gene Simmons,96.737,-10.313,155.11465,,,,,,,,,,,,
TRAQURF128F932BAFA,A Disconsolate Winter Landscape,Crematorium,86.633,-17.124,164.44036,,,,,,,,,,,,
TRAQUTI128F92FF7A6,Galopera,Los Fabulosos,83.741,-14.553,170.26567,,,,,,,,,,,,
TRAQUVZ128F932B2B7,Tennessee Blues (Album Version),Geoff Muldaur,82.759,-26.772,217.88689,,,,,,,,,,,,
TRAQUWF128E07924E4,Niggas Die 4 Me,Drag-On / DMX,102.889,-6.051,232.82893,,,,,,,,,,,,
TRAQUZJ128F92F7059,Diamond In The Bluff,Memphis Sheiks,173.661,-16.547,282.33098,,,,,,,,,,,,
TRAQVCT12903CD7F32,Release Me,Don Gibson,87.806,-20.691,184.68526,,,,,,,,,,,,
TRAQVDI128F42969C8,Nature's Disappearing,John Mayall & The Bluesbreakers,89.949,-9.11,292.91057,,,,,,,,,,,,
TRAQVFU12903CDCB07,These Days,Take It Back!,135.264,-4.696,204.90404,,,,,,,,,,,,
TRAQVJC128F932E431,Mambo Italiano,Tony Murena,213.995,-10.631,155.14077,,,,,,,,,,,,
TRAQVJM128F9310F20,When I Grow Up,Fever Ray,122.984,-6.817,556.06812,,,,,,,,,,,,
TRAQVLJ128F4283F4D,Silent Night,Philip Bailey,160.313,-14.064,210.93832,,,,,,,,,,,,
TRAQVMY128F424C862,Spain,Neviss,94.318,-5.782,169.66485,,,,,,,,,,,,
TRAQVOG128F9340E58,I.Y.A.,Chris Brown,131.953,-6.969,188.89098,,,,,,,,,,,,
TRAQVQM128F933DFEB,Lost In The Future,Sneaky Sound System,130.053,-3.951,225.82812,,,,,,,,,,,,
TRAQVSH128F92EF9A5,The Loco Motion,Little Eva,84.758,-3.375,149.65506,,,,,,,,,,,,
TRAQVTL128F42B2A06,I Love You Baby,Thrilla U,92.017,-7.66,226.95138,,,,,,,,,,,,
TRAQVTO128F14696A6,Da Funk,Daft Punk,111.201,-5.019,329.53424,,,,,,,,,,,,
TRAQVUG128F145EB2E,What If I Kissed You Right Now?,Joi,159.991,-6.225,288.65261,,,,,,,,,,,,
TRAQVUG128F4286DE3,Transmission - [The Factory_ Manchester Live 11 April 1980],Joy Division,157.103,-6.525,229.69424,,,,,,,,,,,,
TRAQVWM128F426CFAD,Raise Your Hand,Janis Joplin,123.293,-12.436,137.79546,,,,,,,,,,,,
TRAQWEF128F92D2831,Icicle Rain,Claire Hamill,111.856,-11.878,313.05098,,,,,,,,,,,,
TRAQWGP128F932EAFE,Ill Always Love You,The Tokens,101.809,-10.68,149.34159,,,,,,,,,,,,
TRAQWJZ128F4243C9B,Great Escape (Good Intentions),Bob Neuwirth,103.327,-11.393,312.5024,,,,,,,,,,,,
TRAQWKC128F428BD2C,The Strongest Wind That Blows,Shriekback,84.983,-12.519,286.06649,,,,,,,,,,,,
TRAQWUU128F4231383,Main Title/Animal Crackers,The Marx Brothers,94.547,-13.742,102.13832,,,,,,,,,,,,
TRAQWVS128F92D6481,Non-Stop Floater,Marcelo Radulovich,144.902,-11.054,267.59791,,,,,,,,,,,,
TRAQWXH128F93163FE,Ki An O Ageras Fisa,Nikos Xilouris,106.435,-11.134,109.50485,,,,,,,,,,,,
TRAQXAZ12903CF156D,Nie mehr heim,Kapelle Herrenweide,96.596,-12.325,270.62812,,,,,,,,,,,,
TRAQXJY12903CF3A0E,House of Love,Steel Pulse,168.242,-6.653,261.35465,,,,,,,,,,,,
TRAQXKZ128F429D175,People Make The World,The Box Tops,110.771,-12.345,148.61016,,,,,,,,,,,,
TRAQXOQ128F93228A9,Noites Cariocas (Minhas Noites Sem Sono),Gal Costa,177.281,-12.485,189.57016,,,,,,,,,,,,
TRAQXYU12903CD9262,I Loves You Porgy,Percy Faith,89.924,-16.445,159.76444,,,,,,,,,,,,
TRAQYFL12903D138CF,Descontrol,Daddy Yankee,93.029,-4.064,172.90404,,,,,,,,,,,,
TRAQYMX12903CAB6C6,Jenny Jenny,The Shirrows,173.776,-5.417,361.9522,,,,,,,,,,,,
TRAQYOC128F9341CDC,Genesis,Busta Rhymes,106.961,-10.067,231.60118,,,,,,,,,,,,
TRAQYRR128F92F8632,Twelve Gates To The City,John Cephas & Phil Wiggins,101.863,-14.947,158.30159,,,,,,,,,,,,
TRAQYSF128F425D3D8,Con La Tinta De Mi Sangre,Mazz,104.055,-10.295,183.562,,,,,,,,,,,,
TRAQYUA128F428742F,You Gotta Move,Mississippi Fred McDowell,69.347,-15.448,226.37669,,,,,,,,,,,,
TRAQYVG128F92FE7E1,How Old Are You,Loudon Wainwright III,193.637,-16.117,128.15628,,,,,,,,,,,,
TRAQYWJ128F931282C,Engine Skull,Cancer Bats,110.096,-3.276,159.29424,,,,,,,,,,,,
TRAQYXL128F425EA21,We Will Stand,Russ Taff,124.343,-9.193,343.37914,,,,,,,,,,,,
TRAQYZI128F4273CF3,Indian Queen,Electric Light Orchestra,92.502,-21.488,57.44281,,,,,,,,,,,,
TRAQYZO128F930BC98,Easy or Not (Album Version),To My Surprise,149.654,-2.17,175.22893,,,,,,,,,,,,
TRAQYZO12903CB818E,Hillcrest Drive,The Del McCoury Band,163.92,-8.61,198.63465,,,,,,,,,,,,
TRAQZAA128F4281E5F,Casava Piece Riddim,Sly Dunbar,88.489,-14.941,225.07057,,,,,,,,,,,,
TRAQZBF128F42830A1,Easy Life (Live),Cockney Rejects,138.836,-10.581,176.01261,,,,,,,,,,,,
TRAQZDZ128F92C9FCE,Principe Nino - Original,Orquesta Broadway,115.521,-15.314,421.35465,,,,,,,,,,,,
TRAQZFU128F429AF8D,Life Upon The Wicked Stage,Sophie Tucker,135.021,-10.666,142.78485,,,,,,,,,,,,
TRAQZGZ128F92FF445,Salsa pa tí,Perrocker,125.226,-14.12,304.1171,,,,,,,,,,,,
TRAQZIY128F427F117,Lagrima,Terry Muska,72.582,-17.609,113.05751,,,,,,,,,,,,
TRAQZJM128F4216397,Sick 2 Think,Why?,119.983,-9.035,118.38649,,,,,,,,,,,,
TRAQZMQ12903CB7E9D,Mansion in the Sky,Florida Boys,96.622,-7.356,114.62485,,,,,,,,,,,,
TRAQZPC12903CDE0D5,Going Out Tonight,HardNox,125.077,-4.897,202.60526,,,,,,,,,,,,
TRAQZPU128F14B06DE,Studio Dialogue (#26),The Stooges,67.03,-19.585,16.92689,,,,,,,,,,,,
TRAQZQC128F14ACB44,Allez_ Glissez!,Quadro Nuevo,188.626,-10.232,215.30077,,,,,,,,,,,,
TRAQZQX128F931338F,Touch The Sky,Kanye West / Lupe Fiasco,106.825,-5.263,236.72118,,,,,,,,,,,,
TRAQZSL128F426A842,Don't Bogart,Headhunter,141.36,-6.536,267.59791,,,,,,,,,,,,
TRAQZTC128F933E227,Oh The Joy That Came To Me,Sister Rosetta Tharpe,100.399,-21.669,84.11383,,,,,,,,,,,,
TRAQZUA12903CE65F2,Love and happiness,Billy Price_ Fred Chapellier,106.492,-9.102,356.93669,,,,,,,,,,,,
TRAQZWH128F934B093,Don't Start Me Cryin' Now,DMZ,101.926,-6.494,151.87546,,,,,,,,,,,,
TRARAAG128F42437FB,Concerto For Saxophone (Quartet Version): Movement IV,Philip Glass,176.122,-14.383,231.10485,,,,,,,,,,,,
TRARACF128F424FACF,Come Alive,Agnostic Front,185.453,-5.218,122.17424,,,,,,,,,,,,
TRARAEG128F42647B2,Trying To Get To Heaven,Bob Dylan,94.161,-14.089,320.70485,,,,,,,,,,,,
TRARAEU12903CB396C,Misty Valley,Frank Chacksfield & His Orchestra,151.195,-19.61,155.37587,,,,,,,,,,,,
TRARAGQ12903CB6892,Sehnsuchtsexpress,Frl.Menke,90.954,-11.016,217.20771,,,,,,,,,,,,
TRARAHB128F428928E,Do Your Will (Album Version),The Rance Allen Group,105.994,-4.152,337.162,,,,,,,,,,,,
TRARAIG128F424DDCC,Heyya Heyya,Ramy Ayach,88.015,-5.942,239.80363,,,,,,,,,,,,
TRARAIO128E0780FDE,Spitting Games,Snow Patrol,74.576,-14.848,229.642,,,,,,,,,,,,
TRARAJS12903CAD54F,System of Play,Theodor Zox,83.991,-11.941,381.23057,,,,,,,,,,,,
TRARAKX12903CBADE2,So hell mit Klause Duo,Flowin Immo et Les Freaqz,83.321,-7.486,225.59302,,,,,,,,,,,,
TRARALS128F934F7C1,Oh What A Feeling,Everly Brothers,82.461,-15.036,125.02159,,,,,,,,,,,,
TRARANL128F1478789,Drones,Rise Against,209.141,-3.696,181.57669,,,,,,,,,,,,
TRARATE128F92FE56A,Check the bomb,Refractory,123.96,-5.613,358.89587,,,,,,,,,,,,
TRARAZI128F427F3B4,Llama y Verás,Luis Alberto Spinetta,196.52,-16.079,209.47546,,,,,,,,,,,,
TRARBBK128F427ED68,Elle Et Moi,Koffi Olomide,89.92,-8.756,293.27628,,,,,,,,,,,,
TRARBCN128F92F3559,Xiang Zai Le Huo,Eason Chan,101.37,-8.698,221.80526,,,,,,,,,,,,
TRARBDK128F92C7F0B,Wot U Say,Various Production,145.064,-8.862,191.99955,,,,,,,,,,,,
TRARBFC128EF3500F8,Chatterbox,Sex Pistols,152.899,-14.683,189.17832,,,,,,,,,,,,
TRARBGM12903CC5026,Never Alone,Open Hand,86.308,-7.655,486.97424,,,,,,,,,,,,
TRARBGR128F42264D1,It's My Party,Lesley Gore,129.161,-7.541,140.2771,,,,,,,,,,,,
TRARBIM12903CECEE0,For Me This Is Happy,Gene Pitney,79.112,-13.254,146.9122,,,,,,,,,,,,
TRARBJW128E0788A1A,Keep The Circle Around,Inspiral Carpets,150.226,-4.134,230.05995,,,,,,,,,,,,
TRARBKD128F42BA84D,Sporco Ma Distinto,Ennio Morricone,87.153,-11.008,118.33424,,,,,,,,,,,,
TRARBKI128F423DFA4,What'll I Do For Satisfaction (LP Version),Johnny Daye,118.563,-11.323,176.90077,,,,,,,,,,,,
TRARBLB128F14AD018,Birth Of The Falls,Stephen Warbeck,116.259,-16.039,123.68934,,,,,,,,,,,,
TRARBQM128F92FBB81,Portraying Light With Rainbow Colored Crayon,An Cafe,148.991,-4.802,310.12526,,,,,,,,,,,,
TRARBVD128F4239284,Damn That Radio [Live],The Wreckers,152.208,-5.809,211.59138,,,,,,,,,,,,
TRARBXA128F426E188,Columbus Stockade Blues,Charlie McCoy,113.293,-13.483,197.79873,,,,,,,,,,,,
TRARBYC128F92CEF3C,Camisa Amarela,Gal Costa,118.047,-10.874,171.85914,,,,,,,,,,,,
TRARBZK128F934549A,Style,Enuff Z Nuff,158.795,-8.649,182.15138,,,,,,,,,,,,
TRARCAU128F9337F05,Trumansburg Whistle,Gershon Kingsley,130.831,-11.826,180.08771,,,,,,,,,,,,
TRARCJT128F9316BA9,Sporable,Winifred Phillips,130.195,-15.835,141.19138,,,,,,,,,,,,
TRARCMH12903CB8E8B,Portobello Lass,Harry Lauder,162.993,-22.55,177.6322,,,,,,,,,,,,
TRARCNN12903CD5262,Reuben James,Kenny Rogers,187.128,-14.406,167.00036,,,,,,,,,,,,
TRARCNT12903CC4767,The Waiting,Zombina & The Skeletones,94.754,-6.264,145.3971,,,,,,,,,,,,
TRARCSJ12903CA71D8,Grey Skies Turn Blue,MxPx,87.779,-3.861,183.97995,,,,,,,,,,,,
TRARCZH12903CF7D2F,Rock Steady,Bad Company,102.984,-8.064,229.58975,,,,,,,,,,,,
TRARDCR12903CE6FBE,Heart Breakin' Blues,Cannon's Jug Stompers,139.606,-14.897,186.64444,,,,,,,,,,,,
TRARDFD12903CECB2C,I Can't Help Myself,Tyrone Davis,84.955,-9.998,277.41995,,,,,,,,,,,,
TRARDHN128F4243072,Wraparound Shades (Album),Zumpano,159.784,-8.394,228.46649,,,,,,,,,,,,
TRARDJY128F14750EA,Year Zero,30 Seconds To Mars,121.518,-6.736,472.39791,,,,,,,,,,,,
TRARDLO128F42A0469,King Jesus Is My Captain,Birmingham Jubilee Singers,150.405,-18.697,183.27465,,,,,,,,,,,,
TRARDNE128F1472357,Profound Sound (Take Two Album Version),Ill Harmonics,180.415,-8.343,59.03628,,,,,,,,,,,,
TRARDOK128F9300AB5,The Earth Isn't Humming,Thrice,143.59,-9.454,349.80526,,,,,,,,,,,,
TRARDRG128F931766E,Champion (World),Davol,102.015,-15.991,264.09751,,,,,,,,,,,,
TRARDRX128F9325812,Satisfaction,Who Made Who,132.974,-6.145,265.32526,,,,,,,,,,,,
TRARDSC128F148B688,I've Grown Accustomed To His Face I've Grown Accustomed To His Face,Shelby Flint,35.691,-15.276,121.25995,,,,,,,,,,,,
TRARDSS12903D0C029,Tango Andorra,Aimable,106.953,-15.966,180.45342,,,,,,,,,,,,
TRARDUI12903CBF6B6,Autofokus,K.I.Z.,151.488,-4.547,231.18322,,,,,,,,,,,,
TRAREAP12903D09025,El divertido,Orquesta Sublime,101.345,-8.631,168.30649,,,,,,,,,,,,
TRAREDZ12903CFB6E3,Clever Girls Like Clever Boys Much More Than Clever Boys Like Clever Girls,Pelle Carlberg,169.994,-5.603,247.24853,,,,,,,,,,,,
TRAREGG128F425A5D8,Dreaming Of April,Out Of The Grey,87.76,-9.598,225.95873,,,,,,,,,,,,
TRAREHS128F92F8E13,New Sensation,Snow Patrol,114.954,-14.309,214.5171,,,,,,,,,,,,
TRARELT128F9310B6E,For The Good Times,Dart,148.027,-10.008,340.53179,,,,,,,,,,,,
TRAREOY128F93199EF,Blackwood Moth,Milieu,87.003,-13.08,371.87873,,,,,,,,,,,,
TRARESK12903D169F7,Pussy Hole,DJ Nasty,149.984,-12.624,194.29832,,,,,,,,,,,,
TRARESY128F42444FC,El Cumbanchero,Günter Noris,124.394,-11.793,156.62975,,,,,,,,,,,,
TRAREWD128F425AC6A,Wolf In Sheep's Clothing,Jeff And Sheri Easter,180.073,-6.15,170.4224,,,,,,,,,,,,
TRAREZN128F424E0FA,Goons Lurkin (Instrumental Album Version),Plies,110.933,-9.545,233.42975,,,,,,,,,,,,
TRAREZS128F428ACED,Lost Circles,React,134.648,-9.68,158.27546,,,,,,,,,,,,
TRARFAB128F4244BB7,Tanz,ZENFU,143.126,-4.689,130.71628,,,,,,,,,,,,
TRARFAV128F428B7B2,Nerio Compra Una Contestadora,Los Amigos Invisibles,142.453,-21.978,24.34567,,,,,,,,,,,,
TRARFAZ128F93481AD,Isku Pitkästä Ilosta,Korpiklaani,99.995,-4.535,250.8273,,,,,,,,,,,,
TRARFCT12903CD3545,Can't Help Falling In Love,Brian Dullaghan,90.255,-15.892,190.56281,,,,,,,,,,,,
TRARFKP12903CF5DF1,From My Hands,Salt The Wound,174.424,-5.056,241.162,,,,,,,,,,,,
TRARFLF128F425B49B,Paradise In Your Eyes,Winston Reedy,130.812,-7.097,268.61669,,,,,,,,,,,,
TRARFOC128F92ED401,The Way I Am,Eminem,174.731,-3.353,291.10812,,,,,,,,,,,,
TRARFQL128F931E523,Voodoo Doll,Fergie,129.997,-6.502,263.05261,,,,,,,,,,,,
TRARFQY12903CA07B6,One More Ride (Digitally Remastered),Johnny Cash,110.43,-12.308,120.99873,,,,,,,,,,,,
TRARFSH128F92DFDED,Sunset Manifesto,Flink,147.934,-6.103,160.91383,,,,,,,,,,,,
TRARFSI128F92C5B06,Killer (Single Version),Seal,117.988,-7.762,257.48853,,,,,,,,,,,,
TRARFTH128F93052CF,Coming Back For More feat. Colin Corvez,Daniel Paul,120.04,-11.556,323.60444,,,,,,,,,,,,
TRARFWJ128F9339D70,Birch,Maximilian Hecker,243.981,-13.538,370.02404,,,,,,,,,,,,
TRARFXI128F1468CE3,Same Old Thing,Albert Collins,94.557,-11.893,356.25751,,,,,,,,,,,,
TRARGBM128F428F65E,A Lo Clasico,Daddy Yankee,91.026,-4.13,235.15383,,,,,,,,,,,,
TRARGCC128F92F34B7,Zhi Xiang Ni hui Yi,Hacken Lee,124.984,-15.198,424.82893,,,,,,,,,,,,
TRARGDO12903C956AA,Amaze,Jimmy Riley,159.943,-6.895,216.39791,,,,,,,,,,,,
TRARGLY128F935AAD5,Radio Rape,The Cortinas,134.985,-7.687,219.01016,,,,,,,,,,,,
TRARGTV128F4274FB6,Ain't No Game,Masta Ace Incorporated,88.12,-7.687,295.1571,,,,,,,,,,,,
TRARGZR128F92E28D6,Parchman Farm,Hot Tuna,138.512,-9.989,461.71383,,,,,,,,,,,,
TRARHBD128F423A0EA,Children Of Love,Abijah,81.025,-18.818,204.77342,,,,,,,,,,,,
TRARHCB128F148D1B0,The Haunting,The Misfits,212.293,-5.542,85.9424,,,,,,,,,,,,
TRARHFF128F933D378,Just Say Yes,Dickies,104.231,-9.428,152.94649,,,,,,,,,,,,
TRARHFV128F92E0ECE,Old Fashioned Baby,Pee Wee Crayton,116.461,-10.446,163.10812,,,,,,,,,,,,
TRARHKQ128F92EF0B2,A Veces Hablo De Ti,Tito Allen,183.636,-14.305,322.21995,,,,,,,,,,,,
TRARHLY128F42698CA,Some Kind Of Zombie (Criscoteque Remix),Audio Adrenaline,108.351,-5.934,279.97995,,,,,,,,,,,,
TRARHMM128F92F2DC9,All or Nothin' Gal,Jessie Lee Miller,188.979,-7.391,116.92363,,,,,,,,,,,,
TRARHXX128F93477A0,Faithkeeper_ Part 1,David & Steve Gordon,131.991,-18.799,532.27057,,,,,,,,,,,,
TRARIGL128F422B9CE,Fascinating Rhythm (Instrumental) (2007 Digital Remaster),Billy May & His Orchestra,103.532,-10.703,312.92036,,,,,,,,,,,,
TRARIIY128F147187D,Radar For Love,Kiss,99.761,-8.021,241.08363,,,,,,,,,,,,
TRARIKA128F9335A8C,Everyone make love,Cool cavemen,93.715,-5.976,234.762,,,,,,,,,,,,
TRARIMG128F931B45A,Grand Frère,Philippe Sarde,137.658,-23.178,528.22159,,,,,,,,,,,,
TRARIMP128F933D217,Heavy On My Mind (Album Version),Back Door Slam,92.971,-4.325,319.84281,,,,,,,,,,,,
TRARINE128F4280B9C,Out In The Street (Live) (2008 Digital Remaster),UFO,131.5,-6.763,314.17424,,,,,,,,,,,,
TRARIPU128F92FA1E1,Up Above My Head,Sister Rosetta Tharpe & Marie,80.893,-7.386,146.80771,,,,,,,,,,,,
TRARIRG128F147FC96,I'm Not Moving,Phil Collins,100.042,-15.433,154.93179,,,,,,,,,,,,
TRARITF12903CE7DA9,Playa del sous-sol,Alain-François,107.986,-5.704,172.01587,,,,,,,,,,,,
TRARIWH128E079349F,Columbia,Oasis,100.146,-7.588,324.80608,,,,,,,,,,,,
TRARIZK128F92FF27A,Antarctica Starts Here,John Cale,110.1,-20.172,199.96689,,,,,,,,,,,,
TRARJEK128F930B3AA,Couldn't Stand The Weather,Stevie Ray Vaughan And Double Trouble,121.616,-9.882,281.05098,,,,,,,,,,,,
TRARJEM128F92E444D,Big Bounce,David Arkenstone,108.014,-12.958,272.97914,,,,,,,,,,,,
TRARJGM12903CF5DAC,Closin' Moes,Jeff Massanari Trio,183.801,-9.924,253.85751,,,,,,,,,,,,
TRARJKN128F92F6CF8,Bubblin' (Anita Demo),Camp Lo,196.45,-11.502,222.40608,,,,,,,,,,,,
TRARJLC128F9323715,In Style,David Johansen,87.373,-7.436,247.97995,,,,,,,,,,,,
TRARJMX128F149BE14,T-Ball and Indian Guides (LP Version),Bill Engvall,112.964,-11.689,482.21995,,,,,,,,,,,,
TRARJPL128F931C7D2,Summer Summer,The Almost,136.147,-5.353,240.79628,,,,,,,,,,,,
TRARJVW128F14937AB,La Rue Du Babouin,Françoise Hardy - Maurane,105.156,-16.904,194.24608,,,,,,,,,,,,
TRARKAN128F429AB6D,Our Lady Of Fatima,Kitty Kallen,94.064,-15.555,165.45914,,,,,,,,,,,,
TRARKDH128F4270965,Ithaki,Peggy Zina,107.55,-14.236,177.44934,,,,,,,,,,,,
TRARKDV128F42500F2,Banda Yango,Tshala Muana,137.349,-5.252,390.63465,,,,,,,,,,,,
TRARKEH128F1463CB2,Delilah,The Sensational Alex Harvey Band,90.689,-12.936,316.81261,,,,,,,,,,,,
TRARKFW128F92D20CD,Reprise: Tú mi delirio - Guajira - Si te contara - El manisero,Chucho Valdés,80.789,-20.259,375.03955,,,,,,,,,,,,
TRARKGW128F92EB8F9,Guilty Partner,New Order,146.29,-5.729,288.02567,,,,,,,,,,,,
TRARKPB12903C9B67A,Te Miattad Változott Meg Az Életem,Belami,140.077,-7.996,237.19138,,,,,,,,,,,,
TRARKRC128E0791D82,Song For Love,Extreme,146.022,-7.894,355.5522,,,,,,,,,,,,
TRARKSW128F42758D1,La Rosa (Live),Bobby Pulido,195.109,-8.886,195.42159,,,,,,,,,,,,
TRARKTC128F4244934,Syvä meri (Oceano),Kari Tapio,115.879,-7.069,161.20118,,,,,,,,,,,,
TRARKTI128F9310BA2,"Let's Call Him ""Andre",Bruce Rowland,235.318,-26.458,138.762,,,,,,,,,,,,
TRARKXM128F14911B0,I Got A Seecret,Redman,113.312,-8.745,209.6322,,,,,,,,,,,,
TRARLGD128F93119C1,I Constantly Thank God For Esteban [Live In Chicago],Panic At The Disco,153.069,-5.205,253.23057,,,,,,,,,,,,
TRARLJI128F933E881,000GrandPno,Pumpkin Buzzard,120.398,-15.272,45.87057,,,,,,,,,,,,
TRARLOJ128F92DFA03,Pai Keros,Christos Dantis,131.404,-12.538,251.08853,,,,,,,,,,,,
TRARLTG12903CF06FD,Nachts um halb drei,Janina,141.053,-9.318,189.70077,,,,,,,,,,,,
TRARLYN128F422BC3C,Iron Man,Mat Maneri,144.184,-17.985,192.15628,,,,,,,,,,,,
TRARMDJ128F931F980,French Suite: A Paris Thing,William Goldstein,89.102,-28.215,276.50567,,,,,,,,,,,,
TRARMFD128F4231386,You Must Do Your Best Tonight / I Represent/Animal Crackers,The Marx Brothers,60.778,-14.639,116.37506,,,,,,,,,,,,
TRARMHA128F92E7D32,I'm Not A Loser,Descendents,203.29,-8.867,89.23383,,,,,,,,,,,,
TRARMHD12903D02A2A,Turn Up The Bass,Fast Eddie featuring Kool Rock,125.86,-8.902,271.3073,,,,,,,,,,,,
TRARMIK128F4270A74,De Paris Un Caballero,Barbarito Diez,65.914,-7.807,157.962,,,,,,,,,,,,
TRARMLZ128F9330684,Killing Me Softly With His Song,CoCo Lee,100.82,-8.933,310.54322,,,,,,,,,,,,
TRARMNI128F9336EF9,Afro Profondo,Daniela Dessì,179.998,-9.638,178.75546,,,,,,,,,,,,
TRARMPI12903CCE6BD,Girl You Need My Love,Doniki,175.202,-17.266,256.20853,,,,,,,,,,,,
TRARMPK128F9302164,You Had Me From Hello (Lullaby Rendition of Kenny Chesney),Hushabye Baby,69.995,-18.798,223.45098,,,,,,,,,,,,
TRARMRC128F424317A,Oh Scat Mix Up,Tim Exile,124.429,-3.716,78.21016,,,,,,,,,,,,
TRARMRJ128F92EBD5C,Collecting Dust,Life Long Tragedy,86.435,-6.024,204.9824,,,,,,,,,,,,
TRARMUI128F147162F,The Modern World,The Jam,159.849,-8.812,150.59546,,,,,,,,,,,,
TRARMUY12903D02555,Lihava enkeli,Murskahumppa,136.579,-8.997,163.47383,,,,,,,,,,,,
TRARMUZ128F14AA0EA,Roller Derby,Leon Russell,120.427,-12.824,145.55383,,,,,,,,,,,,
TRARMWA128F424147D,Nothing's Clear (Album Version),Ill Nino,109.441,-3.778,202.13506,,,,,,,,,,,,
TRARMYQ128F149F18A,Are You Ever Gonna Love Me?,Jimmy Wayne,142.409,-6.349,232.64608,,,,,,,,,,,,
TRARMYZ128F426150A,So deep,Ann Lee,131.999,-7.804,380.08118,,,,,,,,,,,,
TRARMZO128F93362A2,Love Theme (The Falling In Love),Burt Bacharach,66.882,-17.806,98.32444,,,,,,,,,,,,
TRARNAJ128F92CD7F9,Walk Away From Love,Willie Clayton,105.863,-10.646,260.51873,,,,,,,,,,,,
TRARNAS128EF355915,I Found You,The Impressions,121.896,-16.489,207.35955,,,,,,,,,,,,
TRARNBZ128F4238CF7,Strange Things,Tanto Metro & Devonte,104.465,-6.712,158.1971,,,,,,,,,,,,
TRARNCP128F42AB2B0,Calm Da Seas,Dave Hollister,117.936,-5.193,258.16771,,,,,,,,,,,,
TRARNIL12903C9A9C8,Afraid Of Change (Tribal Vocal Mix),Casa Bulga,0,-7.327,401.24036,,,,,,,,,,,,
TRARNJN12903CE49F8,Ran Kan Kan,Nestor Torres,78.843,-5.648,191.63383,,,,,,,,,,,,
TRARNKQ12903CE7299,Grow Up_ Grow Old,Debbie Davies,107.183,-7.961,283.79383,,,,,,,,,,,,
TRARNMW128F92DE2D4,Dholna Dholna,Naseebo Lal,151.983,-12.746,376.16281,,,,,,,,,,,,
TRARNZA128F424EC6A,Rainbow Country (Red Gold And Green Version),Bob Marley & The Wailers,152.99,-5.308,258.29832,,,,,,,,,,,,
TRARNZV128F930CDFB,Screamin' & Hollerin' The Blues,Alvin Youngblood Hart,111.523,-9.186,208.84853,,,,,,,,,,,,
TRAROCB128EF35098A,De Tha Mai Edo,Domna Kountouri,99.98,-8.318,209.94567,,,,,,,,,,,,
TRARODD128F4225D3F,Vitamina,Sonora Carruseles,108.292,-6.564,230.00771,,,,,,,,,,,,
TRARODV128F1460DBC,A Goodnight's Sleep,The Starting Line,142.069,-5.011,264.41098,,,,,,,,,,,,
TRAROFY12903CD2618,Mui Mal_ Animal,L.A.V.I,0,-11.531,565.96853,,,,,,,,,,,,
TRAROHB128F145CD83,Yesterdays,Gonzalo Rubalcaba,70.256,-33.045,483.39546,,,,,,,,,,,,
TRAROOB128F424C74C,Drunk Driving Tip,Dezz White,59.021,-15.497,44.93016,,,,,,,,,,,,
TRAROPS128F92F09A5,Am I That Easy To Forget,Carl Belew,117.867,-13.338,140.38159,,,,,,,,,,,,
TRAROPZ128F42A8AB2,Cup Horn,TEN MADISON,190.038,-8.627,344.68526,,,,,,,,,,,,
TRAROQC128F4273979,Que Vuelvas,Shakira,123.861,-7.174,231.75791,,,,,,,,,,,,
TRAROQL128F92F7E7D,Concertino for Bass Trombone and Trombone Choir,David Taylor,144.252,-22.54,600.11057,,,,,,,,,,,,
TRAROSP128F1487270,Rachel's retribution,Anne Dudley,118.326,-15.428,280.86812,,,,,,,,,,,,
TRAROUS12903CF4F08,I'm In The Mood For Love,Roger Williams,100.366,-15.383,170.81424,,,,,,,,,,,,
TRARPCK128F92FEA7F,Little Brother,Grizzly Bear,169.038,-14.199,384.67873,,,,,,,,,,,,
TRARPGY128F425D48D,Ol' Frank,George Jones,131.45,-15.467,168.33261,,,,,,,,,,,,
TRARPKK12903CD6066,Blackwords Masking,This Moment In Black History,156.408,-4.928,145.8673,,,,,,,,,,,,
TRARPKM128F429A7A6,Clavelitos,Joselito,96.096,-10.012,159.76444,,,,,,,,,,,,
TRARPOL128F92F5973,Tomorrows Girls (Live),UK Subs,199.379,-2.952,122.40934,,,,,,,,,,,,
TRARPOQ128F9311C86,Abbeville Fair,Seatrain,107.836,-6.112,294.47791,,,,,,,,,,,,
TRARPTJ12903CE2898,Be Aware,SOJA,102.581,-5.781,221.09995,,,,,,,,,,,,
TRARPWX128F92CD69C,The Chance,Julie Roberts,139.99,-12.517,287.50322,,,,,,,,,,,,
TRARPXT128F425FDF9,Polly,Nirvana,130.339,-14.338,168.51546,,,,,,,,,,,,
TRARPYM128F425A88B,O Dikos Sou DJ,Imiskoubria,97.039,-7.032,208.50893,,,,,,,,,,,,
TRARPZT128F932AD66,The Gift,Natalie Cole,115.45,-15.222,194.53342,,,,,,,,,,,,
TRARQBS128F4262E62,Playboy,Teena Marie,97.396,-12.256,323.18649,,,,,,,,,,,,
TRARQBT128F4275C63,Things i say,Wilks,174.014,-7.91,220.36853,,,,,,,,,,,,
TRARQFD128F422F447,Santa Barbara,Chaka Demus & Pliers,95.044,-7.378,251.97669,,,,,,,,,,,,
TRARQGY128F425E599,Groovitation (Album Version),Deodato,110.909,-16.532,371.33016,,,,,,,,,,,,
TRARQPW128F92EE8B8,Jugglin' Clown,Christian Quast,126.914,-15.252,485.14567,,,,,,,,,,,,
TRARQSD128F427E2AA,Wishlist,Pearl Jam,117.946,-9.407,235.25832,,,,,,,,,,,,
TRARQSR128F933A1BF,El Vino Triste,Los Auténticos Decadentes,136.835,-9.737,210.02404,,,,,,,,,,,,
TRARQWJ128F92E9CCA,Day Or Night [Live Album Version],Little Feat,93.42,-8.163,330.73587,,,,,,,,,,,,
TRARREF128F422FD96,Halloween,Dead Kennedys,92.897,-4.264,216.842,,,,,,,,,,,,
TRARRER128F9328521,Liquid Time (composition by John Goodsall),Brand X,99.024,-12.474,279.35302,,,,,,,,,,,,
TRARRJL128F92DED0E,On Efface,Julie Zenatti,80.084,-11.061,252.99546,,,,,,,,,,,,
TRARRMK12903CDF793,Shovel,Mistress,146.331,-4.523,580.70159,,,,,,,,,,,,
TRARROY128F42281F7,Nuovi Re pt. I I (feat. Tek money - Lady Tambler),Inoki,87.999,-5.05,259.3171,,,,,,,,,,,,
TRARRPG12903CD1DE9,Zip-A-Dee-Doo-Dah (Song of the South),Orlando Pops Orchestra,120.382,-16.477,199.99302,,,,,,,,,,,,
TRARRQO128F427B5F5,You Eclipsed By Me (Album Version),Atreyu,157.715,-4.707,218.90567,,,,,,,,,,,,
TRARRUZ128F9307C57,Howells Delight,The Baltimore Consort,54.874,-24.14,78.0273,,,,,,,,,,,,
TRARRVB128F92F47CA,Parto em terras distantes,Brigada Victor Jara,86.981,-13.885,312.99873,,,,,,,,,,,,
TRARRWA128F42A0195,Martha Served,I Hate Sally,77.15,-5.795,163.63057,,,,,,,,,,,,
TRARRYC128F428CCDA,Misery Path (From the Privilege of Evil),Amorphis,175.673,-4.393,255.03302,,,,,,,,,,,,
TRARRZU128F4253CA2,Je Sais Que La Terre Est Plate,Raphaël,124.059,-9.636,148.74077,,,,,,,,,,,,
TRARSAM128F4256E04,Vargbrodern Talar,Månegarm,163.086,-6.769,92.76036,,,,,,,,,,,,
TRARSAW12903C9EDEB,Drama  (LP Version),Liquid Gang,143.963,-4.945,226.0371,,,,,,,,,,,,
TRARSFU12903CB2669,Sweet Lady,Ernest Ranglin / Floyd Lloyd,127.07,-4.909,271.77751,,,,,,,,,,,,
TRARSJD128F932BAF8,Unlearn,Crematorium,122.186,-7.148,210.1024,,,,,,,,,,,,
TRARSKA128F9336A04,3,Britney Spears,131.999,-6.278,465.47546,,,,,,,,,,,,
TRARSKS128F4272D2F,Sleuthing,Danny Elfman,86.901,-22.435,140.87791,,,,,,,,,,,,
TRARSLP12903CE2AA6,Forever,Franco,89.984,-9.387,251.61098,,,,,,,,,,,,
TRARSMV128F1469CCF,Namibia,Ziggy Marley And The Melody Makers,110.873,-11.912,246.54322,,,,,,,,,,,,
TRARSZV12903CDB2DE,Meet Me in the City,Junior Kimbrough,129.584,-14.023,190.06649,,,,,,,,,,,,
TRARTAR128F145F235,Uncle B.S. - 1963,Tim Wilson,88.576,-12.36,100.67546,,,,,,,,,,,,
TRARTBH128F93087A4,Lookin' For Me Somewhere,BoDeans,156.285,-13.845,186.20036,,,,,,,,,,,,
TRARTCZ128F427A176,No More Doggin',Otis Spann,63.255,-12.931,180.40118,,,,,,,,,,,,
TRARTDG12903CA52DF,Cry For Love,Capleton,137.425,-10.336,216.81587,,,,,,,,,,,,
TRARTEH128F423DBC1,15 Step,Radiohead,188.91,-7.057,237.21751,,,,,,,,,,,,
TRARTEH128F4280823,From Afar (Album Version),Van Halen,87.899,-9.057,324.23138,,,,,,,,,,,,
TRARTGG128F424ABCD,Get Happy,Danny Wilson,92.591,-8.515,126.53669,,,,,,,,,,,,
TRARTHV128F429B77A,Wohär dr Wind wäiht,Kisha,152.792,-7.222,203.04934,,,,,,,,,,,,
TRARTIV128F92F87F0,Putt Jhatt Da Gulabi Phull Varga,DJ Vix,195.755,-3.423,98.76853,,,,,,,,,,,,
TRARTJL128F92CB44B,Raise Your Hands,Bon Jovi,139.95,-4.857,311.27465,,,,,,,,,,,,
TRARTME12903CE0253,I'll Wait for You Dear,Al Dexter,102.707,-16.627,150.9873,,,,,,,,,,,,
TRARTOQ12903CA1CA9,I Love Your Way,Kashief Lindo,86.481,-5.85,238.15791,,,,,,,,,,,,
TRARTSA128F4291550,Champagne & Reefer,Bongzilla,97.265,-4.627,286.58893,,,,,,,,,,,,
TRARTSZ128F427642F,Rainbow Dance,John Tchicai,154.731,-31.391,182.36036,,,,,,,,,,,,
TRARTYH12903CF0056,I Need a Veggie,John Holt,131.297,-9.603,228.30975,,,,,,,,,,,,
TRARTYI128F427E74C,Volumatic Spacer Device,The Chap,123.007,-8.337,207.28118,,,,,,,,,,,,
TRARUDQ128F934B0ED,The Dance Of Europe,Dave Brockie Experience,99.959,-3.312,135.8624,,,,,,,,,,,,
TRARUFE128F92F5D21,Blood Round Dance Song (World),R. Carlos Nakai,104.989,-25.651,146.33751,,,,,,,,,,,,
TRARUHU128F92FDC00,Spoonie Is Back,Spoonie Gee,135.503,-6.619,393.63873,,,,,,,,,,,,
TRARUOP12903CF2384,What Drives The Weak,Shadows Fall,84.992,-4.076,283.48036,,,,,,,,,,,,
TRARURM128F931A91B,Life Force,Vanessa Daou,79.96,-19.293,229.66812,,,,,,,,,,,,
TRARUTP128E0797FC7,Crawling (Album Version),Linkin Park,105.095,-6.052,208.95302,,,,,,,,,,,,
TRARUYJ128F9316C65,Bennie,Koffi Olomidé,89.572,-7.164,625.78893,,,,,,,,,,,,
TRARVCC128F930733D,Shouther to Shouther (Shoulder to Shoulder),Harry Lauder,101.029,-23.214,224.62649,,,,,,,,,,,,
TRARVDX128F424A397,Suicide,Aceyalone,129.956,-4.149,170.1873,,,,,,,,,,,,
TRARVEY128F9300AC3,Red Sky,Thrice,137.913,-9.425,313.7824,,,,,,,,,,,,
TRARVJE128F93127EF,Symphony No. 7 in A Major_ Op. 92: I. Poco sostenuto - Vivace,Herbert von Karajan and Turin RAI Symphony Orchestra,92.731,-18.427,770.35057,,,,,,,,,,,,
TRARVMJ128F146A77E,Prem,Joi,120.006,-5.36,425.16853,,,,,,,,,,,,
TRARVMO128F427DF04,She's My Mary,Lonnie Johnson,90.814,-13.987,199.44444,,,,,,,,,,,,
TRARVQK128F932BFA0,Tell Me What I Want to Hear,The Dils,163.024,-7.198,141.84444,,,,,,,,,,,,
TRARVSP128F4250FD6,Above The Rainbow,Flora Purim,173.649,-16.444,208.03873,,,,,,,,,,,,
TRARVSQ12903CA6A4B,The Little White Cloud That Cried,The Knightsbridge Strings,75.064,-9.923,132.44036,,,,,,,,,,,,
TRARVTN12903CF4724,Strike While the Iron is Hot,Kenny Neal,107.008,-14.422,180.61016,,,,,,,,,,,,
TRARVVB128F4264CEB,Livin' In a Strain,Alvin Youngblood Hart,112.717,-14.039,231.10485,,,,,,,,,,,,
TRARVXR128F4236397,Amor que terminó,Los Solitarios,129.493,-11.163,179.56526,,,,,,,,,,,,
TRARVZG128F1497359,Caribou Lou,Tech N9ne,177.942,-6.696,274.85995,,,,,,,,,,,,
TRARWBA128F93580C7,Cha Cha Cha,The Rodeo,130.203,-6.317,176.97914,,,,,,,,,,,,
TRARWFL128F42B4686,Aya Benzer 2003 (Moonlight),Mustafa Sandal / Gülcan,50.499,-5.254,239.12444,,,,,,,,,,,,
TRARWHW12903CE84D3,Save My Soul (Cypher UK Radio Edit),Kristine W.,129.976,-4.499,235.12771,,,,,,,,,,,,
TRARWLR128F4256B07,My Life Is Totally Boring Without You,Cracker,107.848,-8.749,196.5971,,,,,,,,,,,,
TRARWMG128F933667C,Calliope,Al Di Meola,110.096,-16.945,257.30567,,,,,,,,,,,,
TRARWMX128F9332CD0,Do You See The Light (Deep Ethno Mix),SNAP!,131.977,-13.615,293.92934,,,,,,,,,,,,
TRARWQY128F1462A4C,Dipset (Santana's Town) (Skit),Juelz Santana / Freekey Zeekey / Monique Garnett,196.482,-19.771,79.64689,,,,,,,,,,,,
TRARWSY128F92FE87E,Gavel Obliterated,Chris Clark,102.093,-7.551,226.11546,,,,,,,,,,,,
TRARWUM128F42AC917,Cuantas Madres Llorando,Los Chunguitos,128.176,-5.013,172.72118,,,,,,,,,,,,
TRARWXF128F9353B37,So Different Blues,Mance Lipscomb,161.7,-10.173,181.39383,,,,,,,,,,,,
TRARWXH128F425D881,Buenos Aires (De Tus Amores),León Gieco,163.773,-7.657,302.2624,,,,,,,,,,,,
TRARWXU128F92EC637,Pépètes,Java,183.881,-6.997,304.16934,,,,,,,,,,,,
TRARWYE128F92E6C27,Opening,Harald Kloser / Thomas Wander / Thomas Schobel,119.787,-29.054,163.21261,,,,,,,,,,,,
TRARWYG128F424D766,Fire in the Hole,The Elders,151.726,-8.545,274.46812,,,,,,,,,,,,
TRARWYL128F423B96A,Lived My Life,Singing Melody,162.389,-6.513,235.7024,,,,,,,,,,,,
TRARXAN12903CBF286,Michelle (LP Version),Bela Fleck And The Flecktones,95.523,-15.806,309.91628,,,,,,,,,,,,
TRARXGB128F42927B0,Porque Nos Queremos,Los Chichos,100.232,-6.159,212.53179,,,,,,,,,,,,
TRARXIQ128F9354D9C,Since The Last Time,ARRESTED DEVELOPMENT,177.886,-6.25,218.06975,,,,,,,,,,,,
TRARXIT128F423DC97,Obvious ( LP Version ),Jane's Addiction,92.729,-7.938,355.63057,,,,,,,,,,,,
TRARXJJ128F1452983,Epaule tattoo (Live 1989),Étienne Daho,132.794,-8.534,288.49587,,,,,,,,,,,,
TRARXLM12903CC2306,Grustnaja,Markscheider Kunst,140.033,-7.381,222.64118,,,,,,,,,,,,
TRARXMV128F92F59C8,Frei zu sein,In Extremo,146.103,-6.44,260.5971,,,,,,,,,,,,
TRARXRH128F428927C,We´ve Only Just Begun,Bitty McLean,181.187,-11.313,246.46485,,,,,,,,,,,,
TRARXRL128F4278709,Christmas All The Time (Acoustic),Tom Cochrane,80.63,-11.938,204.14649,,,,,,,,,,,,
TRARXUA12903CE88EC,Grown & Sexy,DJ Omega,155.023,-10.629,203.31057,,,,,,,,,,,,
TRARXVP12903CF39FE,Role Model,Steel Pulse,156.084,-6.53,262.47791,,,,,,,,,,,,
TRARXXW128F4294FE1,Virtuosite Musette,Edouard Duleu,230.187,-8.031,130.06322,,,,,,,,,,,,
TRARYCL128F1456224,Tuesday Afternoon,The Moody Blues,115.514,-12.065,291.29098,,,,,,,,,,,,
TRARYDZ128F9355209,Rant Kanaria,Jope Ruonansuu,111.004,-10.321,211.25179,,,,,,,,,,,,
TRARYFU12903CAE834,Healing Power,Virgil Moorefield,123.004,-10.829,236.2771,,,,,,,,,,,,
TRARYHD128F9344512,Disco Trafiko,Trafik,127.984,-7.811,265.53424,,,,,,,,,,,,
TRARYKP128F9334BB1,Forever You Reign (Album),Nicole C. Mullen,124.228,-4.714,268.43383,,,,,,,,,,,,
TRARYPU128F42552CF,Tema Da Desilusão (Garota De Ipanema),Orquestra,104.752,-13.767,87.58812,,,,,,,,,,,,
TRARYQP12903CA18A4,As We Lay,Fiona,66.201,-6.18,228.10077,,,,,,,,,,,,
TRARYXL128F92F939E,The Anthem,Hatiras,131.999,-6.125,298.1873,,,,,,,,,,,,
TRARZBQ128F42649A6,No Pienses Asi,Eddie Palmieri,153.309,-17.886,266.50077,,,,,,,,,,,,
TRARZBR128F934715D,Amor a Medias,HA-ASH,136.945,-5.548,253.90975,,,,,,,,,,,,
TRARZBX12903CD70DA,Cavalleria Rusticana,William Orbit,131.281,-21.82,199.8624,,,,,,,,,,,,
TRARZFN128F42680B8,Washington Post (1998 Digital Remaster),Felix Slatkin/Concert Arts Symphonic Band,124.056,-15.019,151.17016,,,,,,,,,,,,
TRARZIV128F147AADB,Cavaleiro De Aruanda,Jongo Trio,144.581,-8.151,157.72689,,,,,,,,,,,,
TRARZKD128F425D64D,Forever,Chris Brown,85.322,-2.991,389.25016,,,,,,,,,,,,
TRARZMX128F4238B5A,TELL ME WHY,George Nooks,152.172,-7.398,221.90975,,,,,,,,,,,,
TRARZOS128F14A1E17,Czwarty,Energy,87.512,-5.941,310.9873,,,,,,,,,,,,
TRASAEN128F4266178,Manies Manigances,Maurane,130.993,-8.403,172.17261,,,,,,,,,,,,
TRASAFS12903CF10BD,Wings Of Love,Zagar feat. Underground Divas,130.002,-5.54,311.90159,,,,,,,,,,,,
TRASAGX128F4262E28,Hillbillies From Outerspace,The Vaughan Brothers,141.602,-13.324,222.64118,,,,,,,,,,,,
TRASAIC128F4269413,When We Dance,Mariano Yanani,85.024,-15.618,239.22893,,,,,,,,,,,,
TRASAIH128F931F567,Betrayal Is A Symptom,Thrice,114.179,-5.176,169.63873,,,,,,,,,,,,
TRASAKZ128F934A412,Catch Me,Nikki Fletcher / Tim Hughes / Various Artists,163.987,-6.493,219.16689,,,,,,,,,,,,
TRASAQI128F426EEA3,Simple Twist Of Fate,Bob Dylan,136.842,-13.776,257.61914,,,,,,,,,,,,
TRASARM12903D03718,Dream Baby Dream,Black Tambourine,131.388,-9.975,236.35546,,,,,,,,,,,,
TRASARO128F145E40F,My Mind's Eye,Small Faces,116.664,-7.124,121.73016,,,,,,,,,,,,
TRASAUN128F92E3427,Vanhapoika-Severi,Esa Pakarinen,156.32,-11.136,152.58077,,,,,,,,,,,,
TRASAVA128F9309D08,Fallin in Love Again,Ann Hampton Callaway,98.501,-18.854,212.84526,,,,,,,,,,,,
TRASAXZ128F9342D50,We Put It Down For Y'all (Explicit LP Version),Busta Rhymes,90.032,-8.975,209.60608,,,,,,,,,,,,
TRASBCH128F93369B6,Novakane Groove,Black Sheep,89.145,-5.531,248.37179,,,,,,,,,,,,
TRASBDT128F1470F0D,Spaniolandia,Dj Kun,199.955,-8.522,219.74159,,,,,,,,,,,,
TRASBFV128F1483E40,Ai Shi...,Sammi Cheng,104.25,-9.059,126.82404,,,,,,,,,,,,
TRASBME128F9302529,Facemelt,FSTZ,140.007,-12.597,280.58077,,,,,,,,,,,,
TRASBQL128F92F0777,Io Che Non Vivo Senza Te,Patrick Samson,116.243,-17.073,101.85098,,,,,,,,,,,,
TRASBSO128F1465A78,I'm Happy She Said,M83,90.264,-6.1,1071.882,,,,,,,,,,,,
TRASBTO128F931D070,Dai Wo Li Kai,Ken Chu,140.082,-6.923,281.93914,,,,,,,,,,,,
TRASBUV128F933904E,Here_ Swing_ Sing,Kooii,112.93,-10.775,391.00036,,,,,,,,,,,,
TRASBVE128F425F34E,Delirio,Rene Touzet,111.493,-16.034,198.922,,,,,,,,,,,,
TRASBVS12903CDB231,All Night Long (Instumental),Junior Kimbrough,83.706,-9.841,384.57424,,,,,,,,,,,,
TRASBVS12903CF4537,If I Ain't Got You,Alicia Keys,118.273,-8.414,231.18322,,,,,,,,,,,,
TRASBZK128F42692CA,Crimson Wave,Amorphis,108.039,-5.067,285.46567,,,,,,,,,,,,
TRASCAH128F147371F,Ballade Des Oiseaux De Croix,Michèle Arnaud,95.264,-13.828,122.27873,,,,,,,,,,,,
TRASCAU128E078FB37,What's Wrong,Lost Boyz,98.431,-11.657,250.27873,,,,,,,,,,,,
TRASCGS128F426C1AF,Outside The Law,Epitaph,141.192,-6.183,488.17587,,,,,,,,,,,,
TRASCMB128F422B871,Ninja Tattoo,Shanadoo,137.923,-4.594,200.88118,,,,,,,,,,,,
TRASCMU12903CF68BA,Common Ground,Moss,115.091,-9.09,484.62322,,,,,,,,,,,,
TRASCPM12903CFF389,The Dryad_ Op. 45_ No. 1,Pietari Inkinen,61.78,-27.284,344.73751,,,,,,,,,,,,
TRASCTM128F92F6F3A,Hold Me While I Cry,Irma Thomas,112.109,-14.526,205.29587,,,,,,,,,,,,
TRASCTT12903CEE207,Le mouton dans la baignoire,Michèle Bernard,85.435,-11.355,253.64853,,,,,,,,,,,,
TRASCUS12903CA4D22,Chiornie Debri Voini (The Black Abyss of War),Arkona,160.059,-7.255,266.65751,,,,,,,,,,,,
TRASCWR12903CCC575,Hear My Train A Comin',Jimi Hendrix,146.77,-8.239,449.74975,,,,,,,,,,,,
TRASCXA128F9323581,09:02,Aftermath,87.006,-4.605,376.89424,,,,,,,,,,,,
TRASCXB128F423D3E7,Runnin' Through The Jungle - Shootin' The Blues,Willy DeVille,141.999,-9.46,227.81342,,,,,,,,,,,,
TRASDGG128F933EDE2,On Independence Day,Anti-Flag,152.273,-5.829,171.59791,,,,,,,,,,,,
TRASDIH128F425B6CF,Krause seine Kreuzpolka,Polkaholix,118.892,-4.586,196.93669,,,,,,,,,,,,
TRASDMK128F4243937,Susan Said,David Tao,158.029,-6.966,261.74649,,,,,,,,,,,,
TRASDMZ128F14AE001,I Stand Here Forgiven,Scott Wesley Brown,170.064,-7.695,178.88608,,,,,,,,,,,,
TRASDOI128F1480E28,Emergency (Album Version),Paramore,167.971,-4.413,243.51302,,,,,,,,,,,,
TRASDON128F42AD04D,Como Nadie Te He Querido,Isabel Pantoja,98.739,-7.814,263.33995,,,,,,,,,,,,
TRASDPA128F1462AB8,English Dream (2002 Digital Remaster),Generation X,131.635,-5.341,299.80689,,,,,,,,,,,,
TRASDRJ128F428B1A7,Loving You Too Long,Billy Bragg,83.481,-7.339,173.50485,,,,,,,,,,,,
TRASDRQ128F92FF8A7,No One Ever Cared For Me Like Jesus,Ivan Parker,69.994,-16.498,176.09098,,,,,,,,,,,,
TRASDUS12903CA0686,Tragedy in Blue,DJ Harry,122.829,-6.573,299.98975,,,,,,,,,,,,
TRASDYA128F425E84F,Help Me,Chris Brown,89.966,-6.45,197.09342,,,,,,,,,,,,
TRASEAT12903CEF0B3,Ain't No Sunshine,Nestor Torres,150.028,-10.222,286.53669,,,,,,,,,,,,
TRASFAV128F93428A4,Rowena,Loudon Wainwright III,151.294,-12.464,152.13669,,,,,,,,,,,,
TRASFBL128EF34E274,Scandalon,Michael Card,99.644,-6.276,234.78812,,,,,,,,,,,,
TRASFDP12903CD475A,So Many Reasons,20/20,134.173,-8.458,206.81098,,,,,,,,,,,,
TRASFEI128F4269F12,Resolutions from The Long Day Closes,Carl Davis,56.083,-29.153,129.59302,,,,,,,,,,,,
TRASFIH128F92F35EF,Care,Sizzla,189.263,-8.683,168.56771,,,,,,,,,,,,
TRASFJS128F92FFC18,13 jours en France,Francis Lai,97.849,-14.942,243.43465,,,,,,,,,,,,
TRASFNK12903CF4195,Scandalous (Soul and R&B),Willie Clayton,90.963,-5.442,249.23383,,,,,,,,,,,,
TRASFNS128F145247D,Romantic Rights (Jesper Dahlback Remix),Death From Above 1979,91.879,-3.879,344.842,,,,,,,,,,,,
TRASFNT128F4265904,Outro,Tunsi,86.064,-9.592,71.31383,,,,,,,,,,,,
TRASFQT12903CAAF5C,Around The World,Roger Williams,110.232,-23.161,177.24036,,,,,,,,,,,,
TRASGBN128F42951D4,Itsy Bitsy Spider,Ian Moore,95.072,-8.204,151.09179,,,,,,,,,,,,
TRASGGA128F92E8BF8,15 Minutes Older,Sasha,94.08,-7.041,214.83057,,,,,,,,,,,,
TRASGGB128F428C911,Reginella,Rita Chiarelli,90.637,-15.268,261.04118,,,,,,,,,,,,
TRASGHI128F423A47E,Trust In Him (Remastered Version),The Clark Sisters,144.215,-11.869,416.70485,,,,,,,,,,,,
TRASGKC128F92F6EA4,Visions Of Death,089 Clique feat. Prophet,105.13,-10.444,174.602,,,,,,,,,,,,
TRASGKG128F426C7D3,Autoroute,Madilu System,140.08,-13.256,421.48526,,,,,,,,,,,,
TRASGKM128F42644C5,Street Crab,Helmet,141.165,-10.562,212.16608,,,,,,,,,,,,
TRASGLA128F147F4F6,All Or Nothing,Chris Eaton,100.771,-12.958,289.07057,,,,,,,,,,,,
TRASGLV128F42390CA,Saved (LP Version),Chris Rodriguez,135.984,-6.212,263.18322,,,,,,,,,,,,
TRASGMH128F14B04A3,Conscience (Album Version),James Darren,129.275,-7.766,153.25995,,,,,,,,,,,,
TRASGOE128F42328B4,Ojos Negros,Olga Tañon,120.01,-5.764,254.1971,,,,,,,,,,,,
TRASGQX128F932516C,Phone Booth,The Robert Cray Band,75.887,-8.039,278.54322,,,,,,,,,,,,
TRASGQY12903CBF407,La Coloreteada,El Tiempo,191.964,-8.368,200.04526,,,,,,,,,,,,
TRASGRC128F930D703,Fiddle Dee Dee - Original,Pee Wee Crayton,157.204,-17.032,168.25424,,,,,,,,,,,,
TRASGRP128F9338663,Corazón Contento,Palito Ortega,152.249,-7.264,156.96934,,,,,,,,,,,,
TRASGWZ128F4277B34,Cold Stares Of Dead Eyes_ The,Soul Embraced,166.281,-5.209,165.8771,,,,,,,,,,,,
TRASHAE128F933915A,Fish,Sportsguitar,142.192,-7.054,231.00036,,,,,,,,,,,,
TRASHBA128F424942D,Stranger,True Believers,125.177,-4.715,203.12771,,,,,,,,,,,,
TRASHIP128F428FC4B,Children Of The Revolution,Killers,128.951,-4.294,218.8273,,,,,,,,,,,,
TRASHPV128F4281CB1,Meet Me In The Bathroom,The Strokes,93.315,-3.994,177.18812,,,,,,,,,,,,
TRASHSN12903CA9E34,Wait Til You See My Smile,Alicia Keys,119.959,-9.736,240.22159,,,,,,,,,,,,
TRASHYD128F93119EE,CHOKECHAIN (Amended Album Version),3OH!3,145.88,-4.806,211.66975,,,,,,,,,,,,
TRASHYS128F427CD96,Don't Laugh,Charlie Louvin,108.873,-16.584,142.99383,,,,,,,,,,,,
TRASHZB128E0791E81,One Woman Man,Dave Hollister,91.003,-7.493,271.62077,,,,,,,,,,,,
TRASIDP128F428ECD1,Can You Hear The Angels,Virtue,165.152,-8.284,223.05914,,,,,,,,,,,,
TRASIJO128F4258025,Pass The Puck,Two Man Advantage,85.804,-5.124,30.01424,,,,,,,,,,,,
TRASIKP128F423EED7,La Photo,Basement Jaxx,126.8,-8.325,240.01261,,,,,,,,,,,,
TRASIKR128F9308AD7,No Me Acuerdo,Alejandro Lerner,89.923,-9.317,247.97995,,,,,,,,,,,,
TRASITK128F92F346F,Die Tür die zum Glück führt,Franco,126.037,-13.319,220.47302,,,,,,,,,,,,
TRASIVA128F933DB52,In My Life,Boyz II Men,94.921,-10.338,151.58812,,,,,,,,,,,,
TRASIWA12903CFFC4D,Get A Straw,Lady Saw,86.535,-10.006,207.12444,,,,,,,,,,,,
TRASIWH128F4234005,Gotta Mind To Travel,Coco Montoya,155.577,-5.67,233.482,,,,,,,,,,,,
TRASJAY12903CB26CE,Rock Bottom / Shoot Shoot,UFO,142.981,-13.093,695.03955,,,,,,,,,,,,
TRASJCQ128F932D0BE,Club Tropicana,Los Del Sol,116.878,-6.72,232.202,,,,,,,,,,,,
TRASJHN128F421E3F1,Drop Sacrifice,Liquid Stranger,136.936,-11.727,249.49506,,,,,,,,,,,,
TRASJIY128F149998B,This Is Why I'm Hot (The Original) (Single Version) (Edited),MIMS,159.989,-4.376,258.92526,,,,,,,,,,,,
TRASJMP12903CB26E8,I'll Be Your Light (Ian Nieman Remix),Kristine W.,132.049,-5.253,533.89016,,,,,,,,,,,,
TRASJMT128F9314118,Minha Namorada,Vinícius de Moraes,62.776,-17.669,243.53914,,,,,,,,,,,,
TRASJND128F423587C,Got To Let You Go,Kim Wilson,163.085,-11.96,555.54567,,,,,,,,,,,,
TRASJND128F427F993,Turn It Up,Jamie Richards,115.079,-7.183,269.84444,,,,,,,,,,,,
TRASJNR128F14795F7,Welcome 2 Detroit,Trick Trick / Eminem,91.101,-5.113,263.00036,,,,,,,,,,,,
TRASJRH12903CF2689,Incide,Dark Fortress,152.6,-14.148,320.44363,,,,,,,,,,,,
TRASKBC128F9305D7D,Estate,Eldar,75.115,-22.737,379.19302,,,,,,,,,,,,
TRASKHI12903CC8F27,Head Butt Da Deck,Silkie Ft. Harry Craze,140.02,-8.678,365.76608,,,,,,,,,,,,
TRASKII128F92FA33E,Whatever Lies Will Help You Rest,The Ataris,151.949,-5.038,212.89751,,,,,,,,,,,,
TRASKIQ128F14684FF,The Wild Ones (1996 Digital Remaster),Lou Busch,138.079,-11.776,147.30404,,,,,,,,,,,,
TRASKLF128F42946DE,Alovi,Stefon Harris,131.936,-14.43,326.60853,,,,,,,,,,,,
TRASKOZ128F42ADA15,Cuando Calienta El Sol,Pablo Montero,96.107,-7.006,187.14077,,,,,,,,,,,,
TRASKRI12903CE2A7A,Healing of All Nations,Yami Bolo,139.037,-7.919,214.30812,,,,,,,,,,,,
TRASKSG12903CDA87C,Guarare,Ray Barretto,138.367,-6.39,335.22893,,,,,,,,,,,,
TRASKUE128F1478ECF,Joy In The Journey (The Final Word Album Version),Michael Card,115.407,-10.156,181.91628,,,,,,,,,,,,
TRASKVG12903CB6730,Indiscreet,Roger Williams,103.465,-15.89,175.98649,,,,,,,,,,,,
TRASKYR128F930A576,Downstream,Broadcast,138.986,-28.138,179.30404,,,,,,,,,,,,
TRASLGT12903CDFC6C,love shelter,Sundial Aeon,90.009,-11.791,459.93751,,,,,,,,,,,,
TRASLHI128EF343C84,Bridge To Canada,Noisettes,119.501,-2.912,205.06077,,,,,,,,,,,,
TRASLLI128EF359219,Watt's Cradle Song,The American Boychoir,72.788,-27.115,329.03791,,,,,,,,,,,,
TRASLMY128E0782D6A,Moss Garden (1999 Digital Remaster),David Bowie,221.658,-16.599,305.05751,,,,,,,,,,,,
TRASLTD128F92F9E1F,Terry's Theme from Limelight,Frank Chacksfield,69.782,-17.089,140.43383,,,,,,,,,,,,
TRASLUV128F423DA7B,A Stepmother's Curse,Anne Dudley,137.699,-18.995,184.39791,,,,,,,,,,,,
TRASLVK128F935046C,La Excepcion,Gustavo Cerati,125.987,-4.576,251.66322,,,,,,,,,,,,
TRASLVU128F933B160,Mile High and Risin',Roger Clyne & The Peacemakers,149.01,-5.029,170.81424,,,,,,,,,,,,
TRASLWL12903CA752D,Deep Into The Day,Zuma,119.95,-6.354,231.00036,,,,,,,,,,,,
TRASMER128F4272C1D,2 Minutos,2 Minutos,168.231,-1.674,83.12118,,,,,,,,,,,,
TRASMFP128F427FFA8,Band Intro/ Pila Song Intro,Max Stalling,107.597,-12.316,37.77261,,,,,,,,,,,,
TRASMUR128F42775D6,Adnans,Orbital,101.99,-10.893,521.56036,,,,,,,,,,,,
TRASMVX128F931AC3C,Test Of The Terrarium,Robin Beanland,120.02,-18.002,140.7473,,,,,,,,,,,,
TRASMWP128F92CE9CE,I Can't Break Away,Sam Baker,145.525,-15.6,141.84444,,,,,,,,,,,,
TRASMYK12903CAA1B7,Southbound Blues,John Hammond,92.122,-13.253,201.92608,,,,,,,,,,,,
TRASNDA12903CB1B4B,16 MM Dream,Jeremy Fisher,111.915,-6.843,257.64526,,,,,,,,,,,,
TRASNDM128F92E17E7,Long Way Home,Ginny Owens,120.168,-12.102,256.39138,,,,,,,,,,,,
TRASNIH128F931C0AB,It's You (Thinking of you),Sin Plomo,126.007,-9.532,496.63955,,,,,,,,,,,,
TRASNJX128F4230E5E,Tania,Fruko Y Sus Tesos,103.198,-8.436,223.60771,,,,,,,,,,,,
TRASNKG12903CFD2CB,In My Mind (Remix),Play,138.443,-12.816,289.2273,,,,,,,,,,,,
TRASNLH128F421FFEC,Binaural Presentation - Process And Passion_ Pt. 4,Roger Reynolds,43.685,-21.601,158.1971,,,,,,,,,,,,
TRASNMK12903CB95E7,Nuttin' 2 Somethin',T-Bone,98.01,-6.82,223.89506,,,,,,,,,,,,
TRASNOA128F424EBDD,Fen Shou Yao Hen,Kary Ng,99.605,-8.882,209.47546,,,,,,,,,,,,
TRASNOR128F422BCDC,Piel Canela (Alternate Mix),Bobby Capo,114.962,-13.352,167.13098,,,,,,,,,,,,
TRASNOT128E0791785,Gone To The Movies,Semisonic,97.995,-10.185,232.25424,,,,,,,,,,,,
TRASNPV128F92F9771,Visão,Nana Caymmi,103.341,-14.095,173.87057,,,,,,,,,,,,
TRASNRV128F931AE2E,Sin,Nine Inch Nails,85.599,-10.149,242.96444,,,,,,,,,,,,
TRASNTF128F426C3E6,Careless Talk,Angelo Badalamenti / Patrick Wolf,93.778,-15.152,124.83873,,,,,,,,,,,,
TRASNWT128F1489C28,Hello_ How Ya Been? Goodbye  (LP Version),Guitar Slim,104.98,-13.25,142.81098,,,,,,,,,,,,
TRASOCX128F4271AB9,Spann's Boogie,Otis Spann,162.683,-25.654,134.89587,,,,,,,,,,,,
TRASODE128F930F19A,I'll Be Here in the Morning,Kate Maki,149.587,-15.783,177.52771,,,,,,,,,,,,
TRASOEA128F934BF50,Sin Ti,Yuridia,133.979,-7.112,213.02812,,,,,,,,,,,,
TRASOFS128F4243346,Fly High Michelle,Enuff Z 'Nuff,90.459,-4.437,277.28934,,,,,,,,,,,,
TRASOHB128F92D88B6,Caja De Cerillas,Johannes Linstead,179.978,-8.577,298.10893,,,,,,,,,,,,
TRASOHG128F4287A68,The Arms That Won't Let Go (The Pillow Song)/Great Is Thy Faithfulness,Al Denson,135.968,-9.104,297.58649,,,,,,,,,,,,
TRASOHJ128F42512B1,Ronde Lune,Le Vangle,151.311,-4.667,258.2722,,,,,,,,,,,,
TRASONX128F429BE8C,Pottajenkka,Elakelaiset,131.868,-13.231,218.27873,,,,,,,,,,,,
TRASOPN128F9316701,Locust Reign (Live in California),Converge,133.549,-3.83,99.99628,,,,,,,,,,,,
TRASOQC12903CFFED7,Intensity In Ten Cities,Embrace the End,231.851,-3.402,247.48363,,,,,,,,,,,,
TRASOQQ128F14A7968,Uniform (Scripka Mix),Inspiral Carpets,131.875,-12.166,230.5824,,,,,,,,,,,,
TRASOQY128F92FEC9F,En La Soledad,Tito Rodriguez,88.765,-15.649,222.98077,,,,,,,,,,,,
TRASOTO128F9325223,Windpower (2009 Digital Remaster),Thomas Dolby,128.47,-11.591,259.18649,,,,,,,,,,,,
TRASOUI128E078F152,Anyway_ Anyhow_ Anywhere,The Who,140.66,-8.302,169.66485,,,,,,,,,,,,
TRASOVL128F427F7AB,Ne Reste Que L'Amour (Only Love),Line Renaud,76.222,-13.47,207.04608,,,,,,,,,,,,
TRASOWA128F427A1B6,Verano traidor,Vilma Palma e Vampiros,102.129,-7.202,411.97669,,,,,,,,,,,,
TRASPAO12903CEAF4C,Let It Rain,Roberto Roena,99.494,-8.404,177.31873,,,,,,,,,,,,
TRASPAS128E078DFB3,Smile Jamaica,Bob Marley & The Wailers,146.581,-8.252,307.61751,,,,,,,,,,,,
TRASPBJ128F14A9F56,Schwarzarbeit,Geier Sturzflug,116.032,-4.533,214.20363,,,,,,,,,,,,
TRASPBY12903CF2BC9,The Burden of Hope,Jars Of Clay,38.416,-17.231,113.21424,,,,,,,,,,,,
TRASPCN128F92DE67E,Catholic Knees (Album Version),Taking Back Sunday,131.018,-3.566,168.25424,,,,,,,,,,,,
TRASPDG128F1489FAF,Seven (Album),Cinder,116.064,-4.183,167.18322,,,,,,,,,,,,
TRASPQA128F4273D22,Que Arribi L'Estiu,Dijous Paella,103.991,-5.198,253.93587,,,,,,,,,,,,
TRASPTN128F14B0EF2,Intro 2/ Kick Out The Jams (LP Version),MC5,145.514,-10.219,172.30322,,,,,,,,,,,,
TRASPVN128F4258C62,Forgiveness (Love Life Album Version),Charlie Peacock,132.758,-10.813,295.20934,,,,,,,,,,,,
TRASPVQ128EF35454C,Recept,SAF,78.033,-10.467,274.41587,,,,,,,,,,,,
TRASPVS128F92F6EA3,M-Town 2 M-Town,089 Clique feat. Minnesota Snipe & Skinny Cueball,160.159,-7.765,213.68118,,,,,,,,,,,,
TRASPXS128F426A1C0,Cocotaso featuring Tony Touch,Beatnuts featuring Tony Touch,161.739,-10.383,135.13098,,,,,,,,,,,,
TRASPZN128F92D278C,Angel Band,Porter Wagoner,136.129,-14.761,152.34567,,,,,,,,,,,,
TRASPZQ128F933BBDA,Grand-mère,Les Ogres De Barback,182.376,-7.467,221.3873,,,,,,,,,,,,
TRASQBA128F427B273,The Sukkubus Lustrate,Belphegor,120.026,-1.493,178.15465,,,,,,,,,,,,
TRASQCW12903CA07D9,See My Friends,Ray Davies,106.895,-15.646,222.79791,,,,,,,,,,,,
TRASQED12903CBAD54,I'll Take A Melody,John Holt,165.183,-16.582,225.07057,,,,,,,,,,,,
TRASQFY128F147B760,Love That Jazz (Basements Boys Album Vers),Kim English,125.008,-6.735,198.73914,,,,,,,,,,,,
TRASQHA128F4280A1D,The Attitude Song,Steve Vai,116.055,-5.185,693.57669,,,,,,,,,,,,
TRASQIB128F426693D,Ain't It Funny,Jennifer Lopez,99.831,-4.821,246.20363,,,,,,,,,,,,
TRASQLJ128F4288DD0,Fire and Ice,Outerspace,96.716,-4.974,242.78159,,,,,,,,,,,,
TRASQRN128F1464712,Jake,J. Peter Robinson,159.973,-17.319,161.59302,,,,,,,,,,,,
TRASRBB128F42AFD5C,Wish,Brian Littrell,98.937,-6.288,236.45995,,,,,,,,,,,,
TRASRBM128F9304F43,The Vine,Mr.De',130.002,-11.429,246.72608,,,,,,,,,,,,
TRASRBP12903CA768B,Idaho Red,Wade Ray,171.527,-9.713,135.78404,,,,,,,,,,,,
TRASRJQ128F9335405,America the Beautiful,Jay Pérez,119.949,-9.059,156.47302,,,,,,,,,,,,
TRASRJY128F146AB74,Standing On The Promises (Palmore) (Beyond The Veil Album Version),Daryl Coley,85.563,-8.078,352.88771,,,,,,,,,,,,
TRASRMQ128F9355A5B,Promised Land,Boogie Pimps Feat. Steve Brookstein,83.345,-5.094,322.53342,,,,,,,,,,,,
TRASRNM128F92E1C70,Baby I Need Your Loving,Delroy Wilson,136.032,-10.091,150.36036,,,,,,,,,,,,
TRASRRC128F93318B2,Big Fella,Fuzz,110.106,-4.127,168.85506,,,,,,,,,,,,
TRASRRW128F9325663,The Yellow Rose Of Texas (From Giants),Orlando Pops Orchestra,102.04,-15.817,265.82159,,,,,,,,,,,,
TRASRTM128F42892D2,Tunnel Vision,Finest Dearest,84.679,-7.21,294.00771,,,,,,,,,,,,
TRASRVD128F933624A,Me Falta El Aliento,Estopa,170.739,-4.872,226.5073,,,,,,,,,,,,
TRASRXK128F9311176,Fake Tales Of San Francisco,Arctic Monkeys,127.294,-4.385,177.94567,,,,,,,,,,,,
TRASRXQ128F92F8CF1,First Kiss,David Arkenstone,73.162,-19.834,205.11302,,,,,,,,,,,,
TRASRYK128F4249EA1,Bajo Un Palmar,Barbarito Diez,121.658,-9.604,176.69179,,,,,,,,,,,,
TRASSFI128F92E2743,Stormy Weather,Quincy Jones,72.117,-12.182,196.04853,,,,,,,,,,,,
TRASSHI128F93616CB,Les choses,Edgar Bori,116.139,-14.606,309.002,,,,,,,,,,,,
TRASSJE128F427927A,Zero M2,Benga,139.994,-11.357,233.16853,,,,,,,,,,,,
TRASSMF128F93394B9,Un Tout Petit Pantin,André Verchuren,132.586,-6.527,132.38812,,,,,,,,,,,,
TRASSPH12903C97583,Maria ( From The Sound Of Music),London Theatre Orchestra,75.768,-15.798,160.70485,,,,,,,,,,,,
TRASSXN128F4261DF1,Las Cadenas(Live) (2005 re-mastering) (Live),Selena,197.352,-8.936,99.57832,,,,,,,,,,,,
TRASSZI128F146EC5F,In My Arms,Snow Patrol,84.595,-5.098,276.68853,,,,,,,,,,,,
TRASSZL128F428FA5D,Celos,Obie Bermudez,109.23,-7.209,220.78649,,,,,,,,,,,,
TRASTBP128F429755E,Kopla ja kummisetä,Irwin Goodman,184.154,-7.57,184.5024,,,,,,,,,,,,
TRASTBU12903CC3EA8,Esto Es Real,Baby Rasta & Gringo,192.013,-8.441,219.95057,,,,,,,,,,,,
TRASTGT12903CDD457,The Mist,Kitaro,104.323,-20.911,428.72118,,,,,,,,,,,,
TRASTIS128F92FA998,Dawn,Eri Esittäjiä,91.928,-26.312,158.58893,,,,,,,,,,,,
TRASTKB128F92F6AE7,Dear Death Part 2,Emery,175.911,-3.122,186.51383,,,,,,,,,,,,
TRASTLC128F931603A,La paix des étoiles,Alexis HK,109.024,-12.489,202.94485,,,,,,,,,,,,
TRASTLO128F42683EB,Gangster Of Love,Pretty Boy Floyd,97.395,-10.844,219.24526,,,,,,,,,,,,
TRASTMM12903CBEF91,Pon De Floor,Major Lazer / Vybz Kartel / Afrojack,84.525,-7.098,187.0624,,,,,,,,,,,,
TRASTMN12903CF98DB,Rubies_ Pearls_ And Emeralds,Tin Hat Trio,167.915,-14.188,292.04853,,,,,,,,,,,,
TRASTOM12903CBE8A6,Hammer & a Stone,Seven Mary Three,140.666,-13.852,283.16689,,,,,,,,,,,,
TRASTRY12903CB4B0A,Sweet Disposition,The Temper Trap,128.962,-5.126,232.75057,,,,,,,,,,,,
TRASTZG128F9329213,Dad Apologizes,John Debney,110.464,-25.671,193.51465,,,,,,,,,,,,
TRASTZP12903CDF4AB,Rollercoasting,Helen Love,99.809,-11.943,174.602,,,,,,,,,,,,
TRASTZY128F145B055,Livin' Above Your Head,Jay & The Americans,124.521,-10.935,174.68036,,,,,,,,,,,,
TRASUAV128F4266114,Know Your Friends,Tanto Metro & Devonte,180.132,-10.69,221.23057,,,,,,,,,,,,
TRASUBB12903CE6546,Valokeilojen vampyyri,Indica,183.897,-4.27,210.49424,,,,,,,,,,,,
TRASUDV128F42B86FB,Perfect Motion,Sunscreem,125.055,-9.59,590.15791,,,,,,,,,,,,
TRASUFQ128F92F8449,Balanséy lala (featuring Tanya St Val) (feat. Tanya Saint-Val),Dédé Saint-Prix,111.959,-9.493,310.83057,,,,,,,,,,,,
TRASUHM128F4249D21,In The Sweet By And By,Deborah Allen,89.972,-15.581,172.48608,,,,,,,,,,,,
TRASUIZ12903CA4ACE,Dash Way Belly,Kiprich,176.022,-6.734,188.99546,,,,,,,,,,,,
TRASUJK128E0789C12,Speed Of Sound (Live),Coldplay,122.94,-5.367,285.04771,,,,,,,,,,,,
TRASUKM128F422AA6F,I'se Just A Bad Luck Man,Casey Bill Weldon,88.154,-17.7,202.78812,,,,,,,,,,,,
TRASUPL128F9353B61,Destino Ingrato,Carmen Y Laura,85.216,-10.274,174.70649,,,,,,,,,,,,
TRASUTG128F935A445,Container,Kaizers Orchestra,137.766,-4.894,139.88526,,,,,,,,,,,,
TRASUTO12903CD5E07,Un jour au Cirque: Two Blind Loves,The Marx Brothers,81.035,-11.371,142.94159,,,,,,,,,,,,
TRASUUO12903CE3720,We Sleep Forever [Live],Aiden,138.417,-7.215,281.46893,,,,,,,,,,,,
TRASUVR128F14956C8,All American Boy,Grandpa Jones,177.752,-11.868,159.60771,,,,,,,,,,,,
TRASVHD128F1465963,The One,Miguel Migs,104.988,-6.308,284.60363,,,,,,,,,,,,
TRASVHR12903CD01C9,Karottensaft,Protein,126.011,-15.299,214.09914,,,,,,,,,,,,
TRASVHW128F92E3A4B,Ruby Marlowe,Schizoid,96.366,-17.838,260.23138,,,,,,,,,,,,
TRASVIN128EF35C023,I Saw Three Ships,Kevin Max,114.209,-11.333,113.00526,,,,,,,,,,,,
TRASVJJ128F424BEDF,Chim Chim Cheree,Charlie Byrd,82.039,-17.502,471.43138,,,,,,,,,,,,
TRASVKL128F931652A,One More Chance,Bloc Party,127.154,-6.78,166.26893,,,,,,,,,,,,
TRASVNS128E07855BF,Have Yourself A Merry Little Christmas (LP Version),George Huff,183.205,-11.08,249.49506,,,,,,,,,,,,
TRASVOH12903CCDC0B,Hey Daddy (Daddy's Home),Usher,95.998,-4.328,224.10404,,,,,,,,,,,,
TRASVRH128F14AC24A,Four,Midge Ure,97.982,-4.727,287.52934,,,,,,,,,,,,
TRASVWF12903CF0A99,Stand Up and Praise Him,Vickie Winans,113.894,-8.375,299.36281,,,,,,,,,,,,
TRASVXI12903CF98CD,Willow Weep For Me (With Willie Nelson),Tin Hat Trio,91.681,-12.614,276.58404,,,,,,,,,,,,
TRASVXM128F934792B,Big Bottom,Spinal Tap,112.06,-7.643,218.20036,,,,,,,,,,,,
TRASVZZ128EF35EB69,Al Doilea Om,Negura Bunget,127.719,-19.586,123.66322,,,,,,,,,,,,
TRASWAT128F93369E7,Govinda,Atman,125.374,-8.595,394.86649,,,,,,,,,,,,
TRASWEK12903CB8417,Hidden Documents,Alexandre Desplat,91.954,-30.18,128.62649,,,,,,,,,,,,
TRASWFP128E0789E6C,Al Svartr (The Oath),Emperor,116.171,-11.164,258.35057,,,,,,,,,,,,
TRASWIV128E0788A84,Real Love,The Smashing Pumpkins,152.999,-4.673,249.62567,,,,,,,,,,,,
TRASWKJ128E0792FE7,Flaming Red,Patty Griffin,124.794,-6.376,134.05995,,,,,,,,,,,,
TRASWPD128F42B4F7B,We Ride,Rihanna,99.989,-6.131,237.87057,,,,,,,,,,,,
TRASWQE128F146C987,New Pin (edit),Oceansize,118.049,-8.08,249.93914,,,,,,,,,,,,
TRASWSO12903CBE857,Pray (Instrumental Version),Head Horny's,148.14,-9.405,392.56771,,,,,,,,,,,,
TRASWST12903CDDB62,Tout moun sou do,Daan Junior,96.005,-5.366,413.49179,,,,,,,,,,,,
TRASWSV128F92F0E7E,This Train,The Winans,105.99,-8.071,238.65424,,,,,,,,,,,,
TRASWVM12903CA5601,Million Gal,Beenie Man,95.697,-9.708,200.09751,,,,,,,,,,,,
TRASXEL128F93499DF,Love Is Just Around The Corner (1996 Digital Remaster),Jackie Davis,134.3,-16.422,166.39955,,,,,,,,,,,,
TRASXGY128F92C9FC1,Mi Musica Es Para Ti - Original,Johnny Pacheco,116.862,-13.266,183.35302,,,,,,,,,,,,
TRASXHB128F933D3BD,They Came To Boston,Mighty Mighty Bosstones,205.559,-9.944,211.33016,,,,,,,,,,,,
TRASXMX12903CBC0D4,My Jesus_ I Love Thee,Glad,52.464,-16.705,211.69587,,,,,,,,,,,,
TRASXOT12903CBFF5A,Strangers In The Night,Orlando Pops Orchestra,80.188,-11.954,207.67302,,,,,,,,,,,,
TRASXOW12903CB7528,Two Heads One Pillow,Gerald Clayton,95.938,-14.153,384.15628,,,,,,,,,,,,
TRASXPE12903CBE1D2,Nie Wieder (Live Version),Pyranja,68.86,-5.907,167.54893,,,,,,,,,,,,
TRASXSI128F9345EA2,Sanctuary,Sick Of It All,196.327,-3.904,109.00853,,,,,,,,,,,,
TRASXUR12903CF8860,Saints & Sinners,Van Gelder,209.752,-7.234,474.61832,,,,,,,,,,,,
TRASXXQ128F92E3EED,Pehle To Kabhi Gham Tha,Naseebo Lal,88.014,-12.411,398.0273,,,,,,,,,,,,
TRASXYB128F428DFF3,World Of Vibrations (Album Version),Blackalicious,116.682,-7.625,302.94159,,,,,,,,,,,,
TRASXYW128F92FCD52,Mary's Boy Child,John Davis & Emma Doyle,120.026,-13.751,184.86812,,,,,,,,,,,,
TRASXZE128F427F156,Smile,Heavenly,69.965,-8.339,234.60526,,,,,,,,,,,,
TRASYBF128F4249F28,Guaguanco Raro,Richie Ray & Bobby Cruz,105.75,-7.616,418.53342,,,,,,,,,,,,
TRASYDM128F421A907,God Rest Ye Merry Gentlemen,Hot Club Of Detroit,124.122,-18.226,371.04281,,,,,,,,,,,,
TRASYEF12903CA52A8,The Tennessee Waltz,The Fontane Sisters,86.464,-12.442,149.99465,,,,,,,,,,,,
TRASYIH12903D08529,State of Emergency,Nick Jonas & The Administration,92.105,-4.38,214.72608,,,,,,,,,,,,
TRASYJN128F92FF293,Contours,Jeff Johnson,42.486,-15.382,433.97179,,,,,,,,,,,,
TRASYLH12903CAEFB0,Ømhet,Mons Leidvin Takle,168.106,-17.204,162.82077,,,,,,,,,,,,
TRASYLN128F14AB9B9,Aberdeen Blues,Bukka White,101.772,-14.166,150.04689,,,,,,,,,,,,
TRASYLV128E0794878,Is It Love,Gang Of Four,117,-17.763,273.99791,,,,,,,,,,,,
TRASYQN128F9309915,Ordinary Lives,Peter Hunnigale,168.049,-7.103,228.10077,,,,,,,,,,,,
TRASYQQ128F425092B,Mr. Brightside (Jacques Lu Cont's Thin White Duke Mix),The Killers,134.02,-8.361,527.98649,,,,,,,,,,,,
TRASYSY128F92F39F5,Group Sex,Circle Jerks,162.384,-8.562,63.52934,,,,,,,,,,,,
TRASYTJ128F92FF867,Jezebel,Barbara Fairchild,149.748,-9.735,216.39791,,,,,,,,,,,,
TRASYVP12903D09590,Breathe Me In,Candlebox,130.35,-5.968,312.842,,,,,,,,,,,,
TRASYVY128F4254487,Sugar Daddy,Tyrone Davis,93.734,-9.522,247.77098,,,,,,,,,,,,
TRASYWM128F14804A5,Said You'd Be,The Panic Channel,143.224,-2.648,153.25995,,,,,,,,,,,,
TRASYZS128F4275671,Precious Lord_ Take My Hand,Jo-El Sonnier,138.279,-8.52,214.282,,,,,,,,,,,,
TRASZAC128F424A5FB,Livin' Lovin' Wreck,Jimmy Page_ John Paul Jones_ Albert Lee_ Nicky Hopkins_ Big Jim Sullivan_ Clem Cattini_ Chris Hughes,175.154,-12.176,131.34322,,,,,,,,,,,,
TRASZAS128F427CC7F,Flamingos,Michael Whalen,180.825,-23.212,95.11138,,,,,,,,,,,,
TRASZCV128F42569C7,Little Silver Bells,Elton Britt,139.56,-13.616,132.85832,,,,,,,,,,,,
TRASZDW128F4269894,Under Attack,Ice,119.981,-7.464,213.02812,,,,,,,,,,,,
TRASZIA128F4252D8E,Off The Record,Jean Fauque,112.015,-13.528,219.01016,,,,,,,,,,,,
TRASZIF128F42542A1,You Hit The Nail On The Head,"Bobby ""Blue"" Bland",90.102,-9.64,346.8273,,,,,,,,,,,,
TRASZML128F42358CD,Prequel To The Sequel (Album Version),Between The Buried And Me,132.949,-5.954,516.62322,,,,,,,,,,,,
TRASZOF12903CBD87C,Gosto de Você Demais,Reginaldo Bessa,102.043,-12.509,97.98485,,,,,,,,,,,,
TRASZPM128F425A17C,Drifting Away,Faithless,125.063,-7.387,247.14404,,,,,,,,,,,,
TRASZQB12903CAAE1B,Rock The Night,Hellsongs,124.981,-13.959,272.14322,,,,,,,,,,,,
TRASZQZ128F424B2FE,Fried Neckbones And Home Fries,Santana,118.444,-8.814,637.43955,,,,,,,,,,,,
TRASZSF128F428B8F3,(I'm So) Afraid Of Losing You Again,Charley Pride,98.824,-12.169,188.02893,,,,,,,,,,,,
TRASZUN128F148B165,Duck And Run,3 Doors Down,85.787,-3.863,278.90893,,,,,,,,,,,,
TRASZVC128F1485291,The Heavenly Place,THE CHIFFONS,88.675,-9.206,143.882,,,,,,,,,,,,
TRASZWP128F426730E,Likambo,Kékélé,111.997,-11.008,219.8722,,,,,,,,,,,,
TRATAEF12903CFF444,Please Baby Blues,Little Junior Parker,80.498,-6.506,160.78322,,,,,,,,,,,,
TRATAFP128F423F8DD,Cry Of The Earth,Cybertribe,160.011,-12.068,387.97016,,,,,,,,,,,,
TRATAGC12903CDCE67,I Versus I,Seventh Star,114.594,-4.684,184.842,,,,,,,,,,,,
TRATAGT128F42807AF,A Crow Left Of The Murder,Incubus,88.753,-5.606,227.73506,,,,,,,,,,,,
TRATAIB128F92E81CB,Moisture,Dishwalla,183.662,-6.676,540.42077,,,,,,,,,,,,
TRATAMG12903CE335E,Shitzzo,Marco Polo,126.927,-9.689,403.85261,,,,,,,,,,,,
TRATAMJ12903CA7BA9,Stack and Pile,Beenie Man,69.594,-3.669,201.97832,,,,,,,,,,,,
TRATAQC128F4269549,I Still Haven't Found What I'm Looking For,Mariano Yanani,96.962,-13.943,180.00934,,,,,,,,,,,,
TRATAQD128F421F867,Dark Flashes,Brian Keane,100.16,-18.812,216.05832,,,,,,,,,,,,
TRATAQT128F9300166,Ek Pardesi Di ,Naseebo Lal,168.039,-12.197,518.81751,,,,,,,,,,,,
TRATARQ128F932BD75,Ice Cream Cone,Laurie Berkner,82.585,-16.895,169.37751,,,,,,,,,,,,
TRATAWT128F426B753,Wonderland,Robin Fox,140.021,-7.785,515.65669,,,,,,,,,,,,
TRATAZV128F425A410,Goody Two Shoes,Adam Ant,95.7,-3.402,202.97098,,,,,,,,,,,,
TRATBAU128F92FB282,Telecommunication,Statues,155.958,-8.475,130.35057,,,,,,,,,,,,
TRATBFX128F4221186,Borin Fuckin Town,Rusted Shut,102.072,-10.374,296.80281,,,,,,,,,,,,
TRATBGP128F1482545,Olive Oil,Happy Mondays,129.282,-13.229,156.682,,,,,,,,,,,,
TRATBLI128F92F78F8,St. Patrick's Day,John Mayer,126.711,-7.04,321.09669,,,,,,,,,,,,
TRATBMJ12903CB2D45,Assis par terre,Pascal Sangla,89.977,-10.621,333.76608,,,,,,,,,,,,
TRATBMN12903CC4BAE,"Agrippina : Act 3 ""Bel piacere è godere fido amor!"" [Poppea]",Marilyn Horne,95.469,-23.045,144.06485,,,,,,,,,,,,
TRATBNG128F92CADA8,Llamado De Emergencia,Daddy Yankee,195.985,-4.335,239.882,,,,,,,,,,,,
TRATBNY128F1485A4A,He'll Deliver Me,Janet Paschal,105.994,-7.104,219.92444,,,,,,,,,,,,
TRATBQM128F146DD5B,Don't Go Breaking My Heart (LP Version),Sergio Mendes,130.892,-13.205,152.29342,,,,,,,,,,,,
TRATBRJ12903D06127,Million Miles,Blue Rodeo,99.644,-8.249,543.97342,,,,,,,,,,,,
TRATBRK12903CAF9AF,She's On That Revivalism,John Brown,108.176,-3.682,107.49342,,,,,,,,,,,,
TRATBVA128F9312ACC,I Don't Want To Let You Go,Weezer,122.852,-10.571,228.44036,,,,,,,,,,,,
TRATBWU128F92CC612,Aff E'chad (Nobody) (Live),Hadag Nahash,187.893,-3.956,216.92036,,,,,,,,,,,,
TRATBWX128F427D343,At The Movies (1991 Digital Remaster),Bad Brains,127.157,-9.233,136.38485,,,,,,,,,,,,
TRATBXO128F1466466,Check It (Explicit),Lords Of The Underground,99.058,-8.611,264.69832,,,,,,,,,,,,
TRATBYD128F92CE21A,Into The Mouth Of Hell We March [Explicit],Trivium,141.813,-3.18,352.02567,,,,,,,,,,,,
TRATCAZ128F4284985,Sweet Love,Mary Black,42.75,-12.67,310.20363,,,,,,,,,,,,
TRATCDG128F932B4D2,Black Market Hell,Aiden,0,-7.192,759.09179,,,,,,,,,,,,
TRATCDP12903CB0432,A Word From Deacon Jones [A Local Cable Access Ministry] (LP Version),Mark Lowry,77.069,-14.848,60.31628,,,,,,,,,,,,
TRATCIW128F4266325,Rainbow Jungle (Dub / Instrumental Reggae Music),Mikey Dread,145.618,-14.883,159.99955,,,,,,,,,,,,
TRATCLI128F422BCF8,Wind Beneath My Wings,RyanDan,142.196,-9.81,255.76444,,,,,,,,,,,,
TRATCMK12903CABAC8,Salva Mea,Faithless,128.067,-9,221.98812,,,,,,,,,,,,
TRATCOE128F145F694,Tu Robaste Mi Corazon,Selena,85.772,-8.573,232.80281,,,,,,,,,,,,
TRATCPN128F42973DD,Declaration of Independence,Marquez the Greatest,75.367,-14.041,72.17587,,,,,,,,,,,,
TRATCUY128F9308A38,Reborn (Explicit),Drowning Pool,166.064,-6.379,248.78975,,,,,,,,,,,,
TRATDDF128F4294E6A,Vad två öron klarar,Kent,135.776,-11.284,222.53669,,,,,,,,,,,,
TRATDDM128F93417AF,El Gran Señor,Los Auténticos Decadentes,91.699,-6.203,205.06077,,,,,,,,,,,,
TRATDIZ128F4242796,En Algún Rincón,Café Quijano,152.001,-5.635,255.39873,,,,,,,,,,,,
TRATDKN128E078EDB3,The Way I Am,Eminem,174.651,-2.274,292.25751,,,,,,,,,,,,
TRATDKN128F4281092,The Air Force song : Evening colors sequence,The Sun Harbor's Chorus-Documentary Recordings,125.124,-17.527,37.01506,,,,,,,,,,,,
TRATDLH128F93384B0,22 (Acoustic),Lily Allen,132.61,-8.295,187.24526,,,,,,,,,,,,
TRATDSO12903CDC007,Revolver [Tracy Young's Shoot To Kill Remix],Madonna,85.318,-4.204,564.94975,,,,,,,,,,,,
TRATDTH128F4263AAD,Hey Joe,Roy Buchanan,119.089,-8.88,329.66485,,,,,,,,,,,,
TRATDYC12903CE48BD,Nino ven pa'ca,Juan Carmona,64.475,-10,203.85914,,,,,,,,,,,,
TRATEGE12903CA0ADD,Nüt isch für immer,Mayday,71.984,-5.902,307.33016,,,,,,,,,,,,
TRATEMM12903CCA8E0,They Ride By Night,Charles Williams,168.303,-9.575,91.84608,,,,,,,,,,,,
TRATEMP128E0788535,Abscondence,Sun Yan-Zi,100.059,-6.779,285.962,,,,,,,,,,,,
TRATESI128F932F694,Dialogue et final si j'avais su,Maurice Chevalier / Françoise Dorin / Marina Hottine / Suzanne Gabriello / Jo Charrier / Marcel Carpentier / Perrette Souplex / Andree Grandjean / Cadet Rivers / Raymond Girerd / Orchestre De Jacques-Henri Rys / Jacques Henri Rys,164.618,-20.541,213.55057,,,,,,,,,,,,
TRATESL128F92F12DF,Make The World Go Away,Ray Price,126.714,-12.818,125.1522,,,,,,,,,,,,
TRATESS128F934DA9F,Sirius Calling,Art Ensemble Of Chicago,96.411,-12.326,207.09832,,,,,,,,,,,,
TRATEWX128F427CCC1,Fungus,Swim,167.111,-6.776,311.58812,,,,,,,,,,,,
TRATFBG128F9352D17,Plecaciunea mortii,Negura Bunget,91.144,-5.283,620.19873,,,,,,,,,,,,
TRATFDV128F42B62F7,Don't Keep Me Wondering,Buddy Miles,100.573,-9.391,121.02485,,,,,,,,,,,,
TRATFEN128F14A3A6E,Ace Insurance Man,Bobbie Gentry,170.897,-10.736,214.96118,,,,,,,,,,,,
TRATFFT128F4248FA9,Ellen Disingenuous,Busdriver,136.116,-4.293,246.22975,,,,,,,,,,,,
TRATFFU12903CFA9D6,Ballin' the Jack,Brenda Lee,117.696,-9.67,113.97179,,,,,,,,,,,,
TRATFJI128F4252046,Oedipus Rex_ Atto Primo: Liberi_ Vos Liberabo (Oedipus) (Stravinsky),Herbert  von Karajan,75.377,-20.731,198.45179,,,,,,,,,,,,
TRATFNU128F42466AF,I´m Throwing Rice,Eddy Arnold,100.932,-15.159,159.58159,,,,,,,,,,,,
TRATFXS128F93283D1,Me Decidi,Gisselle,124.129,-4.537,268.87791,,,,,,,,,,,,
TRATFYD12903CAE45A,'Round the Wheel,DJ Harry,133.529,-9.706,495.90812,,,,,,,,,,,,
TRATGAS128F425B7F0,Strassenkrieg,MC Sadri,180.126,-6.633,178.96444,,,,,,,,,,,,
TRATGDS128F426A2E8,Monkey Junction,Weedeater,142.639,-9.036,269.00853,,,,,,,,,,,,
TRATGDZ128F9314B6C,In Pursuit of the Implicate Order of Cultural Chaos,Mira,109.743,-22.721,38.00771,,,,,,,,,,,,
TRATGIQ128F92D7F5F,I Love Me (I'm Wild About Myself) (2005 Digital Remaster),Mel Blanc,159.941,-12.965,137.74322,,,,,,,,,,,,
TRATGOC12903CC5BE2,Dedicated,Paul Carrack,134.123,-14.241,324.46649,,,,,,,,,,,,
TRATGQE128F93060E3,Got To Make Me Love You,Tyrone Taylor,157.201,-7.847,219.01016,,,,,,,,,,,,
TRATGQO128F421B850,Pathfinders,Elvenking,150.05,-4.516,322.55955,,,,,,,,,,,,
TRATGQP128F93306B0,The Deep Blue Sea,The Irish Rovers,175.325,-9.181,192.05179,,,,,,,,,,,,
TRATGQQ128F9314185,Shrivasta,William Coulter,148.524,-13.7,238.57587,,,,,,,,,,,,
TRATGRG128F145310B,City Of Screaming Statues,At The Gates,171.613,-8.068,286.04036,,,,,,,,,,,,
TRATGTP128F427021D,Hey Louise,Neil Diamond,100.422,-14.343,181.15873,,,,,,,,,,,,
TRATGUX12903CBA6AC,Punk Rocker '97,Special Duties,128.822,-5.901,122.56608,,,,,,,,,,,,
TRATGVD128F42A8331,Three Little Words,The Refreshments,101.976,-9.953,222.69342,,,,,,,,,,,,
TRATGXT12903CFAA32,Old Gobbler the Hound Dog,Johnny Horton,181.9,-8.787,119.90159,,,,,,,,,,,,
TRATHCF128F4293FC8,My Heart's Desire,Kane,120.611,-13.869,261.3024,,,,,,,,,,,,
TRATHDF128F92FCD1A,Flipside,Bomb Squad,95.88,-6.759,182.22975,,,,,,,,,,,,
TRATHDO12903CAF45B,Quand on est amoureux,Les Hou-Lops,95.735,-5.144,181.86404,,,,,,,,,,,,
TRATHFM128F148ADD4,Hard Times,Eastmountainsouth,125.986,-8.843,225.61914,,,,,,,,,,,,
TRATHGH12903C9D01B,Superconstellation,:Blacks On :Blondes,128.033,-7.971,164.362,,,,,,,,,,,,
TRATHPX128F9341B8A,Another World (Album Version),Richard Hell & The Voidoids,123.182,-14.009,494.10567,,,,,,,,,,,,
TRATHRY128F92C319D,I Like Young Girls,Love Jones,87.799,-7.327,182.72608,,,,,,,,,,,,
TRATHSS128F9304F31,Softcore,V'ro,67.987,-6.982,282.53995,,,,,,,,,,,,
TRATHTH128F42BC347,Ragoo,Kings Of Leon,102.066,-6.391,181.13261,,,,,,,,,,,,
TRATHTT128F4264AA4,Tears Falling Down,Charlie Peacock,130.441,-12.094,180.13995,,,,,,,,,,,,
TRATHVA128F9322A79,Drop The Hammer,The Gone Jackals,99.593,-14.007,220.49914,,,,,,,,,,,,
TRATIAH128F426B422,The Poet And The Pendulum,Nightwish,96.711,-6.003,834.66404,,,,,,,,,,,,
TRATIAY12903CF7B87,Olivia,Shinehead,209.649,-9.893,230.71302,,,,,,,,,,,,
TRATIBE12903CB342E,Expeditions,From Dying Skies,87.539,-3.343,222.58893,,,,,,,,,,,,
TRATIBL128F4250E1C,Firehouse Rock,Wailing Souls,86.752,-5.788,255.4771,,,,,,,,,,,,
TRATIEN12903CB0CAF,Dengoso,Turibio Santos,105.72,-16.407,145.94567,,,,,,,,,,,,
TRATIGJ128F423B3A0,One King (Album Version),David Phelps,83.594,-8.582,277.21098,,,,,,,,,,,,
TRATIHR128F9305D63,Silent Partner (Peace Out),Steinski,110.048,-18.604,52.4273,,,,,,,,,,,,
TRATIIV128F145C91D,Like A Hurricane,Eddy Raven,158.832,-11.712,215.40526,,,,,,,,,,,,
TRATIKG128F4233475,Un nuevo amor (version salsa),Tranzas,75.826,-6.991,184.21506,,,,,,,,,,,,
TRATIKX128F42697BF,Time Travel,Klaus Badelt,121.667,-16.683,275.19955,,,,,,,,,,,,
TRATIQC128F4273AA3,Hit my heart,JK,86.719,-8.345,151.37914,,,,,,,,,,,,
TRATIQJ128F92DFA28,Revitalise,Dub Pistols feat. TK,100.019,-5.603,264.82893,,,,,,,,,,,,
TRATIRE128F42A667F,She Will Love You (Album Version),Aiden,143.021,-5.249,258.82077,,,,,,,,,,,,
TRATISX128F4266B66,Why Wouldn't I (featuring Fabolous & Paul Cain),DJ Envy,135.059,-3.991,278.38649,,,,,,,,,,,,
TRATITX128F4245C6D,Ghosts_ Second Variation,Albert Ayler,67.598,-16.181,426.00444,,,,,,,,,,,,
TRATIUD128F930620F,What Is This,Perfection,100.168,-7.264,379.27138,,,,,,,,,,,,
TRATIWY128F42716A6,The Christmas Song (Chestnuts Roasting On An Open Fire),Fred Simon,70.891,-21.392,228.70159,,,,,,,,,,,,
TRATIYP128F14A3056,Menutha,Tony Joe White,136.621,-9.653,252.1073,,,,,,,,,,,,
TRATJBD128F4263C26,Hum Drum,Terror Squad / Remy / Prospect / Armageddon,181.3,-5.511,251.89832,,,,,,,,,,,,
TRATJDJ12903CDB82E,Wild Talk [Live],D.A.D.,150.526,-8.889,260.362,,,,,,,,,,,,
TRATJIU12903CA7269,Your Chance To Rock,Rodney O & Joe Cooley,123.696,-10.803,211.27791,,,,,,,,,,,,
TRATJKR128F4269F41,You Are!,Christian Quast,125.057,-10.711,498.83383,,,,,,,,,,,,
TRATJNG128F4255834,Assface,G.G. Allin,208.517,-10.557,95.50322,,,,,,,,,,,,
TRATJSR128F4266791,I'm Real,Jennifer Lopez featuring Ja Rule,83.49,-8.147,263.20934,,,,,,,,,,,,
TRATJTH128F92EF33C,Seasick,The Bureau De Change,93.909,-8.571,220.89098,,,,,,,,,,,,
TRATJXC128F93124CE,Perfect Moment,Darden Smith,165.76,-17.864,270.62812,,,,,,,,,,,,
TRATJXZ128F9310ADB,Nom' Mayi,Dédé Saint Prix_ Pakatak,98.18,-12.878,257.27955,,,,,,,,,,,,
TRATJYF128F930EA84,Sueño Salvaje,Los Indios Tabajaras,128.162,-18.696,171.28444,,,,,,,,,,,,
TRATKAA128F426E8A0,Say A Little Prayer,Mary Black,117.507,-10.562,235.04934,,,,,,,,,,,,
TRATKAG12903D0E953,Clavelitos,Charanga de la 4,126.922,-9.535,329.97832,,,,,,,,,,,,
TRATKGB128F146AB26,He That Dwelleth (Psalm 91) (In My Dreams Album Version),Daryl Coley,124.709,-13.295,321.01832,,,,,,,,,,,,
TRATKHE12903CE1216,Unholy Outburst #3,Ramesses,219.518,-8.259,608.7571,,,,,,,,,,,,
TRATKIX12903D02EB1,You Better Look Out,Johnny Otis Show,94.085,-16.313,164.8322,,,,,,,,,,,,
TRATKKL128F92F8C35,In John Fahey There Is No East or West (feat. John Doan),John Doan,82.856,-13.353,274.99057,,,,,,,,,,,,
TRATKMG128F1483CA2,Nu Ren Ben Se,Sammi Cheng,86.658,-9.447,149.34159,,,,,,,,,,,,
TRATKNE128F9354E8D,In Progress (Original Mix),Trentemoller,124.985,-9.915,368.74404,,,,,,,,,,,,
TRATKOV128F4278128,Big John's A-Blowin',Big John Greer,87.635,-7.335,155.45424,,,,,,,,,,,,
TRATKTL128F428C94C,Papi Chulo (Extended Mix),Lorna,110.17,-7.581,329.53424,,,,,,,,,,,,
TRATKVK128F93668B8,Soldiers At War feat. Kon Juan_ Big Scoob_ Short Nutty_ L.V.,Tech N9ne,167.984,-6.488,354.7424,,,,,,,,,,,,
TRATKVY128EF35F97A,Harder To Breathe,Maroon 5,149.917,-4.757,173.66159,,,,,,,,,,,,
TRATKXV128F92D0480,From Tense To Loose To Slack,The Keys,182.756,-9.277,143.01995,,,,,,,,,,,,
TRATKZR128F426B930,Disco Jonki,Dusminguet,152.168,-8.275,168.69832,,,,,,,,,,,,
TRATLDL128F930735D,Electron libre,Clarisse Lavanant,130.164,-8.339,182.59546,,,,,,,,,,,,
TRATLLL128F149DBEB,Five For Ellis,Toots Thielemans,218.681,-12.192,119.71873,,,,,,,,,,,,
TRATLMG12903CDD094,Padam padam,Marc Perrone,63.295,-20.251,64.1824,,,,,,,,,,,,
TRATLOJ128F9308ABB,Campeones De La Vida,Alejandro Lerner,120.051,-8.76,153.36444,,,,,,,,,,,,
TRATLTV128F92FC979,Cold Shot,Stevie Ray Vaughan And Double Trouble,112.719,-10.958,240.77016,,,,,,,,,,,,
TRATLXA128F93079AF,Simple Lullaby (Do Maj),Claudio,95.32,-13.679,317.77914,,,,,,,,,,,,
TRATMAL128F427EC8D,Cendrier,Java,89.689,-6.371,190.69342,,,,,,,,,,,,
TRATMAW128F427F988,Any Way You Want Me To,Jamie Richards,117.993,-7.625,244.29669,,,,,,,,,,,,
TRATMBF128F421B3E7,Playing In The Dirt,Joanna Connor,106.719,-13.202,238.39302,,,,,,,,,,,,
TRATMBK128F146BB52,Firepower (The Tables Have to Turn) (Explicit) (Feat. Capleton),Dilated Peoples Featuring Capleton,158.327,-4.08,311.06567,,,,,,,,,,,,
TRATMDD12903D11C7A,Stop The World And Let Me Off,Patsy Cline,93.618,-12.495,146.88608,,,,,,,,,,,,
TRATMES12903CC0E94,Thank You,Saga,74.811,-20.491,243.61751,,,,,,,,,,,,
TRATMFC12903CC8D96,Its Cool,Walter Jackson,158.857,-9.903,269.00853,,,,,,,,,,,,
TRATMNB128F93520D4,Nastaran,Mohammad Nouri,168.527,-15.689,273.94567,,,,,,,,,,,,
TRATMOS128F9318337,Voyagers - Improvisation 12,R. Carlos Nakai,102.02,-26.675,177.31873,,,,,,,,,,,,
TRATMOT128F93256B3,Chega De Sausade,Elizete Cardoso,52.054,-14.645,206.47138,,,,,,,,,,,,
TRATMRD12903CBA632,Tumba Randy,Anthony Blea Y Su Charanga,200.826,-5.434,459.28444,,,,,,,,,,,,
TRATMXM128F1457ACB,La Traviata - highlights (1990 Digital Remaster): Ah_ non più (Alfredo/Violetta),Maria Callas/Giuseppe di Stefano/Ettore Bastianini/Silvana Zanolli/Luisa Mandelli/Giuseppe Zampieri/Arturo La Porta/Antonio Zerbini/Silvio Maionica/Coro e Orchestra del Teatro alla Scala_ Milano/Carlo Maria Giulini,96.775,-20.02,112.14322,,,,,,,,,,,,
TRATMXT12903CC1153,This Is A Gang,CMW - Compton's Most Wanted,93.951,-11.36,217.62567,,,,,,,,,,,,
TRATMYK12903CD4305,Purple Pygmies,Walter Ego,124.136,-10.44,535.45751,,,,,,,,,,,,
TRATMYL128F428FC64,Gözlerinde Hüzün,Tayfun,84.619,-12.078,343.50975,,,,,,,,,,,,
TRATNDJ128F9359840,Mathilda,Jay Randall,65.64,-19.547,222.24934,,,,,,,,,,,,
TRATNHC12903CFA949,Hey Joe,Carl Smith,110.076,-10.208,151.24853,,,,,,,,,,,,
TRATNIZ128F42414D2,Ai Ji Mei Gui 1000 Da,Sandy Lam,109.748,-6.179,299.44118,,,,,,,,,,,,
TRATNJH128F1452449,Nudez,Ghorwane,187.46,-6.479,298.84036,,,,,,,,,,,,
TRATNKU128F92F60C1,Lazy Day,Herb Alpert And The Tijuana Brass,124.893,-13.414,176.66567,,,,,,,,,,,,
TRATNMX128F427C2FC,My God  (Audio Adrenaline Album Version),Audio Adrenaline,101.241,-9.024,219.11465,,,,,,,,,,,,
TRATNNX128F426AA41,Green And Blue,Deep Forest,87.001,-9.894,294.39955,,,,,,,,,,,,
TRATNUJ128F1451E0C,The Possibilities of Loving You,Francis Dunnery,101.526,-8.023,216.37179,,,,,,,,,,,,
TRATNYK128F428F2D9,Antes (Salsa Version),Obie Bermudez,177.255,-4.561,271.25506,,,,,,,,,,,,
TRATOAJ128F422F6A7,Puritania,Dimmu Borgir,83.108,-3.086,186.56608,,,,,,,,,,,,
TRATOAL12903CE90D3,Sans ton amour,Bonita & Jerry Cormier,120.002,-9.737,181.10649,,,,,,,,,,,,
TRATOBZ12903CBA6BC,I Am The Curse (Duties Demo),Special Duties,135.386,-7.89,162.87302,,,,,,,,,,,,
TRATOCB128F4220F9F,Tropical Nights,Clarence Profit,161.387,-24.399,166.97424,,,,,,,,,,,,
TRATOCH128F4285825,Pound a Weed,Mikey Dread,175.628,-9.351,201.9522,,,,,,,,,,,,
TRATOFK128F422AD0C,baby Wayo,African Rhythm Messengers,115.196,-10.703,235.28444,,,,,,,,,,,,
TRATOHB128F930270D,San Agustin,Los Amigos Invisibles,200.039,-9.514,420.62322,,,,,,,,,,,,
TRATOHC128EF3460DA,Popovic,Mando Diao,87.785,-4.118,306.18077,,,,,,,,,,,,
TRATOKV12903CDDF0F,This World Is Not My Home,James Blackwood with The Light Crust Doughboys,116.521,-10.654,138.16118,,,,,,,,,,,,
TRATOMT128F4285D7C,"Boom-Shack-A-Lack (12"" Mmix / Bonus Tra)",Junior Reid,158.242,-8.28,326.00771,,,,,,,,,,,,
TRATONC128F4299381,I've Got You Under My Skin,Louis Prima And Keely Smith,108.498,-12.675,159.16363,,,,,,,,,,,,
TRATOQD128F9336A53,The Ram And The Scorpio,Alphonse Mouzon,96.931,-8.127,355.21261,,,,,,,,,,,,
TRATOQR128F426BAEE,Tango de la Flor (Album Version),Lole y Manuel,148.105,-10.905,145.55383,,,,,,,,,,,,
TRATOVV128F93448E7,Everybody's boppin',Ben Sidran,85.952,-12.547,366.0273,,,,,,,,,,,,
TRATOZH12903CFA6DC,We Are One Light,Aeoliah,130.77,-36.037,295.10485,,,,,,,,,,,,
TRATPBM128F429EF3F,Ode To Billie Joe  (Live @ Fillmore West),King Curtis,108.162,-11.968,199.20934,,,,,,,,,,,,
TRATPCS128F146224A,I'm Only Out For One Thang (Explicit) (Feat. Flavor Flav),Ice Cube Featuring Flavor Flav,92.482,-6.388,130.7424,,,,,,,,,,,,
TRATPDA12903CB2D90,Michael & His Slipper Tree '93,The Equals,119.394,-6.607,182.88281,,,,,,,,,,,,
TRATPFO128F42A3A47,Swan Lake,Brazilian Tropical Orchestra,86.28,-13.615,144.63955,,,,,,,,,,,,
TRATPGP128F14700F8,LAIVAMATKA WC:SSÄ,M.A. Numminen,141.358,-10.745,102.79138,,,,,,,,,,,,
TRATPGR12903CEDED4,I'm Not Afraid When I'm With You,Ken Yokoyama,80.129,-12.964,172.82567,,,,,,,,,,,,
TRATPHN128F4271011,Mighty Army Band,Gold City,100.022,-8.533,182.25587,,,,,,,,,,,,
TRATPJK12903CBF745,Swinging On A Star,Big Dee Irwin,108.103,-9.931,156.02893,,,,,,,,,,,,
TRATPKE128F1467FE7,You Got Me (The Juan Maclean Dub),VHS Or Beta,125.999,-6.751,501.13261,,,,,,,,,,,,
TRATPRE128F931B12E,Hey Joe,Carl Smith,124.648,-11.651,136.04526,,,,,,,,,,,,
TRATPRU128F426E8AC,Circle Round The Moon,Charley Patton,130.975,-24.774,154.87955,,,,,,,,,,,,
TRATPUS128F4271260,A Fistful Of Dollars (1994 Digital Remaster),Babe Ruth,144.474,-11.024,159.00689,,,,,,,,,,,,
TRATPXY128F934FE34,Essa Marie,Samba Trio,87.321,-19.271,121.10322,,,,,,,,,,,,
TRATPYS12903D079D7,Playboy Foundation,Tammy Pescatelli,77.081,-22.255,129.82812,,,,,,,,,,,,
TRATPZY128F930CFD0,Follow Me Up To Carlow,Planxty,71.337,-14.322,139.72853,,,,,,,,,,,,
TRATQDK128F1489B3E,Lies,Pennywise,119.981,-5.808,242.33751,,,,,,,,,,,,
TRATQHP128F421CDBA,In My Bed,Amy Winehouse,192.668,-3.154,274.99057,,,,,,,,,,,,
TRATQII12903CC785F,Boomerang (Reprise),Cirrus,180.012,-6.149,193.72363,,,,,,,,,,,,
TRATQNV12903CD6111,Hispaniola A,Pheeroan Aklaff,135.397,-15.975,145.97179,,,,,,,,,,,,
TRATQQC128F423851A,Down On My Knees,Ayo,118.509,-10.167,244.06159,,,,,,,,,,,,
TRATQQQ128F93084BE,The Imperial March from The Empire Strikes Back,John Williams,104.32,-15.857,184.45016,,,,,,,,,,,,
TRATQRH12903CE2B65,Mr Big Man,Junior Reid,128.769,-6.487,215.14404,,,,,,,,,,,,
TRATQSL128F932E2ED,Morning Glow,Michael Jackson,100.648,-8.486,217.96526,,,,,,,,,,,,
TRATQTC128F9358C8B,The Wedding Samba,Edmundo Ros,120.923,-18.697,174.86322,,,,,,,,,,,,
TRATQUI128F9347C68,Supreme Girl,The Sterns,157.751,-4.031,151.82322,,,,,,,,,,,,
TRATQWS128F931E5EA,Matilda Mother (Stereo) (2007 Remaster),Pink Floyd,54.398,-10.813,187.42812,,,,,,,,,,,,
TRATQWZ128F93133F8,Slavinka,Edgar De L'est,125.026,-8.328,317.28281,,,,,,,,,,,,
TRATRDP128F4261581,Caro! (Colline/Rodolfo/Schaunard/Children/Townspeople/Musetta) (1998 Digital Remaster),Alfredo Kraus/Paul Plishka/Matteo Manuguerra/Sherrill Milnes/Trinity Boys' Choir/Ambrosian Opera Chorus/National Philharmonic Orchestra/James Levine,130.319,-22.785,34.55955,,,,,,,,,,,,
TRATRER128EF3441CE,El Greco: Movement III,Vangelis,62.216,-20.42,408.00608,,,,,,,,,,,,
TRATRGQ12903CB8465,Youth Club Dance (Demo),The Cortinas,202.179,-9.181,187.24526,,,,,,,,,,,,
TRATRJL12903CAF484,Party,Rodney O & Joe Cooley,119.074,-14.6,252.23791,,,,,,,,,,,,
TRATRJV128F428D077,Baila Girl_ Todo Hombre Llorando Por Ti,Daddy Yankee,97.982,-7.421,181.34159,,,,,,,,,,,,
TRATRMT128F4249901,Little Latin Lupe Lu,Righteous Brothers,135.599,-11.47,130.0371,,,,,,,,,,,,
TRATRMZ128F42A9AAC,Rain Down On Me,Kane,134.115,-5.538,395.83302,,,,,,,,,,,,
TRATRPJ128F4291CA2,You'll Know Where Your Plane Is... (Part 4),Why?,119.864,-11.905,110.86322,,,,,,,,,,,,
TRATRPK128F932D69F,Pi Jiu Pao Pao (Beer Bubbles),Steve Chou,96.004,-6.793,323.23873,,,,,,,,,,,,
TRATRPT12903CE84EF,Stinky Breath,Blingtones,83.226,-6.615,29.72689,,,,,,,,,,,,
TRATSNE128F427EDB6,African Typic Collection,Sam Fan Thomas,125.241,-13.856,397.58322,,,,,,,,,,,,
TRATSSL128F92F67BD,Down the Line,Gregory Isaacs,138.039,-11.999,219.402,,,,,,,,,,,,
TRATSUF12903CE90D5,La maison ou j'ai grandi,Bonita & Jerry Cormier,124.193,-11.318,208.79628,,,,,,,,,,,,
TRATSVH128F428A9BA,Tired Of You Clowning,Sunnyland Slim,82.654,-13.178,192.02567,,,,,,,,,,,,
TRATSXR12903CE858B,Anywhere Anytime,Sara Melson,167.905,-4.638,164.12689,,,,,,,,,,,,
TRATSYG12903CC4483,Hallelujah [Club Mix - Remastered version],Happy Mondays,196.096,-7.667,389.0673,,,,,,,,,,,,
TRATTAF128F147CA09,No Te Apartes De Mi,Yahir,104,-9.044,245.34159,,,,,,,,,,,,
TRATTGP128F932854B,Corcovado,Vince Guaraldi,124.391,-18.7,201.42975,,,,,,,,,,,,
TRATTGW128F427A82D,Red Socks Pugie,Foals,156.917,-6.611,315.27138,,,,,,,,,,,,
TRATTMO128F92D07B1,War Of The Worlds,The London Theatre Orchestra,129.418,-13.057,123.95057,,,,,,,,,,,,
TRATTMT128F149167B,Ain't No Sunshine,Michael Jackson,152.448,-11.881,251.66322,,,,,,,,,,,,
TRATTNI128E0799697,I Want You (Album Version),Faith Hill,119.06,-9.695,246.09914,,,,,,,,,,,,
TRATTRI12903CAF946,Sarah Palin {I Wanna Lay Pipe} [Remix],John Brown,130.119,-5.881,196.57098,,,,,,,,,,,,
TRATTRX128F92E764F,Going Back To Memphis,Memphis Jug Band,143.031,-21.852,146.15465,,,,,,,,,,,,
TRATTTA128F9306B7F,Bumbo Red,Capleton,97.997,-11.222,217.86077,,,,,,,,,,,,
TRATUBW128F92F3866,Cleo's Mood,James Taylor Quartet,58.135,-2.775,188.94322,,,,,,,,,,,,
TRATUFP12903CA5C1A,Test 72,Mush,95.988,-13.5,475.74159,,,,,,,,,,,,
TRATUIA128F932CEC5,Deportees,The Gaskets,83.942,-5.619,232.69832,,,,,,,,,,,,
TRATUIK128F4225A26,Irish Medley - Jigs,Jean Carnigan,185.598,-9.874,177.47546,,,,,,,,,,,,
TRATUJR128F42693E6,Why Should I Cry For You,Mariano Yanani,80.008,-18.018,180.71465,,,,,,,,,,,,
TRATUPO128F9305A5C,Bang! Bang!,The Knux,140.119,-4.825,200.25424,,,,,,,,,,,,
TRATUQG128F933A574,It's Different - Original,Leroy Hutson,169.714,-12.99,281.25995,,,,,,,,,,,,
TRATUQR128F422F34D,Kickstart My Heart (Album Version),Between The Buried And Me,89.485,-5.493,295.28771,,,,,,,,,,,,
TRATUSS128F92FD5AA,You Beat The Hell Outta Me,The Motors,174.628,-11.947,207.85587,,,,,,,,,,,,
TRATUUD128F9307F90,Oye,Gertrudis,228.461,-7.961,263.47057,,,,,,,,,,,,
TRATVAI128F42281FE,Parola di faliero,Inoki,98.533,-3.148,75.93751,,,,,,,,,,,,
TRATVFX128F92F8B79,Climax,Loop Guru,95.321,-5.666,521.9522,,,,,,,,,,,,
TRATVGT128F9310C89,Menuet in the Name of Haydn,Alan Feinberg,70.1,-28.327,155.19302,,,,,,,,,,,,
TRATVGW128F934F185,Las Hermanas Granaditas,Los Nakos,108.787,-15.416,131.02975,,,,,,,,,,,,
TRATVHH12903D02556,Mikä mun päässä nykii,Murskahumppa,148.57,-8.216,61.98812,,,,,,,,,,,,
TRATVMP128F92E6ACE,Dans cette nuit j'ai envie de me perdre,Didier François,160.343,-15.665,183.19628,,,,,,,,,,,,
TRATVRH12903C9EE09,I Applaud You  (LP Version),Liquid Gang,115.861,-5.727,197.98159,,,,,,,,,,,,
TRATVSQ128F92E368F,Can't Find My Sadie,Checkers,156.868,-13.08,159.18975,,,,,,,,,,,,
TRATWFN128F932CEF6,Sweet Little Sixteen,Vince Taylor,180.733,-5.085,200.04526,,,,,,,,,,,,
TRATWFZ128F931D72F,Midnight,The Refreshments,142.367,-7.556,239.41179,,,,,,,,,,,,
TRATWGI128F42669C8,Dame Tu Carino,Ray Barretto,144.722,-8.806,187.34975,,,,,,,,,,,,
TRATWHC128F42644DA,Rain Keeps Falling Down,Jimmy Witherspoon,92.643,-9.825,197.51138,,,,,,,,,,,,
TRATWHT128F4259F82,Behind The Line Of Grace,Karen Peck & New River,123.586,-8.504,218.98404,,,,,,,,,,,,
TRATWLW128F4283E6E,Love Alone,Kostis Maraveyas,90,-10.156,247.7971,,,,,,,,,,,,
TRATWQQ128F426F1EC,Cuenta Conmigo,María,93.22,-12.178,259.86567,,,,,,,,,,,,
TRATWTC128F4291AB3,We Played A Game,Adolph Hofner,105.169,-18.299,152.0322,,,,,,,,,,,,
TRATWTI128F933B617,Il rosso,Word,103.995,-3.96,187.97669,,,,,,,,,,,,
TRATWUA128F425764B,Lonley,Elva Hsiao,97.001,-9.917,233.37751,,,,,,,,,,,,
TRATWUD128F9309671,Happy,Carolyn Arends,97.958,-6.953,231.36608,,,,,,,,,,,,
TRATWUQ12903CBB990,El Amor De Mi Vida,Israel & Moises,130.042,-10.543,213.65506,,,,,,,,,,,,
TRATWYC12903CE60D6,Parasitic Twins,The Dillinger Escape Plan,120.085,-6.991,281.23383,,,,,,,,,,,,
TRATXBC128EF34B540,Concerto in C major_ BWV 594 (after Vivaldi Op.7 No.5) (2007 Digital Remaster): I. 1st Movement,Lionel Rogg,106.479,-16.536,394.23955,,,,,,,,,,,,
TRATXHO128F9338653,Te Fuiste En Abril,Palito Ortega,103.755,-9.182,134.3473,,,,,,,,,,,,
TRATXIS128F92D9676,Dream State,Paul Taylor,126.649,-6.514,266.9971,,,,,,,,,,,,
TRATXMS128EF340BEC,It Ain't A Problem,Rick Ross / Carol City Cartel,95.585,-6.404,227.57832,,,,,,,,,,,,
TRATXSW128F4243364,Yellow Brick Road,Jack Off Jill,156.804,-11.877,137.9522,,,,,,,,,,,,
TRATXYI128F42AC8F2,Albo,Hevia,93.037,-4.936,280.2673,,,,,,,,,,,,
TRATYCL12903CECAAC,Where Does Rosie Go?,Kenny Rogers,154.783,-12.965,135.36608,,,,,,,,,,,,
TRATYGE128F149D0B1,Ihr hated nur (P-Dog Remix),Hecklah & Coch,91.767,-4.006,263.33995,,,,,,,,,,,,
TRATYGR128F427D08C,Fuckaz,The Bug Featuring Spaceape,96.02,-7.843,327.99302,,,,,,,,,,,,
TRATYIA128F92DECEA,Kyotronics,Erik Tronic,129.977,-7.352,257.09669,,,,,,,,,,,,
TRATYIC12903CF15E6,Y'a d'l'abus,Fred Merpol,156.371,-12.209,209.26649,,,,,,,,,,,,
TRATYJI128F4255D27,Rock Tha Party,Bombay Rockers,109.984,-4.336,212.71465,,,,,,,,,,,,
TRATYKD12903CF5C27,A Puro Dolor,Roberto Perera,129.988,-10.925,224.93995,,,,,,,,,,,,
TRATYLP12903CC7EA4,Castle of KoFW,Koordinate Of Wonders,158.913,-9.325,218.74893,,,,,,,,,,,,
TRATYNL128F429D572,The Phantom Of The Opera/Wishing You Were Somehow Here Again,Montserrat Caballé,71.285,-15.585,198.13832,,,,,,,,,,,,
TRATYPJ128F42669D5,Vine Pa'echar Candela,Ray Barretto,129.151,-9.086,348.76036,,,,,,,,,,,,
TRATYQP12903CF5881,Peace With Myself,Nestor Torres,93.975,-9.94,249.44281,,,,,,,,,,,,
TRATYVV128F931CF6E,When Love Dies,Marlene Dietrich,82.286,-22.166,190.04036,,,,,,,,,,,,
TRATYYP128F9335EE9,Politrix,Beenie Man,98.028,-6.109,213.10649,,,,,,,,,,,,
TRATYZP128F4236CBD,Soca Mi Nice,Mongo Santamaria,129.871,-9.396,235.49342,,,,,,,,,,,,
TRATZBC128F933A552,Never Know What You Can Do (Give It A Try) - Original,Leroy Hutson,151.064,-13.525,228.49261,,,,,,,,,,,,
TRATZDT12903CAECE5,Poema do semba,Paulo Flores,218.093,-7.775,337.08363,,,,,,,,,,,,
TRATZLF128F4273C2B,Everything I Do from Robin Hood,John Williams,138.63,-15.519,268.90404,,,,,,,,,,,,
TRATZNW128F427101D,Carol Of The Bells (Instramental Featuring The Budapest Pops Orchestra),Greater Vision,184.529,-11.326,113.42322,,,,,,,,,,,,
TRATZPD12903CC99FB,Train Buffer,Aesop Rock,102.429,-5.683,243.56526,,,,,,,,,,,,
TRATZQS128F1467D4B,Going Under,Devo,94.48,-16.619,205.50485,,,,,,,,,,,,
TRATZRV128F42B3F1B,Skit,Rakim,45.554,-18.83,19.12118,,,,,,,,,,,,
TRATZXK12903CD8CFB,Shadows,Styles P & The Evil Genius DJ Green Lantern,167.873,-9.338,235.04934,,,,,,,,,,,,
TRAUACD12903CEF021,Tables Turn,Ann Nesby,88.008,-8.578,243.01669,,,,,,,,,,,,
TRAUAHG128F931C55F,Heal (The Separation) [PM Dawn Alt. Lead Mix],The Shamen,109.96,-9.198,280.31955,,,,,,,,,,,,
TRAUAIF128F931AABA,La petite boite en fer,Mademoiselle Sane,63.154,-11.875,217.62567,,,,,,,,,,,,
TRAUALF128E0781331,Rock The House (Explicit),Gorillaz,171.918,-7.033,249.93914,,,,,,,,,,,,
TRAUALM128E0784FF4,Carol of the Bells (Album Version),Danny Wright,95.995,-17.041,240.53506,,,,,,,,,,,,
TRAUAMA128C71965E5,The Invasion (Aka Black Wa Da Da),Burning Spear,146.392,-12.763,334.31465,,,,,,,,,,,,
TRAUAQR128F9349BE2,Jesus_ Lover Of My Soul (Bonus Stereo Trax),Passion,114.303,-16.307,253.41342,,,,,,,,,,,,
TRAUARF128F9337BD4,Motivator,Midwest Product,141.002,-8.874,301.73995,,,,,,,,,,,,
TRAUAZA128F424847C,IV,From Autumn To Ashes,97.169,-12.063,147.64363,,,,,,,,,,,,
TRAUAZA12903CE27E8,East West,Thomas Battenstein,134.132,-13.774,342.20363,,,,,,,,,,,,
TRAUBDS128F931A703,Gallows (Album Version),Atreyu,138.536,-3.639,208.66567,,,,,,,,,,,,
TRAUBHS128F426F902,Ay Nare Nare,Grup Knar,120.093,-9.421,381.70077,,,,,,,,,,,,
TRAUBKK128F4254C97,Breath Of Fresh Air,Warrior King,83.831,-6.937,225.77587,,,,,,,,,,,,
TRAUBMP128F9307E1C,You Know How I Do [Live From Bamboozle],Taking Back Sunday,165.145,-5.534,227.57832,,,,,,,,,,,,
TRAUBMV12903CA3379,La chanson des genêts,Jean Lumière,124.113,-11.333,183.43138,,,,,,,,,,,,
TRAUBNN128F4298B31,Destiny,Buju Banton,134.941,-7.38,239.0722,,,,,,,,,,,,
TRAUBOA128F9312C2D,La Nuit,Patrick Eudeline,116.975,-8.969,188.21179,,,,,,,,,,,,
TRAUBPL128F92E34F4,Io Vivo,Piero Esteriore,100.071,-6.212,246.54322,,,,,,,,,,,,
TRAUBQD12903CBEE9A,Café Sarajevo,Lara,109.318,-11.809,190.85016,,,,,,,,,,,,
TRAUBRC128F92EF13F,She Left Me A Mule ,Sonny Landreth,87.669,-12.617,212.63628,,,,,,,,,,,,
TRAUBYD12903CEB7FF,Fanfara,Save As,85.33,-11.042,228.98893,,,,,,,,,,,,
TRAUCBH128F4275052,To Go Home,Daniel Johnston,131.011,-12.664,270.78485,,,,,,,,,,,,
TRAUCCU128EF342E18,Get 'em,Redman / Saukrates / Icadon,231.264,-13.57,204.19873,,,,,,,,,,,,
TRAUCHW128F9343FE2,High Horse,Workhorse,85.209,-7.2,251.402,,,,,,,,,,,,
TRAUCIQ12903D00769,Calm Down Dad,Helen Love,205.016,-4.737,143.15057,,,,,,,,,,,,
TRAUCJF12903D080F2,Dragonfly,Connemara Stone Company,123.36,-7.179,192.10404,,,,,,,,,,,,
TRAUCJN12903CB6A24,Romanza,Hard Romantic,81.974,-18.479,267.7024,,,,,,,,,,,,
TRAUCKR128F428C915,Tu Vuo_ Fa_ L_ Americano,Rita Chiarelli,95.508,-13.083,278.33424,,,,,,,,,,,,
TRAUCME128F422A115,September Song,The Chico Hamilton Quintet With Fred Katz_ Paul Horn_ John Pisano_ Carson Smith,67.452,-23.596,218.48771,,,,,,,,,,,,
TRAUCNU128F42671EB,Tu Quieres Volver,Gipsy Kings,165.006,-8.403,194.87302,,,,,,,,,,,,
TRAUCOY128F92FD6AC,Intro/Whatcha Gonna Do about It,Humble Pie,93.716,-11.088,288.02567,,,,,,,,,,,,
TRAUCPI128F4224350,Stop That Thing,Sleepy John Estes,96.982,-15.832,163.91791,,,,,,,,,,,,
TRAUCPN128F4290BDC,Duh Duh Da,Lidell Townsell,125.013,-9.926,201.82159,,,,,,,,,,,,
TRAUCRP128F931364D,Drumroll (We're All Thirsty),P.O.S,108.279,-5.924,156.83873,,,,,,,,,,,,
TRAUCSN128F148CB99,Intro,DJ Clue / P. Diddy,81.229,-23.129,64.70485,,,,,,,,,,,,
TRAUCTG128F4241F69,Bodyfly (Dynamix original version),Dynamix,85.326,-5.927,451.02975,,,,,,,,,,,,
TRAUCUG128F92F99CA,Brampton To Roadhead,Gathering,95.035,-9.989,242.93832,,,,,,,,,,,,
TRAUCVY12903CF2B1E,Bigbigkiss,Helen Love,162.101,-9.559,213.39383,,,,,,,,,,,,
TRAUCXI128F4216A3D,Cable,Languis,126.999,-16.595,199.00036,,,,,,,,,,,,
TRAUCZX128F149D9AE,Walking To Jerusalem,Tracy Byrd,116.625,-7.56,209.08363,,,,,,,,,,,,
TRAUDFG128F423AC77,Q1.1 Edit,Basic Channel,160.546,-23.563,62.92853,,,,,,,,,,,,
TRAUDGS128F92FC6AE,Youre nobody till somebody loves you,Mills Brothers,124.906,-7.704,79.64689,,,,,,,,,,,,
TRAUDHC12903CE6B13,She Don't Belong To You,Sue Foley,105.21,-6.278,224.65261,,,,,,,,,,,,
TRAUDIS12903CC453A,Here You Come Again (LP Version),Barry Mann,106.687,-9.741,170.44853,,,,,,,,,,,,
TRAUDIU128F933AD92,Blowin' In the Wind,Ben Sidran,68.479,-17.336,307.80036,,,,,,,,,,,,
TRAUDNM12903CDEF32,Let It All Go,Krayzie Bone,181.03,-4.982,175.5424,,,,,,,,,,,,
TRAUDRC128F148D15E,Hummingbird,Jimmy Page,139.015,-13.865,322.97751,,,,,,,,,,,,
TRAUDRR128F1484388,Departure / End Title (Love Theme From Night Of Dark Shadows),Dark Shadows,61.349,-21.277,115.43465,,,,,,,,,,,,
TRAUDSV128F425E8A3,Brother Can You Spare A Dime (Album Version),Jim Kweskin with Samoa Wilson,74.045,-12.375,325.35465,,,,,,,,,,,,
TRAUDWB128F9318EA4,This Is For My Bitches,Jim Jones featuring Oshy,121.978,-4.62,224.31302,,,,,,,,,,,,
TRAUDYH128F9301EF1,The Sound Of Music - [High Wycombe Town Hall Live 13 July 1979] (Sound Check),Joy Division,117.339,-6.521,245.34159,,,,,,,,,,,,
TRAUDZF128F147217A,"Pete's Crusade (12"" Version) (2006 Digital Remaster)",Light Of The World,120.878,-12.262,251.92444,,,,,,,,,,,,
TRAUEGP128F429B06C,Canon In D Major (J. Pachelbel),Mariano Yanani,126.273,-16.922,192.41751,,,,,,,,,,,,
TRAUEHX12903CA6E22,Friends Of All Races,Rocky Whatule,96.591,-8.606,283.74159,,,,,,,,,,,,
TRAUEIR128F934E644,"non-existent track (part one: ""why don't you fuckin' remember anything ?"")",Aphasia,192.063,-7.468,244.32281,,,,,,,,,,,,
TRAUEIZ128F14AE167,Love Shines Through  (Dream Album Version),Michelle Tumes,120.028,-5.165,232.22812,,,,,,,,,,,,
TRAUENF128F931FC35,Suck My Blood,Beherit,149.069,-5.268,266.89261,,,,,,,,,,,,
TRAUEVU128F42B7B0A,Jane 5,EPMD,86.819,-8.667,161.35791,,,,,,,,,,,,
TRAUEWN128F932C32C,White Jetta,Casiotone For The Painfully Alone,180.094,-9.31,197.25016,,,,,,,,,,,,
TRAUEYX12903CEAF48,Need To Shout,Architecture In Helsinki,139.999,-10.414,249.28608,,,,,,,,,,,,
TRAUFCU128F42882B7,Fall Line,Jack Johnson and Friends / Matt Costa,150.519,-11.234,136.30649,,,,,,,,,,,,
TRAUFDN128E07926A5,Sista,City High,159.975,-7.99,231.33995,,,,,,,,,,,,
TRAUFHQ128F9304F9B,Own Me,The Frequency,153.667,-11.221,284.682,,,,,,,,,,,,
TRAUFLM128F42AECDC,Someday (I Will Understand),Britney Spears,0,-23.555,1.04444,,,,,,,,,,,,
TRAUFLO12903CCE816,Me vuelves loco,Caballo Dorado,161.486,-8.221,190.22322,,,,,,,,,,,,
TRAUFRH128F93502AC,Morghe Eshgh,Mohammad Nouri,85.56,-17.661,224.02567,,,,,,,,,,,,
TRAUFRK128F147C548,Don't It (make Your Troubles Seem Small) (Album Version),Soul Asylum,195.005,-11.71,168.93342,,,,,,,,,,,,
TRAUFRR128F930B7CC,Das ist mein Viertel,Eko Fresh feat. Capkekz,94.998,-2.653,236.14649,,,,,,,,,,,,
TRAUFZP12903CF266F,The Other Side Of That Hill,Barbara Fairchild,151.676,-8.159,329.24689,,,,,,,,,,,,
TRAUFZY12903CD738A,Watch The Sunrise [Live at Lafayette's Music Room_ Memphis_ TN_ January 1973],Big Star,160.68,-7.724,241.60608,,,,,,,,,,,,
TRAUGHD128F42A8B9B,Elementro,TEN MADISON,92.699,-7.495,405.41995,,,,,,,,,,,,
TRAUGIS128F92EB03D,Kangaroo Blues,Moon Mullican,95.278,-20.884,173.24363,,,,,,,,,,,,
TRAUGLQ128F1495E6D,Tem Do de Mim (Live At El Matador_ San Francisco),Sergio Mendes,179.609,-19.397,161.59302,,,,,,,,,,,,
TRAUGLZ128F14AE500,Arise_ My Love (Song Of Solomon),Michael Card,93.542,-21.716,208.50893,,,,,,,,,,,,
TRAUGNY12903CFEFB5,Salvation,Chroma Key,120.091,-11.242,160.31302,,,,,,,,,,,,
TRAUGQI128F4295BD1,In Fate's Hands (Album Version),The Red Jumpsuit Apparatus,199.004,-2.983,208.79628,,,,,,,,,,,,
TRAUGRD128F425E997,Shame,Anna Abreu,143.864,-6.692,205.45261,,,,,,,,,,,,
TRAUGRP128F92D84A5,Listen,Mykill Miers,91.16,-14.249,236.5122,,,,,,,,,,,,
TRAUGTI128F4273726,Till There Was You (John Creamer & Stephane K Remix),Rachael Starr,127.996,-10.289,608.23465,,,,,,,,,,,,
TRAUGTX128F92DCEFD,Two Guitars Shuffle (take 1),Lonnie Brooks,124.471,-12.302,351.73832,,,,,,,,,,,,
TRAUGVF128F92EFCF8,I Love No One But You,Don Gibson,123.531,-14.257,169.63873,,,,,,,,,,,,
TRAUGWE128F42670DB,What If I Forget The Champagne,Stanley Clarke,123.352,-13.455,312.76363,,,,,,,,,,,,
TRAUGWY12903C9D7BE,A história do incêndio do jequitibá de Carangola (Part 1),Hélio Ziskind,128.636,-15.316,143.67302,,,,,,,,,,,,
TRAUGYG128F428A174,Meteor Of War (Album Version),Rancid,168.752,-3.869,81.10975,,,,,,,,,,,,
TRAUHJH128F92CA20E,Nobody In Mind,Joe Turner,84.737,-20.075,171.65016,,,,,,,,,,,,
TRAUHOO12903CCEC82,Your Love (Got a Hold of Me) instrumental,George Nooks,179.888,-5.641,252.3424,,,,,,,,,,,,
TRAUHQT128F932AF4F,Kaloobafak [I'm Confessin' (That I Love You)] (LP Version),Jim Kweskin,63.993,-18.638,235.31057,,,,,,,,,,,,
TRAUHRT128F4283B17,Wo You Jin Ri,Justin,120.016,-9.226,298.10893,,,,,,,,,,,,
TRAUHVP128F933657C,All Is One,Atman,89.385,-7.77,433.94567,,,,,,,,,,,,
TRAUHXR12903CBDFE4,Run A Mile,The Pineapple Thief,140.077,-7.715,399.82975,,,,,,,,,,,,
TRAUHZI12903CF91BE,Cranford: Deborah's Vigil,Carl Davis,80.959,-24.082,167.20934,,,,,,,,,,,,
TRAUIBK128F9345A79,Dragonfly,Diesel Boy,205.553,-4.564,140.06812,,,,,,,,,,,,
TRAUIGU128F92EA6DA,4tx.31b,S.U.P,154.01,-9.748,274.54649,,,,,,,,,,,,
TRAUIHC128F427EEF9,Oh No,Daniel Johnston,105.641,-24.905,237.68771,,,,,,,,,,,,
TRAUIMO128F147C31C,32 Lines (Album Version),Sophie B. Hawkins,129.316,-7.838,302.86322,,,,,,,,,,,,
TRAUIMQ128F14932D0,Levallois Monte Carlo,Georges Parys,90.278,-15.88,155.58485,,,,,,,,,,,,
TRAUIOQ128F92EDC51,Question Authority,Circle Jerks,173.669,-10.18,122.64444,,,,,,,,,,,,
TRAUISB128F423D3F0,Loup Garou,Deville_ Willy,103.258,-13.75,291.91791,,,,,,,,,,,,
TRAUIXE128F148437B,The Taking Of Angelique,Dark Shadows,110.933,-24.522,67.05587,,,,,,,,,,,,
TRAUIYH128E078DA2F,So Many Reasons,Jake Hess,92.76,-13.478,168.77669,,,,,,,,,,,,
TRAUJEB128F4240FD4,Anyone Who Had A Heart,Cal Tjader,118.596,-18.896,200.12363,,,,,,,,,,,,
TRAUJEV128F92E3176,Xin Bu Liao Qing,Fiona Sit,99.977,-6.327,232.48934,,,,,,,,,,,,
TRAUJKJ128E078FA48,Fortunate Fool,Jack Johnson,128.684,-10.736,228.70159,,,,,,,,,,,,
TRAUJLJ128E0784E7C,Trade It All PT2  (Early Fade Amended Version- Bonus Track) (featuring P. Diddy & Jagged Edge),Fabolous,96.708,-5.268,246.33424,,,,,,,,,,,,
TRAUJMN128F421A8EC,I'll Be Glad,Elvin Bishop,100.173,-4.559,335.69914,,,,,,,,,,,,
TRAUJOU128F9325DE7,Wings Off Flies (2009 Digital Remaster),Nick Cave & The Bad Seeds,103.145,-11.936,246.46485,,,,,,,,,,,,
TRAUJPQ128F930D4C5,Nothing Matters Anymore,Showbread,164.963,-3.708,252.21179,,,,,,,,,,,,
TRAUJTZ12903CF7BB4,Working On The Highway,Bruce Springsteen,183.709,-11.516,191.99955,,,,,,,,,,,,
TRAUJVM128F422C5A2,The Pig,Showbread,110.235,-5.586,197.79873,,,,,,,,,,,,
TRAUJVS128F93324DA,Gaya's Dream,The Gathering,87.797,-11.098,363.31057,,,,,,,,,,,,
TRAUKGN128F1499A8D,Maracaia,Timbalada,180.06,-7.203,242.1024,,,,,,,,,,,,
TRAUKIZ128F4271C85,Chu Hsin,B.A.D.,121.993,-6.65,241.81506,,,,,,,,,,,,
TRAUKJG128F147DAFE,Sommarens sista mås,Arne Weise,144.082,-15.879,198.24281,,,,,,,,,,,,
TRAUKJZ128F9335412,Ya Basta,Jay Pérez,104.387,-6.01,193.802,,,,,,,,,,,,
TRAUKKW12903CA89E7,DEU470956112,Marty Robbins,140.73,-8.116,129.67138,,,,,,,,,,,,
TRAUKLO128F4256A09,Wang Wang Blues,Hank Penny,95.95,-13.159,126.95465,,,,,,,,,,,,
TRAUKLS128F4261B3C,Radio Jay,Mario Rosenstock,100.091,-7.839,361.82159,,,,,,,,,,,,
TRAUKNJ128F933A413,There Are More Questions Than Answers,Johnny Nash,163.257,-12.43,167.26159,,,,,,,,,,,,
TRAUKPE128F425ED86,Suba,Jason Miles,196.004,-8.699,256.20853,,,,,,,,,,,,
TRAUKQC12903CA9374,Lebaran,Bimbo,147.991,-7.687,288.86159,,,,,,,,,,,,
TRAUKQD128F932C66D,Siri,Samba Mapangala and Orchestra Virunga,97.817,-9.417,301.66159,,,,,,,,,,,,
TRAUKQW128F426D339,Trois Noëls québècois (trad): Gabriel,Catherine King/Matthew Schwinghammer/The American Boychoir,101.672,-29.374,125.3873,,,,,,,,,,,,
TRAUKRO128F92FCFC9,Cell (Album),Falling Into Place,138.045,-9.785,293.72036,,,,,,,,,,,,
TRAUKYS128F14636CB,Love Is All Around,Wet Wet Wet,84.084,-6.574,246.38649,,,,,,,,,,,,
TRAULAE128F92FD865,Through the Looking Glass (jazz),Chris Standring,109.997,-9.435,261.0673,,,,,,,,,,,,
TRAULBZ128F4222E7F,General Chariot Corp. (LP Version),Bob Newhart,78.785,-19.242,326.29506,,,,,,,,,,,,
TRAULEG128F92F035B,Ormhäxan,Finntroll,180.06,-5.73,278.93506,,,,,,,,,,,,
TRAULGT12903D10B94,She Don't Move Me No More,BB King,52.932,-12.967,186.40934,,,,,,,,,,,,
TRAULJB128E0786AC7,Wish (Album Version),Beautiful Creatures,151.508,-4.763,263.96689,,,,,,,,,,,,
TRAULJK128F4294B58,Markus sång,Kent,121.6,-8.669,215.562,,,,,,,,,,,,
TRAULOO12903CF47B6,Alma Mater,Moonspell,117.593,-5.255,318.9024,,,,,,,,,,,,
TRAULTS128F931290B,Beauty And The Beast,Nightwish,78.959,-4.657,382.58893,,,,,,,,,,,,
TRAULZG128F425E06C,Police Story,Black Flag,114.378,-12.206,92.36853,,,,,,,,,,,,
TRAULZV12903CF968F,Knock Knock,Joe Lynn Turner,161.063,-6.604,231.1571,,,,,,,,,,,,
TRAULZX128F92F5464,The Lonesome Boatman,The Fureys,117.85,-20.58,234.50077,,,,,,,,,,,,
TRAUMBG12903CF0D68,Never Alone,Walter Hawkins,129.761,-13.75,468.00934,,,,,,,,,,,,
TRAUMEN128F9355DCC,Washes Over Me,Wamdue Project,123.984,-10.412,422.24281,,,,,,,,,,,,
TRAUMHL128F930CFCB,Junior Crehan's Favourite - Corney Is Coming,Planxty,202.789,-14.873,156.18567,,,,,,,,,,,,
TRAUMIT128F424DA18,Dope Nose,Weezer,127.407,-5.477,137.37751,,,,,,,,,,,,
TRAUMIX12903CE640C,Bob Your Head,RUN-DMC,64.101,-12.654,227.5522,,,,,,,,,,,,
TRAUMMP12903C9D5C4,Love Lifted Me,Eddy Raven,115.591,-12.994,141.68771,,,,,,,,,,,,
TRAUMNH128F92FB67F,It Could All Get Blown Away,The Jeff Healey Band,94.543,-7.535,283.03628,,,,,,,,,,,,
TRAUMPU12903CBD2E2,Make it up,Anthony Cruz,95.37,-11.398,264.14975,,,,,,,,,,,,
TRAUMRB128F93377DB,Le Roi A Fait Battre Tambour,Jacques Douai,73.716,-16.243,143.43791,,,,,,,,,,,,
TRAUMRG128F1483D2F,Luo Cuo Che,Sammi Cheng,87.099,-12.611,295.57506,,,,,,,,,,,,
TRAUMVE12903CE05FE,Jag Vet En Dejlig Rosa,Thomas Battenstein,98.241,-18.529,175.90812,,,,,,,,,,,,
TRAUMZG128F934462A,Hannikaisen baari,Hector,133.088,-13.98,282.64444,,,,,,,,,,,,
TRAUNEL128F1467D5C,Sloppy (I Saw My Baby Gettin'),Devo,88.841,-11.704,159.89506,,,,,,,,,,,,
TRAUNGN12903CE12A6,Reminissin',Geiom Feat. Marita,140.022,-9.983,363.38893,,,,,,,,,,,,
TRAUNIH128F92F6365,Caseta del Plater,Pep Laguarda & Tapineria,125.262,-16.265,340.53179,,,,,,,,,,,,
TRAUNMO128F92F4C25,Cajun Honey (Cajun Lovin' Style),Rod Bernard,155.254,-14.314,103.44444,,,,,,,,,,,,
TRAUNND12903CD03BC,Play The Part,Eyes Set to Kill,97.497,-4.392,158.95465,,,,,,,,,,,,
TRAUNNH12903CB038C,Many Are We,Keep Of Kalessin,110.044,-5.377,292.41424,,,,,,,,,,,,
TRAUNOS12903CB782D,2 People,Ann Lee,170.373,-5.625,217.62567,,,,,,,,,,,,
TRAUNPM12903CB7CCC,Fading Lady Light,Jefferson Starship,122.348,-8.365,220.52526,,,,,,,,,,,,
TRAUNWX12903D01764,The Croppy Boy,The Irish Tenors,142.612,-21.999,283.55873,,,,,,,,,,,,
TRAUOAA128F4245ECF,It's Good To Know Jesus,Mississippi Mass Choir,116.49,-13.448,221.90975,,,,,,,,,,,,
TRAUOBO128F4280122,South Bound Water,Lonnie Johnson,86.761,-23.005,189.98812,,,,,,,,,,,,
TRAUODU128F9307467,Tripping Billies,DAVE MATTHEWS BAND,125.159,-4.62,289.09669,,,,,,,,,,,,
TRAUOEY128F421CBD3,Valerie,Amy Winehouse,96.224,-7.256,229.85098,,,,,,,,,,,,
TRAUOEZ12903CAC030,O For a Thousand Tongues,Glad,105.364,-14.807,202.55302,,,,,,,,,,,,
TRAUOLH128F92FA158,The Very Conscious,The Antripodean Collective,60.641,-12.044,720.53506,,,,,,,,,,,,
TRAUONA128F4255A38,November Has Come,Gorillaz,84.141,-8.317,160.96608,,,,,,,,,,,,
TRAUOPA128F93537F2,Things You Do To Me,Martin Sexton,137.765,-9.071,256.62649,,,,,,,,,,,,
TRAUOPC128F92F5EDE,It Ain't What It Seems,Pat Travers,138.966,-7.284,225.20118,,,,,,,,,,,,
TRAUOPE128EF367610,Given Up (Album Version),Linkin Park,100.073,-4.034,189.28281,,,,,,,,,,,,
TRAUOPR128F933634F,Back A Yard,The In Crowd,121.713,-8.333,266.81424,,,,,,,,,,,,
TRAUORF128F424D160,1er Gaou,Magic Systeme,120.693,-7.715,287.34649,,,,,,,,,,,,
TRAUOUZ128E078F8BB,I'mma Break It Down,Eazy-E,115.692,-8.078,208.32608,,,,,,,,,,,,
TRAUOXB128F146573B,Ja Nun Hons Pris,Bryan Ferry,82.568,-18.161,35.65669,,,,,,,,,,,,
TRAUPAX12903CBB54D,Je suis le passeur du printemps,Jean Lumière,140.741,-11.092,144.19546,,,,,,,,,,,,
TRAUPBI128F4231325,Chumpman Blues,Scott Ainslie,180.381,-11.411,175.04608,,,,,,,,,,,,
TRAUPEE128F425943A,Bull Dog,The Shangri-Las,93.413,-7.597,157.85751,,,,,,,,,,,,
TRAUPNY12903C9DE65,My M.B. Thang,Tyree,161.272,-9.752,399.93424,,,,,,,,,,,,
TRAUPSV128F427B621,Como Nuestro Amor No Hay Dos,Cabas,216.023,-6.399,207.82975,,,,,,,,,,,,
TRAUPTJ128F92DFDF8,Russian Doll,Flink,131.955,-4.258,273.10975,,,,,,,,,,,,
TRAUPVF128F92F8C39,I Can't Believe That You're In Love With Me (Digitally Remastered 95),The John Buzon Trio,125.073,-17.419,140.56444,,,,,,,,,,,,
TRAUPWA128F147F2CF,Come Live With Me (12'' Extended Version) (2006 Digital Remaster),Heaven 17,96.859,-8.015,273.84118,,,,,,,,,,,,
TRAUPWS128F9338163,Big Legged Woman,Robert Lockwood_ Jr.,117.981,-9.763,278.38649,,,,,,,,,,,,
TRAUPYX128F930B426,Forró Praieiro,Sivuca,143.311,-14.36,202.78812,,,,,,,,,,,,
TRAUQAM128F9340CFE,Pick Me Up On Your Way Down - Original,Charlie Walker,144.265,-15.912,152.73751,,,,,,,,,,,,
TRAUQAP12903CB60EA,Schauet Her!,Der Plan,121.834,-13.546,34.32444,,,,,,,,,,,,
TRAUQFT128F4270904,Shenandoah,The Statler Brothers,104.068,-16.822,201.27302,,,,,,,,,,,,
TRAUQJR128F92E5B5F,Ich bleib so wie ich bin,Eko Fresh feat. Ado,126.693,-5.771,215.92771,,,,,,,,,,,,
TRAUQKE12903CBD5B5,Beloki,Peloton,70.229,-21.519,238.05342,,,,,,,,,,,,
TRAUQLK128F4275BE3,Brightess night,Wilks,90.006,-8.527,256.07791,,,,,,,,,,,,
TRAUQOF128F423CD1F,Dunn's Revenge,Paul Buckmaster,134.56,-32.586,123.76771,,,,,,,,,,,,
TRAUQUO128F92F8340,My Own Way,Evolution,97.015,-6.047,208.50893,,,,,,,,,,,,
TRAURBZ12903CBD56C,Y.O.U. (Album Version),Lonestar,125.022,-3.321,214.12526,,,,,,,,,,,,
TRAURDA128F423CD13,The Interrogation,Paul Buckmaster,161.665,-24.112,73.50812,,,,,,,,,,,,
TRAUREN128F931F5AB,It's Four In The Morning,Faron Young,141.772,-23.907,159.79057,,,,,,,,,,,,
TRAURFD12903CBA5DD,Joy to the World,The Jordanaires & Orion,106.317,-16.102,97.69751,,,,,,,,,,,,
TRAURGF128F427E9B5,Cuatro Estrofas,Sandra Mihanovich,122.072,-13.328,263.18322,,,,,,,,,,,,
TRAURHK12903CA60F8,Le Chat du Café des Artistes,Charlotte Gainsbourg,150.256,-9.838,241.65832,,,,,,,,,,,,
TRAURJF128F428B618,Background Music: The Greatest Ever Punk Sing-Along! (Live),The Prefects,104.521,-19.468,266.57914,,,,,,,,,,,,
TRAURLY128F4274DBB,Song Without End,Paul Avgerinos,91.405,-18.208,324.51873,,,,,,,,,,,,
TRAURQM128F423C581,Show Me (Acoustic Version),Seal,119.772,-15.808,117.78567,,,,,,,,,,,,
TRAURRO128F1489B2C,6TH Avenue Nightmare,Pennywise,200.877,-5.111,159.89506,,,,,,,,,,,,
TRAURRP128F4261B94,Give It Up Or Let Me Go,Dixie Chicks,103.863,-6.98,296.30649,,,,,,,,,,,,
TRAURSF12903CBFCBA,Climax (Instrumental Mix),Slum Village,95.599,-8.42,200.61995,,,,,,,,,,,,
TRAURXW128F428B9EC,BOMB SQUAD,Bomb Squad,109.614,-12.054,191.11138,,,,,,,,,,,,
TRAURYF128F147805D,Supermassive Black Hole (Album Version),Muse,120.01,-3.313,209.34485,,,,,,,,,,,,
TRAUSAA12903CBBB7A,Theme From the Victors,Frank Chacksfield,95.611,-20.139,142.65424,,,,,,,,,,,,
TRAUSBV128F9344D08,Na Primeira Manhã,Alceu Valença,121.988,-9.785,162.84689,,,,,,,,,,,,
TRAUSFP128F42A6BEE,O.T. (Skit),Cam'Ron,215,-28.603,24.73751,,,,,,,,,,,,
TRAUSHD128E0795347,Wildflower,Bon Jovi,93.044,-6.083,253.83138,,,,,,,,,,,,
TRAUSKE128F930FB12,Change Your Mind,KMD,119.961,-10.877,239.12444,,,,,,,,,,,,
TRAUSMF12903CE71E5,Wartime Blues,Blind Lemon Jefferson,162.496,-19.308,185.41669,,,,,,,,,,,,
TRAUSOM128F9337BC3,Only You,Nana Mouskouri,137.476,-11.778,175.12444,,,,,,,,,,,,
TRAUSQP128F4230490,La Fruta Bomba,Fruko Y Sus Tesos,84.751,-8.588,242.75546,,,,,,,,,,,,
TRAUSVR12903CD57A5,Dolores,The Merry Macs,71.27,-18.692,194.84689,,,,,,,,,,,,
TRAUSYQ12903CE5242,World Destruction (2005 Digital Remaster),Time Zone,92.499,-7.532,233.63873,,,,,,,,,,,,
TRAUTAI128F4275F53,Alma De Metal,Bobby Pulido,100.252,-8.88,216.31955,,,,,,,,,,,,
TRAUTBP12903D0BD6B,Beautiful Lies,Eddie,153.942,-10.558,317.962,,,,,,,,,,,,
TRAUTCA128F429B624,Danny's All-Star Joint (LP Version),Rickie Lee Jones,143.497,-14.071,246.62159,,,,,,,,,,,,
TRAUTJD128F14890F5,From the Gardner Meditations: African Tarantella,Stefon Harris,70.875,-12.169,538.27873,,,,,,,,,,,,
TRAUTJP128F4291366,Werther - Lyric Drama in four Acts/Act III/Toute mon âme est là,Ramón Vargas;Vesselina Kasarova;Vladimir Jurowski,158.715,-17.677,333.92281,,,,,,,,,,,,
TRAUTKA128F428060B,Miesten tähden,Rauni Pekkala,93.657,-9.812,162.14159,,,,,,,,,,,,
TRAUTNT128F933CB62,Song For Paul,Alex Gopher,80.012,-12.836,164.0224,,,,,,,,,,,,
TRAUTOL128F42418E2,Girl Tonite (featuring Trey Songz)  (Explicit Chopped & Screwed Version),Twista,124.734,-7.482,259.70893,,,,,,,,,,,,
TRAUTPD128F92F1376,Thrill Me,Simply Red,93.975,-6.289,303.96036,,,,,,,,,,,,
TRAUTSN128F14ADD4A,Covered (The Beauty Of Simplicity Album Version),Telecast,84.951,-14.258,197.98159,,,,,,,,,,,,
TRAUTTP128F425BDEB,Charly (Trip Into Drum And Bass Version) (Remastered),The Prodigy,96.732,-6.361,312.86812,,,,,,,,,,,,
TRAUTXO128F4263C8E,I'd Rather Have Jesus,Loretta Lynn,79.181,-13.797,161.48853,,,,,,,,,,,,
TRAUTXS128F932A629,Toby,The Chi Lites,149.394,-9.957,170.70975,,,,,,,,,,,,
TRAUUEG128F428F323,Yearning Just For You,Bob Wills,88.301,-12.009,160.26077,,,,,,,,,,,,
TRAUUFZ128F933AB89,Canción De Títeres,María Elena Walsh,111.104,-11.836,114.80771,,,,,,,,,,,,
TRAUUIF128F93232FE,Don't Know How To Be,God Lives Underwater,169.966,-5.66,215.40526,,,,,,,,,,,,
TRAUUQI128F92D8620,Merry-Go-Runaround,Bob Hope,133.325,-13.21,147.722,,,,,,,,,,,,
TRAUUQJ12903CBB6B4,Sincerely,Don & Juan,98.442,-10.666,148.16608,,,,,,,,,,,,
TRAUUQO128F4297426,Althea Cooley,Mack and Jamie,118.668,-14.629,27.6371,,,,,,,,,,,,
TRAUURC128E078EC6E,I'm Back,Eminem,180.168,-3.989,312.2673,,,,,,,,,,,,
TRAUUYL128F9322F64,ONE WAY LOVE,An Cafe,152.988,-3.856,276.13995,,,,,,,,,,,,
TRAUUZF128EF347CD5,Devil's Daughter,Eric Burdon,80.031,-8.737,262.97424,,,,,,,,,,,,
TRAUVAQ128F92DC677,Tabernacle Song,Fake Problems,103.776,-7.246,195.47383,,,,,,,,,,,,
TRAUVAR12903CBD9A4,Anfang Vom Ende,Pyranja,96.264,-9.255,60.55138,,,,,,,,,,,,
TRAUVGG128F9324DAC,Forgive Me (High Key-Premiere Performance Plus),Steve Green,99.619,-16.941,211.722,,,,,,,,,,,,
TRAUVGG12903CEF9CD,I'll Pray For You,The Perrys,82.487,-16.076,255.26812,,,,,,,,,,,,
TRAUVGO128F14836DB,El Mar No Cesa (Live),Héroes del Silencio,159.483,-8.85,198.89587,,,,,,,,,,,,
TRAUVKK12903CF3E63,I'm Gonna Take My Time,Anthony Watson,163.902,-6.567,259.83955,,,,,,,,,,,,
TRAUVLK12903CA55FD,Amaze,Jimmy Riley,159.96,-5.651,215.24853,,,,,,,,,,,,
TRAUVMS128F933D938,2 Fists Full Of Nothing,Bruisers,135.233,-10.419,289.01832,,,,,,,,,,,,
TRAUVNN128F423068C,"(You're) Timeless To Me (""Hairspray"")",John Travolta / Christopher Walken,128.685,-9.021,287.16363,,,,,,,,,,,,
TRAUVPX128F4274DCB,In My Heart,Paul Avgerinos,85.558,-28.406,338.96444,,,,,,,,,,,,
TRAUVSF128F14A0B6F,Collides With Beauty,ATB,136.967,-6.615,349.04771,,,,,,,,,,,,
TRAUVTO128F4297AA2,Cien Anos,Selena,90.602,-5.266,190.35383,,,,,,,,,,,,
TRAUVUF128F148D1AA,Dig Up Her Bones,The Misfits,111.153,-5.128,181.21098,,,,,,,,,,,,
TRAUVVR128F425A925,A Little Of You,Eurythmics,111.122,-4.21,236.61669,,,,,,,,,,,,
TRAUWCV12903CEE9C5,Spoken Word / Ogdens' Nut Gone Flake / Spoken Word,Small Faces,77.09,-12.211,248.24118,,,,,,,,,,,,
TRAUWFN128F1462E09,One Year_ Six Months,Yellowcard,89.896,-7.063,208.79628,,,,,,,,,,,,
TRAUWGI12903CCB99A,Song For Stephin Merritt,Kira,69.167,-10.134,193.17506,,,,,,,,,,,,
TRAUWIE128F92F6064,Cai dentro,Gabriel Grossi,143.86,-7.773,253.43955,,,,,,,,,,,,
TRAUWIL128F9334C00,My Funny Valentine,Jeanie Lambe & The Danny Moss Quartet,67.6,-15.096,204.61669,,,,,,,,,,,,
TRAUWJA12903CDAEA1,Mis calles de arena,Fabián,169.981,-7.066,241.68444,,,,,,,,,,,,
TRAUWKJ128F932E096,Kathleen's Song / Ray Lynch,Ray Lynch,139.944,-21.45,250.22649,,,,,,,,,,,,
TRAUWQL128F424696E,Trows Kind,Elvenking,200.036,-5.492,357.45914,,,,,,,,,,,,
TRAUWRW128F9358C69,Change Clothes,Jay-Z,104.123,-4.73,259.05587,,,,,,,,,,,,
TRAUWWP12903CC79CB,Ascendant,Keep Of Kalessin,229.864,-5.958,270.21016,,,,,,,,,,,,
TRAUXCQ128F932C0D9,Smith & Wesson,Frenchy,96.904,-8.613,246.17751,,,,,,,,,,,,
TRAUXEL128F42683D5,Bring Out Your Dead,Cadacross,92.608,-4.384,217.93914,,,,,,,,,,,,
TRAUXEU12903CD3CD7,Vietnamese Baby,The New York Dolls,84.058,-5.771,234.84036,,,,,,,,,,,,
TRAUXNO128F42774A0,Angry Chair,Alice In Chains,111.239,-5.499,262.47791,,,,,,,,,,,,
TRAUXNU12903D11493,Nadal De Luintra,Berrogüetto,99.546,-8.765,242.62485,,,,,,,,,,,,
TRAUXPK12903CF951E,Que Ves Por Tu Ventana,David Saylor,121.9,-6.61,218.22649,,,,,,,,,,,,
TRAUXPV128F4230C79,Talking During Sex (LP Version),Martin Lawrence,61.863,-16.161,202.78812,,,,,,,,,,,,
TRAUXSK128F427C58D,The Modern Rome Burning,Anti-Flag,178.804,-6.247,299.80689,,,,,,,,,,,,
TRAUXSO128F42B863C,Spawn (Again),Silverchair,138.385,-6.336,207.56853,,,,,,,,,,,,
TRAUXYC128F42A86E8,Life is Love,NO-TONE ft.Inusa,126.012,-5.208,396.7473,,,,,,,,,,,,
TRAUYKN128F933067A,Prospection,Henri Pousseur,65.919,-22.235,298.73587,,,,,,,,,,,,
TRAUYLE128F424C824,Neglected,Marygold,133.857,-4.682,225.09669,,,,,,,,,,,,
TRAUYLT128F427538E,Chase The Light,Dope Stars Inc.,154.998,-4.741,233.22077,,,,,,,,,,,,
TRAUYNK128F425BDB9,Intro. & Hello Young Lovers (Live) (2000 Digital Remaster),Bobby Darin,71.356,-10.387,124.9171,,,,,,,,,,,,
TRAUYOD128F42647FE,Good Texan,The Vaughan Brothers,142.372,-9.759,262.29506,,,,,,,,,,,,
TRAUYRJ12903CE6C00,Dontchaletmecatchya,The Wiyos,192.831,-9.866,186.30485,,,,,,,,,,,,
TRAUYXI12903CC7355,Soul of Ethiopia,Oh No,128.116,-7.1,110.57587,,,,,,,,,,,,
TRAUYYW128F92E9E8F,Louie Louie,Eddie and the Subtitles,154.072,-14.489,143.98649,,,,,,,,,,,,
TRAUYZG12903CDA4E9,This Ain't A Love Song,Bon Jovi,91.775,-7.984,432.97914,,,,,,,,,,,,
TRAUZAP128F92F281A,A.C.A.B. (Bumper Sessions),4 Skins,140.52,-7.238,89.44281,,,,,,,,,,,,
TRAUZED128F4274561,Tenderly,Eddie Calvert,130.598,-19.941,171.65016,,,,,,,,,,,,
TRAUZFR128F93381F4,Copacabana,Sivuca,148.046,-16.469,137.482,,,,,,,,,,,,
TRAUZFY128F42BCE57,No Good In Goodbye,Jason Michael Carroll,87.712,-3.662,229.8771,,,,,,,,,,,,
TRAUZKB128F4287ED6,NOT IN LOVE,The Scare,95.33,-4.692,218.95791,,,,,,,,,,,,
TRAUZLI128E0791D51,Are You There (With Another Girl),Burt Bacharach,115.756,-13.04,175.882,,,,,,,,,,,,
TRAUZLI128F427EA58,The Stranger,James Horner,186.138,-30.387,231.57506,,,,,,,,,,,,
TRAUZOU128F4260C88,Nanã,Mario Telles,97.34,-9.989,212.13995,,,,,,,,,,,,
TRAUZTB128F422730F,Intro,The Chi-Lites,138.501,-16.218,251.27138,,,,,,,,,,,,
TRAUZTO128F92F1E6C,Tappin' Out (LP Version),The Katies,155.193,-6.077,199.8624,,,,,,,,,,,,
TRAUZTR128F9351D2A,I Wanna Be Where You Are,Michael Jackson,207.544,-8.962,182.7522,,,,,,,,,,,,
TRAUZVU12903CC050D,Remember (Walkin' In the Sand),The Shangri-Las,65.771,-13.53,136.01914,,,,,,,,,,,,
TRAVAAN128F9359AAE,Dirty Ol' Town,The Wicklows,124.311,-11.185,148.87138,,,,,,,,,,,,
TRAVABY12903C9ECFB,Night on William Street,DJ Godfather,97.997,-14.525,202.762,,,,,,,,,,,,
TRAVADZ12903CA4D29,Epilogue,Arkona,110.06,-14.811,109.92281,,,,,,,,,,,,
TRAVALM128F932906B,Do Or Die,Coolio Da Unda Dogg,160.018,-5.663,240.22159,,,,,,,,,,,,
TRAVALP128F92E38A1,Hey Jamalo ((Def Mix)),Bally Sagoo,115.533,-11.462,433.42322,,,,,,,,,,,,
TRAVANT128F92E3F71,Someday,Mariah Carey,111.755,-9.308,236.5122,,,,,,,,,,,,
TRAVASN128F9361074,Earrings on the Table,Walter Trout,128.666,-15.83,100.23138,,,,,,,,,,,,
TRAVASY12903CBF39B,Imaginary Gangsters,Big Rich featuring J. Stalin_ Aristotle,103.948,-7.806,137.79546,,,,,,,,,,,,
TRAVAUF128F93033E5,Never After,Abbott & Chambers,93.346,-6.838,385.25342,,,,,,,,,,,,
TRAVAXK128F42A5166,Pränatalabhärtung,Django Asül,115.024,-14.194,182.04689,,,,,,,,,,,,
TRAVAXS128F932CB2A,Today,Electrostatic,130.023,-6.604,285.88363,,,,,,,,,,,,
TRAVBAH128F9305DFC,Give It,Helmet,144.974,-5.775,257.54077,,,,,,,,,,,,
TRAVBAS128F424A0BD,Vem_ Vem,Quinteto Violado,108.919,-10.541,173.29587,,,,,,,,,,,,
TRAVBCR128F933AE8E,Radiation Blues,Dax Riggs,91.357,-3.778,150.15138,,,,,,,,,,,,
TRAVBGH128F4276CDB,Ai Hen Jian Dan,Edmond Leung,108.24,-17.611,268.48608,,,,,,,,,,,,
TRAVBGI128F425F366,(We Don't Need This) Fascist Groove Thang (Rapino Club Mix),Heaven 17,135.57,-12.183,354.19383,,,,,,,,,,,,
TRAVBGZ128F42541D2,Would You Like,Mr Lab!,120.099,-8.885,285.17832,,,,,,,,,,,,
TRAVBLC12903CD66A5,Vibrators,George Lopez,86.353,-8.535,330.16118,,,,,,,,,,,,
TRAVBMS128F423EA54,Quitxalla,Gertrudis,111.995,-5.446,228.23138,,,,,,,,,,,,
TRAVBSQ128EF344B3C,Tant Que L'on S'aimera,Charles Aznavour,100.618,-10.819,147.77424,,,,,,,,,,,,
TRAVBWV128F92D964D,Tamborera No. 6,Gran Coquivacoa,154.159,-9.452,173.92281,,,,,,,,,,,,
TRAVBZD128F4244549,Bad Girl,Alice Stuart,111.214,-11.769,189.93587,,,,,,,,,,,,
TRAVCBH128F9315585,Das große Segel,Rainer Bielfeldt,153.911,-7.613,198.00771,,,,,,,,,,,,
TRAVCBP128F422930E,Help There's A Fire,Jason & The Scorchers,184.884,-5.015,172.25098,,,,,,,,,,,,
TRAVCKQ128F935BC1E,Rock Guitar,Corderoy,137.896,-4.003,513.43628,,,,,,,,,,,,
TRAVCNA128F930975C,On Misty Pathways,Mithotyn,88.336,-3.944,313.36444,,,,,,,,,,,,
TRAVCTG12903CFF7F9,Take Your Chance,Twenty 4 Seven,141.964,-12.066,215.01342,,,,,,,,,,,,
TRAVCWE12903CEF076,Dumb It Down (Live From Chicago),Lupe Fiasco feat. GemStones and Graham Burris,88.096,-5.971,211.69587,,,,,,,,,,,,
TRAVCWS128F1469EE2,Oh My People,Joi,182.01,-5.388,321.2273,,,,,,,,,,,,
TRAVDBI12903D105BB,Altas Horas,Entre Ríos,47.96,-9.095,221.30893,,,,,,,,,,,,
TRAVDBV128F424EAD8,Hold Me,DCX,135.045,-5.548,193.72363,,,,,,,,,,,,
TRAVDCO128F9324A1D,Chivalry,Usher featuring Jermaine Dupri,127.911,-6.708,246.09914,,,,,,,,,,,,
TRAVDDJ128F92EF09C,Proud mary,Creedence Clearwater Revisited,123.522,-6.548,203.7024,,,,,,,,,,,,
TRAVDDS12903CDD092,Serenade valse,Marc Perrone,98.467,-16.972,62.51057,,,,,,,,,,,,
TRAVDGG128F92E389A,Nothing In Rambling,Memphis Minnie,112.625,-17.053,166.66077,,,,,,,,,,,,
TRAVDKK12903CAF5D9,Pac's Break,Big Daddy Rick,104.692,-10.104,373.52444,,,,,,,,,,,,
TRAVDMO12903CDA1DB,Affaire Mokuwa,Kekele,86.658,-5.713,306.96444,,,,,,,,,,,,
TRAVDNM128F9344090,Following You Around (Album Version),Gail Davies,127.494,-16.308,192.96608,,,,,,,,,,,,
TRAVDQQ128F421B864,A Fiery Stride (Ltd. Edition Bonus),Elvenking,165.278,-5.157,299.31057,,,,,,,,,,,,
TRAVDQU128EF34E7A8,My God Will Always Be Enough,Karen Peck And New River,76.716,-13.844,280.5024,,,,,,,,,,,,
TRAVDRG12903C9A44C,Turn It Over (Album Version),Leslie Mendelson,106.499,-10.599,206.52363,,,,,,,,,,,,
TRAVDSA128F92D3852,Japanese Lullaby,Claire Hamill,70.196,-16.503,221.6224,,,,,,,,,,,,
TRAVEGK12903CA4E42,Hoop of Flame (IV. Glimpse of a Chance),Mind Furniture,135.189,-12.969,516.362,,,,,,,,,,,,
TRAVEGQ128F92D94C4,Son Los Años,Orquesta Sublime,122.405,-9.546,179.40853,,,,,,,,,,,,
TRAVEKB128F9321D0B,Denise,Chico Hamilton,115.405,-17.276,473.49506,,,,,,,,,,,,
TRAVELY128F42606F8,Like It Like That,A Tribe Called Quest,94.971,-9.309,166.86975,,,,,,,,,,,,
TRAVEMF12903CAF953,The Scenic Route,John Brown,96.058,-6.86,59.95057,,,,,,,,,,,,
TRAVEOQ128F931C8F4,Please Send Me Someone To Love,Percy Mayfield,93.707,-16.472,173.50485,,,,,,,,,,,,
TRAVEQI128F426F935,Dear Ann,Jack Sheldon,113.097,-13.157,319.39873,,,,,,,,,,,,
TRAVEQX128E07864AA,New Day Rising,VHS Or Beta,131.752,-9.691,334.18404,,,,,,,,,,,,
TRAVESV12903CEDEDA,Horse Doctor_ Come Quick,Corb Lund,176.591,-9.139,235.80689,,,,,,,,,,,,
TRAVEYE128F933EA89,Visions,The Mystic Moods Orchestra,60.439,-29.342,207.09832,,,,,,,,,,,,
TRAVFEW128F92E2B47,Be My Lover,Alice Cooper,119.744,-5.431,197.90322,,,,,,,,,,,,
TRAVFJV128F92D2043,Bianca's Midnight Lullaby,Al Di Meola,75.11,-13.347,114.07628,,,,,,,,,,,,
TRAVFKG12903CB2235,Morning Rain Music by Jorge Alfano,Paul Overman,90.582,-28.416,564.29669,,,,,,,,,,,,
TRAVFOA128F92F2B38,Watermelon Man,Mongo Santamaria,131.971,-5.827,428.06812,,,,,,,,,,,,
TRAVFPH128F42621EE,The Blackest Years (CD only hidden track),The Distillers,161.288,-5.055,448.54812,,,,,,,,,,,,
TRAVFSL128E078E22A,Seed Will Grow,Ms. Dynamite / Kymani Marley,89.996,-11.224,202.21342,,,,,,,,,,,,
TRAVFSW128F145C1D2,Raining Revolution (Live) (Unplugged),ARRESTED DEVELOPMENT,87.581,-16.963,273.84118,,,,,,,,,,,,
TRAVFVU128F14743B6,Sept Coeurs,Line Renaud,155.065,-8.762,166.39955,,,,,,,,,,,,
TRAVGCJ12903CB3C9C,El tuli-tuli,Gran Coquivacoa_ Neguito Borjas,75.738,-8.817,117.34159,,,,,,,,,,,,
TRAVGDE128F92F5F5E,Kakou,Dobet Gnahoré,103.997,-9.213,274.54649,,,,,,,,,,,,
TRAVGFT128F424278B,Hablando A Un Cristal,Café Quijano,104.036,-4.129,205.40036,,,,,,,,,,,,
TRAVGFX128F14ADFED,Pray For Me (One Step Closer Album Version),Scott Wesley Brown,160.443,-12.38,234.78812,,,,,,,,,,,,
TRAVGKM128F92C58B4,Don't Let Me Come Home A Stranger (LP Version),Fernando Ortega,91.523,-15.001,131.10812,,,,,,,,,,,,
TRAVGKR128E0789A99,I Really Don't Want To Know (1990 Digital Remaster),Les Paul and Mary Ford,82.016,-17.075,172.59057,,,,,,,,,,,,
TRAVGLC128F931535B,Man Don't Cry,Jimmy Witherspoon,111.01,-11.655,128.96608,,,,,,,,,,,,
TRAVGNH128F428CBA9,Into Hiding,Amorphis,130.677,-9.531,225.41016,,,,,,,,,,,,
TRAVGXU128F92F3854,Throw,Mr.De',160.336,-9.528,203.25832,,,,,,,,,,,,
TRAVGYX128E078E8A8,Primary,The Cure,165.303,-14.613,209.60608,,,,,,,,,,,,
TRAVGZF128F4260E6F,When You Wish Upon A Star,Cliff Edwards/Disney Studio Chorus,98.752,-8.615,193.67138,,,,,,,,,,,,
TRAVGZS128F9338603,I Stayed Long Enough,Tammy Wynette,111.12,-14.09,119.90159,,,,,,,,,,,,
TRAVHCL128F93015C4,Accept Crime (Album Version),Alexisonfire,185.063,-3.357,193.98485,,,,,,,,,,,,
TRAVHIA128F1494B0C,I'll Never Find Another You,Sonny James,144.538,-15.911,146.02404,,,,,,,,,,,,
TRAVHLR128F146B476,Asesíname,Charly García,93.011,-7.383,223.05914,,,,,,,,,,,,
TRAVHPV128F933E986,Send a Prayer,The Elders,111.408,-7.028,294.86975,,,,,,,,,,,,
TRAVHRU128F92C637E,The Letters,Rachel Portman,91.889,-25.752,161.43628,,,,,,,,,,,,
TRAVHTT128F14987BB,American Dreams,Charlie Haden,141.229,-24.22,292.17914,,,,,,,,,,,,
TRAVHTY128F4271F2D,O Menino Desce O Morro,Walter Wanderley Trio,205.323,-16.862,196.64934,,,,,,,,,,,,
TRAVIFJ12903CC4BA3,"Rinaldo : Act 3 ""Or la tromba in suon festante"" [Rinaldo]",Marilyn Horne,124.759,-16.682,231.57506,,,,,,,,,,,,
TRAVISL128F4213009,Filumena Fabulosa,Marga Gomez,124.479,-12.235,313.20771,,,,,,,,,,,,
TRAVITI128F147DA2B,Independent Girl (feat. Malki Singh),Apache Indian,159.986,-8.149,298.762,,,,,,,,,,,,
TRAVIVD128F934029B,Those Were the Days,John Berry,135.642,-8.924,230.42567,,,,,,,,,,,,
TRAVIVX12903C9726D,Devil In The Wood Pile,Noah Lewis,119.187,-26.469,169.74322,,,,,,,,,,,,
TRAVIZG128F4266E68,Mythodea - Music for the NASA Mission: 2001 Mars Odyssey/Movement 7,Vangelis,173.712,-15.235,297.76934,,,,,,,,,,,,
TRAVIZN128F149EA5A,Going Home (Album Version),Crazy Horse,74.739,-8.873,170.23955,,,,,,,,,,,,
TRAVJCF128F42755D5,We Started Together,The Sun Harbor's Chorus-Documentary Recordings,155.954,-16.945,52.45342,,,,,,,,,,,,
TRAVJDB128F93305EB,Tu Cicatriz En Mi,Gustavo Cerati,110.016,-4.286,232.48934,,,,,,,,,,,,
TRAVJHK128E078370B,Headsprung,LL Cool J,99.914,-7.553,270.10567,,,,,,,,,,,,
TRAVJNA128F421FFE0,Binaural Presentation - Kokoro. Pt. 5,Roger Reynolds,43.877,-41.806,313.73016,,,,,,,,,,,,
TRAVJOO128F14AD39C,Korean Waterhole,BT,148.653,-19.345,94.9024,,,,,,,,,,,,
TRAVJRC128F425D474,Together Alone,George Jones,168.248,-17.198,181.60281,,,,,,,,,,,,
TRAVJXS128F931C380,Nadie Como Tu,Tito Allen,192.021,-6.311,288.39138,,,,,,,,,,,,
TRAVKGE128F92E5944,Snakebit,Kris Kristofferson,136.908,-8.403,212.37506,,,,,,,,,,,,
TRAVKGJ12903CB81E3,She's Left Me Again,The Del McCoury Band,143.431,-11.732,170.94485,,,,,,,,,,,,
TRAVKGM12903CA66FB,Baggage,L7,104.101,-8.234,198.76526,,,,,,,,,,,,
TRAVKHZ128F930058B,Once Upon A Time,Antonio Koudele,134.156,-17.728,318.48444,,,,,,,,,,,,
TRAVKJI12903CF479A,Trebraruna,Moonspell,85.515,-6.309,209.03138,,,,,,,,,,,,
TRAVKJJ128F424DA32,Second Time Around,Rickie Lee Jones,64.011,-25.342,291.97016,,,,,,,,,,,,
TRAVKKG128E0784E75,Change You or Change Me (Amended Version),Fabolous,85.897,-7.677,283.61098,,,,,,,,,,,,
TRAVKOP12903CD4E39,Abril en Portugal,Perez Prado_ His Orchestra,134.937,-8.807,143.41179,,,,,,,,,,,,
TRAVKQF128F92E2FC1,Ni De Ti Wen,Vic Chou,105.062,-6.114,271.41179,,,,,,,,,,,,
TRAVKSX128F92EF211,Who Do You Think You're Fooling,Hank Locklin,75.959,-15.474,166.66077,,,,,,,,,,,,
TRAVKUT128F93462CE,Jam Intro,Joe Bonamassa,143.317,-9.518,201.06404,,,,,,,,,,,,
TRAVKVC128F42671D3,Who's Tha Hoe?,X-Raided,117.882,-7.325,159.4771,,,,,,,,,,,,
TRAVKYW128F421750B,Nada Mas,Mike Vax,94.681,-19.411,192.96608,,,,,,,,,,,,
TRAVLBK128F92D2829,Awaken - Lark Rise,Claire Hamill,229.049,-15.188,239.17669,,,,,,,,,,,,
TRAVLBV128F9349C70,Running Through My Dreams,Marcus Miller,102.399,-17.253,87.40526,,,,,,,,,,,,
TRAVLHT12903CAF2F6,White Sand,Alexandre Desplat,66.153,-30.854,78.47138,,,,,,,,,,,,
TRAVLKA128F428BBD3,I Just Don't Know What To Do With Myself,The Dells,203.016,-7.013,408.73751,,,,,,,,,,,,
TRAVLLM128F933067B,Racine dix-neuvième de huit-quarts,Henri Pousseur,79.266,-25.458,1130.94485,,,,,,,,,,,,
TRAVLNW128F4272F05,Te Mentiría,Gian Marco,99.984,-7.973,229.32853,,,,,,,,,,,,
TRAVLWL128F424EF6A,The Future Has Arrived,The All American Rejects,146.053,-9.168,185.99138,,,,,,,,,,,,
TRAVLWR128F9316DA6,Sodding About,The Who,120.928,-7.703,167.44444,,,,,,,,,,,,
TRAVLXZ128F42A22E4,May The Good Lord Bless And Keep You,Jim Reeves,87.038,-22.377,155.402,,,,,,,,,,,,
TRAVMFC128F428CDE0,Sparkle,Camp Lo,93.728,-13.239,227.65669,,,,,,,,,,,,
TRAVMOE128F9336555,Lingan,Atman,109.099,-10.017,341.36771,,,,,,,,,,,,
TRAVMPT128F4246BE4,Common Tear,Novika,200.016,-9.114,214.49098,,,,,,,,,,,,
TRAVMQE12903D08335,Close Your Eyes,Atomic Rooster,111.261,-9.217,158.77179,,,,,,,,,,,,
TRAVMRI128F4259E76,Paradise,Sade,80.292,-8.183,271.98649,,,,,,,,,,,,
TRAVMUT128F92F9857,Mi Bomba,Kako,128.808,-15.813,319.26812,,,,,,,,,,,,
TRAVMWQ128F934B098,When I Grow Up,Fever Ray,184.004,-9.277,335.5424,,,,,,,,,,,,
TRAVMXD12903CBBD0B,Once I Had A Woman,Jimi Hendrix,86.992,-13.615,469.60281,,,,,,,,,,,,
TRAVMXQ128E0785F82,If You Should Walk Away,Chris Clark,160.011,-13.781,192.65261,,,,,,,,,,,,
TRAVMYN12903CB58A2,I Hate to Be the One to Say,Gene Chandler,125.028,-9.693,144.71791,,,,,,,,,,,,
TRAVMZX128F14AB117,Caravane (Live 2006),Raphaël,99.75,-6.373,234.39628,,,,,,,,,,,,
TRAVNDK128F92E3F08,Take Over,Parachute Band,143.864,-5.049,272.14322,,,,,,,,,,,,
TRAVNHK12903CC5B48,Elbow Macaroni (Skit),Tech N9ne,191.383,-23.923,90.14812,,,,,,,,,,,,
TRAVNKA128F42282D4,Ich vermiss dich (Radio Mix),Jenney,170.017,-3.823,228.80608,,,,,,,,,,,,
TRAVNKY12903CCC5B3,Torero,Blingtones,133.211,-9.726,29.57016,,,,,,,,,,,,
TRAVNLT128F93528AB,Baila Baila  Vent Remix,Deekline & Wizard,133.987,-5.563,325.92934,,,,,,,,,,,,
TRAVNSS12903CAE1EF,Crazy Groove,Terje Lie,98.001,-11.179,267.38893,,,,,,,,,,,,
TRAVNST128F422EBD2,As The Sleeper Awakes,Soilwork,113.957,-3.282,258.16771,,,,,,,,,,,,
TRAVNUK128F92F274F,LEAVE!,V V Brown,100.009,-6.452,203.31057,,,,,,,,,,,,
TRAVNUX128F422231A,The Fugitives,Blindman's Sun,101.172,-9.324,639.42485,,,,,,,,,,,,
TRAVNVI128F4298D23,You Are Allowed 20 Birthday Parties (Album),Patton Oswalt,71.031,-12.769,338.05016,,,,,,,,,,,,
TRAVNYY12903CA6AA3,Liftoff,X-Raided,73.052,-6.392,281.83465,,,,,,,,,,,,
TRAVOAF12903CC29FB,La java bleue,Bézu,103.541,-6.655,145.99791,,,,,,,,,,,,
TRAVOBO128F422B7BC,Se un mio desir...Cedi al duo!,Cecilia Bartoli / International Chamber Soloists / Orchestra La Scintilla / Adam Fischer,79.261,-25.349,225.14893,,,,,,,,,,,,
TRAVOFJ128F933DEA1,Missing You,Anthony Cruz,161.899,-4.481,217.75628,,,,,,,,,,,,
TRAVOHH128F4247EF9,Sounds So Good,Ashton Shepherd,154.354,-4.66,207.09832,,,,,,,,,,,,
TRAVOJH12903CF3E86,I Love Being Single (club extended mix),Anthony Watson,190.01,-6.73,346.27873,,,,,,,,,,,,
TRAVOLQ128F9322DB4,Valentin Alsina,2 Minutos,95.502,-11.867,91.34975,,,,,,,,,,,,
TRAVONG128F148A68D,Everywhere (Dream Album Version),Michelle Tumes,124.104,-8.278,228.72771,,,,,,,,,,,,
TRAVOPU128F9360B7D,High Horse,Daniel Johnston,128.022,-8.208,153.33832,,,,,,,,,,,,
TRAVOTJ128F1472926,Noche De Ronda,Nelson Ned,91.044,-12.452,234.57914,,,,,,,,,,,,
TRAVOVP128E078512B,Find My Way (Album Version),P.O.D.,162.019,-3.753,189.54404,,,,,,,,,,,,
TRAVOWQ128F931412C,I Didn't Know,Benny Spellman,101.163,-18.498,171.75465,,,,,,,,,,,,
TRAVOXE12903D0FBB2,Good Old Dancehall Vibes,Beres Hammond Feat. Jah Youth,150.788,-5.652,247.77098,,,,,,,,,,,,
TRAVOXW12903CA910B,The Sound of C (Acapella),Confetti's,112.549,-8.99,40.17587,,,,,,,,,,,,
TRAVOYJ128F92DD470,The Barnyards Of Delgaty (Live),Tommy Makem;The Clancy Brothers,100.831,-13.906,121.67791,,,,,,,,,,,,
TRAVPGQ128E079530E,All The Rage (Clean Album Version),Funeral For A Friend,190.116,-3.624,217.49506,,,,,,,,,,,,
TRAVPHB128F92DA4F5,Lost In Space,Hatiras,130.017,-5.113,295.3922,,,,,,,,,,,,
TRAVPHL128F424EAE1,Who Are You,3 Doors Down,150.077,-4.706,188.65587,,,,,,,,,,,,
TRAVPKC128F424C826,To Leave The Building In Order To See What's Inside,Marygold,96.875,-3.851,227.05587,,,,,,,,,,,,
TRAVPNQ128F933F216,In The Void,Delta 9,197.143,-3.352,159.76444,,,,,,,,,,,,
TRAVPOK128F423276A,My Lady From South Of Detroit (LP Version),Cactus,144.217,-15.135,266.39628,,,,,,,,,,,,
TRAVPOV128F429EC1B,You (featuring Tank) (Amended Album Version),Plies featuring Tank,73.178,-5.672,218.04363,,,,,,,,,,,,
TRAVPQQ128F92F998A,Picture Book,Ray Davies,123.085,-11.298,151.87546,,,,,,,,,,,,
TRAVPRG12903CCBF03,Beautiful One,Terry Dexter,100.98,-8.489,281.86077,,,,,,,,,,,,
TRAVPSC128F147BEA8,Consumers (Album Version),45 Grave,130.49,-7.204,130.66404,,,,,,,,,,,,
TRAVPUM128F422062C,Fire,Diamond Rexx,103.14,-7.412,181.39383,,,,,,,,,,,,
TRAVPYA128F92D944F,El Jamaiquino,Poncho Sanchez,125.648,-13.462,339.80036,,,,,,,,,,,,
TRAVPYY128F92CEBAB,Britney,Bebo Norman,96.091,-6.291,213.4722,,,,,,,,,,,,
TRAVQBP128F145BB9B,Tongue,Butthole Surfers,122.47,-9.423,126.64118,,,,,,,,,,,,
TRAVQCA12903CA2F92,How Do I Maintain Pt. II,Shout Out Out Out Out,120.006,-7.571,233.9522,,,,,,,,,,,,
TRAVQEN12903CC828C,Quickstep,FSTZ,140.17,-7.173,257.09669,,,,,,,,,,,,
TRAVQER128F426FFDA,Not Meant To Be Found,Alan Silvestri,201.541,-14.931,42.91873,,,,,,,,,,,,
TRAVQGZ128F4231CEF,Can't Buy A Miracle - Album Version,Randy Stonehill,122.161,-8.724,227.16036,,,,,,,,,,,,
TRAVQIO128E0790E80,If Loving You Is Wrong I Don't Wanna Be Right,George Faith,119.866,-14.237,277.08036,,,,,,,,,,,,
TRAVQPL128F9308D97,Son Of A Bitch,Uriah Heep,141.118,-7.977,243.98322,,,,,,,,,,,,
TRAVQSW12903CE12F8,À l'arraché,Edgar Bori,76.562,-16.758,274.83383,,,,,,,,,,,,
TRAVQTM12903CE81E9,Le Chant Du Tropeau (La Canción Del Rebaño) Vals Tirolés,Yvette Horner,62.614,-7.748,137.32526,,,,,,,,,,,,
TRAVQUU128F92FA4E0,Going Home (Album Version),Marc Broussard,101.694,-10.462,222.22322,,,,,,,,,,,,
TRAVQWO128F429BC6B,Down,Montrose,85.493,-12.505,197.51138,,,,,,,,,,,,
TRAVQZF128F92F3CE3,Three Nil (live) (Album Version),Slipknot,122.865,-3.194,297.53424,,,,,,,,,,,,
TRAVRAE12903CC95D8,SUPER RISTA,TRAM 11,90.02,-7.212,303.04608,,,,,,,,,,,,
TRAVRIX128F92E8629,Ogni Silenzio,Petrol,121.99,-7.417,273.24036,,,,,,,,,,,,
TRAVRJA128F9329C4C,The Money Will Roll Right In,Mudhoney,81.419,-5.13,166.32118,,,,,,,,,,,,
TRAVRKK128F92F4F7D,Sentimental Journey,Barbara Lusch,100.278,-13.552,203.65016,,,,,,,,,,,,
TRAVRNN128F93234A9,Someday You Will,John Wesley Ryles,148.68,-12.113,132.30975,,,,,,,,,,,,
TRAVROB128F9305B80,Baby's On Fire,Eno,121.966,-9.645,316.99546,,,,,,,,,,,,
TRAVROF128F421AC2D,Mill Creek,Darden Smith,120.049,-14.18,234.73587,,,,,,,,,,,,
TRAVRPL128F145E874,Breathless,Lifer,98.513,-6.292,286.53669,,,,,,,,,,,,
TRAVRTO128F4280C14,Spotlight,Future Leaders of the World,120.638,-4.177,249.67791,,,,,,,,,,,,
TRAVRTQ12903CC8AA3,Put Some $ On It,Messy Marv & D.Z.,157.007,-6.303,273.03138,,,,,,,,,,,,
TRAVSAW128F9339DF2,Be & Flower,The Tall Grass,136.163,-19.92,273.73669,,,,,,,,,,,,
TRAVSHM128F422C50D,Sweet Child O' Mine (Alternate Mix),Green and Yellow,126.271,-10.149,358.79138,,,,,,,,,,,,
TRAVSQE12903CB6879,The Death Of Romance,Zeromancer,117.027,-6.236,207.17669,,,,,,,,,,,,
TRAVSQI128F4255127,Reflections,David Arkenstone,109.936,-23.577,508.89098,,,,,,,,,,,,
TRAVSRW128F4294603,I've Been Missin' You,Kenny G,117.661,-17.569,255.7122,,,,,,,,,,,,
TRAVSSU128F145DDE9,Children's Song No. 3,Renee Rosnes,108.234,-20.343,320.522,,,,,,,,,,,,
TRAVSVL128F14B12BE,Lotion (LP Version),Deftones,102.724,-3.59,237.73995,,,,,,,,,,,,
TRAVSZP128F92C53A0,Going Out West,Jesse Malin,133.404,-10.554,147.85261,,,,,,,,,,,,
TRAVTEH128E07953EA,The Radio Saved My Life Tonight,Bon Jovi,142.141,-5.567,314.20036,,,,,,,,,,,,
TRAVTET128EF34EFB8,Dhol Vajda,Tigerstyle,85.003,-8.025,351.45098,,,,,,,,,,,,
TRAVTGF12903CCE04B,You Can't Deep Freeze a Red Hot Mama,Sophie Tucker,165.578,-12.266,154.74893,,,,,,,,,,,,
TRAVTIM12903C95CE6,Saddam,Gregory Isaacs,159.89,-10.692,232.59383,,,,,,,,,,,,
TRAVTMG128F4262F39,Let It Burn,Krayzie Bone,100.119,-5.189,174.99383,,,,,,,,,,,,
TRAVTNF128F428C4EA,König und Königin,Paso Doble,156.26,-7.872,247.53587,,,,,,,,,,,,
TRAVTPF128F92D107E,Beats are my Weapons,impulsonic,128.955,-6.318,395.49342,,,,,,,,,,,,
TRAVTPJ128F4265425,Russian Easter Festival_ Overture_ Op.36,Göteborgs Symfoniker / Neeme Järvi,146.354,-21.394,904.80281,,,,,,,,,,,,
TRAVTPN12903CAF3A4,pH4,Paul Glazby,146.685,-13.977,445.57016,,,,,,,,,,,,
TRAVTTD12903C924AD,(I Wanna) Play A Little While,J.B.Lenoir,157.532,-15.622,167.23546,,,,,,,,,,,,
TRAVTUD128F93094F2,Where Youth And Laughter Go,Broadcast,119.2,-6.028,163.91791,,,,,,,,,,,,
TRAVTWD128F93528B4,Show Me - Splitloop Remix,Deekline & Wizard,133.983,-4.045,338.442,,,,,,,,,,,,
TRAVTWI128F93586D0,Break,SWAMI featuring Ishmael Morabe,93.225,-3.285,275.90485,,,,,,,,,,,,
TRAVTXM12903CEFD4C,You've Got A Chance,The Jackson Southernaires,113.092,-7.163,318.17098,,,,,,,,,,,,
TRAVUAJ128E078EDA2,What It Takes,Aerosmith,70.876,-4.82,314.27873,,,,,,,,,,,,
TRAVUGT128F934D1F2,Feel In The House,The Tamperer,124.998,-4.902,333.42649,,,,,,,,,,,,
TRAVUHY128F426A1CA,Dis_ Oh Dis (Everybody Loves A Lover),Line Renaud,92.905,-14.512,171.17995,,,,,,,,,,,,
TRAVUOI128F424142F,Everything Ends (Live version) (Album Version),Slipknot,125.02,-3.176,303.59465,,,,,,,,,,,,
TRAVUOW128F4262955,Oh It's You,Super Cat,167.377,-9.349,229.66812,,,,,,,,,,,,
TRAVUPN128F93408D6,Breakdown [Live with Brett Dennen & Mason Jennings],Missy Higgins,38.337,-14.313,185.57342,,,,,,,,,,,,
TRAVUXG12903CE2D57,Nanea Kou Maka I Ka Le'ale'a,Ray Kane,104.67,-20.737,262.26893,,,,,,,,,,,,
TRAVUXN128F147ED0F,Last Hope's Gone (LP Version ),The Paul Butterfield Blues Band,86.278,-9.353,289.61914,,,,,,,,,,,,
TRAVUYA128F92EBE1E,Federico,Mongo Santamaria Orchestra,106.822,-12.464,203.25832,,,,,,,,,,,,
TRAVUYL128F934A9C5,Das Geheimrezept,Larissa,100.929,-12.967,187.24526,,,,,,,,,,,,
TRAVUYV128F4239504,Tell Me Who,Big Maybelle,173.071,-5.723,130.87302,,,,,,,,,,,,
TRAVVBW128F42819B2,Stay Loose,Belle & Sebastian,86.505,-7.916,401.8673,,,,,,,,,,,,
TRAVVDF128F92E6FD7,Just An Expression,Bruce Katz Band,96.952,-17.216,209.05751,,,,,,,,,,,,
TRAVVEB128F934DD34,Whatever It Took,X-Raided,115.717,-3.103,210.70322,,,,,,,,,,,,
TRAVVHD128F4276138,Singing The Night,Daniel Kobialka,101.073,-14.768,404.21832,,,,,,,,,,,,
TRAVVIV128F932617C,Cry Yourself To Sleep,War Babies,165.965,-5.977,285.83138,,,,,,,,,,,,
TRAVVKY128F147C330,No Return (Album Version),Fastball,131.964,-12.555,248.92036,,,,,,,,,,,,
TRAVVMO128F422B4CC,Tempestad,Ray Sandoval,106.324,-17.621,415.99955,,,,,,,,,,,,
TRAVVOP12903CC5771,Down Home,Nick Ingman,97.571,-9.146,179.43465,,,,,,,,,,,,
TRAVVRE128F92EC0A9,There She Goes Again,R.E.M.,138.703,-5.775,163.81342,,,,,,,,,,,,
TRAVVSL128F92F607D,Adios_ Mi Corazon,Herb Alpert And The Tijuana Brass,97.52,-14.962,163.94404,,,,,,,,,,,,
TRAVVTS128F429F74D,The Gal I Love,Washboard Sam,99.006,-15.853,165.0673,,,,,,,,,,,,
TRAVVUS128F92EA4F9,5 4 3 2 1,Rob Mullins,146.306,-12.688,242.07628,,,,,,,,,,,,
TRAVVWK128F4244971,Natty Dread Up Town,The Twinkle Brothers,94.303,-16.154,198.37342,,,,,,,,,,,,
TRAVVYK128F92E7FDE,Aubade D'Oiseau,André Verchuren,210.858,-10.307,160.26077,,,,,,,,,,,,
TRAVVZW12903CCEEE7,Into The Groove,Madonna,116.512,-4.104,285.09995,,,,,,,,,,,,
TRAVWAA128F145DE49,St. Louis Blues (24-Bit Digitally Remastered 99),Peggy Lee,139.301,-9.152,134.81751,,,,,,,,,,,,
TRAVWFL128F93173B6,Impromptu,Johnny Keating & All Stars,132.043,-25.556,177.26649,,,,,,,,,,,,
TRAVWHZ128F932B179,Don't Go (Produced by Frequency),Wordsworth feat. Adanita Ross,85.263,-4.612,237.13914,,,,,,,,,,,,
TRAVWIP128E078FA3D,Family Tree,Naughty By Nature,93.502,-3.831,330.08281,,,,,,,,,,,,
TRAVWLA12903CC81E1,Myasorubka,Kruger,137.926,-3.315,171.67628,,,,,,,,,,,,
TRAVWON128F9331A41,Think That Love Was In Your Heart,Glen Ricks,163.937,-11.887,220.39465,,,,,,,,,,,,
TRAVWRV128F427D06A,Profecias,Vox Dei,66.856,-18.342,456.69832,,,,,,,,,,,,
TRAVWTN128F425D2D5,Headlines,John Fogerty,130.461,-5.074,269.29587,,,,,,,,,,,,
TRAVWVL12903CABEEA,The Mojo,J.B. Lenoir,99.829,-11.923,176.37832,,,,,,,,,,,,
TRAVWVZ128F4239DD1,Red,Zebra,90.07,-8.189,205.11302,,,,,,,,,,,,
TRAVWWN128F4298B20,Rytmikone,J. Karjalainen & Mustat Lasit,89.625,-14.451,194.45506,,,,,,,,,,,,
TRAVWYR128F92DED0F,Dans Ces Villes,Julie Zenatti,105.931,-3.737,227.5522,,,,,,,,,,,,
TRAVWZA128F931F36E,Ahead By A Century,The Tragically Hip,84.373,-7.372,225.43628,,,,,,,,,,,,
TRAVXBL128F42BB389,Girl You're So Together,Michael Jackson,111.459,-10.44,188.99546,,,,,,,,,,,,
TRAVXEP128F14539AE,Introduction (Album Version),Fort Minor,122.843,-14.866,43.38893,,,,,,,,,,,,
TRAVXIG128F4266779,Satan Kingsize,Elena,116.075,-9.718,237.60934,,,,,,,,,,,,
TRAVXII128F92FCC6D,Mind Control,Stephen Marley,118.144,-9.364,270.05342,,,,,,,,,,,,
TRAVXJJ12903D0F1D8,So Damn High (Will Eastman Club Edit),Ruby Isle,128.004,-6.326,277.73342,,,,,,,,,,,,
TRAVXUN12903CAC564,Hawaiian Wedding Song,The King Sisters,58.294,-27.863,195.89179,,,,,,,,,,,,
TRAVXVJ128F92EA97C,Time On My Hands (You In My Arms),Ray Conniff;Billy Butterfield,116.195,-13.526,175.15057,,,,,,,,,,,,
TRAVXZP128F425C677,River Run,Michael Gettel,168.035,-16.685,452.25751,,,,,,,,,,,,
TRAVYGA128F14A2A3A,She's Got Me Singing [Bonus Track],Billy Butler,124.335,-12.872,180.32281,,,,,,,,,,,,
TRAVYHI12903CB95EC,Ride Wit Me,T-Bone,96.007,-6.135,234.16118,,,,,,,,,,,,
TRAVYIU128F42625E1,Standing On My Own,Agnostic Front,112.292,-5.152,105.84771,,,,,,,,,,,,
TRAVYNN128F425EBBC,Let It Go,Kirk Franklin with tobyMac & Sonny (of P.O.D.),153.819,-9.07,299.85914,,,,,,,,,,,,
TRAVYPH128F149B902,Assouf,Tinariwen,160.887,-7.386,238.68036,,,,,,,,,,,,
TRAVYRR128F423C597,Make That Money (Scrooge's Song) (Album Version),Alice Cooper,92.685,-10.998,209.47546,,,,,,,,,,,,
TRAVYTB128F4242404,Les Rats,Ramses,76.549,-7.711,214.41261,,,,,,,,,,,,
TRAVYVD128F4237876,Esquilo não samba,Móveis Coloniais de Acaju,150.529,-5.344,271.5424,,,,,,,,,,,,
TRAVYXA128F425906C,Vida,Andy Andy,90.035,-6.73,264.46322,,,,,,,,,,,,
TRAVYXL128EF34722F,Reason,Novembre,113.746,-5.437,313.3122,,,,,,,,,,,,
TRAVYXU128F92E0FE8,Live At Fabbricaeuropa_ Florence 1,Symbiosis Orchestra,133.329,-10.174,297.35138,,,,,,,,,,,,
TRAVZBG128F9332358,Get Picked Up (Niyi Can't Mix Version 1),Crazy Girl,91.967,-6.609,357.14567,,,,,,,,,,,,
TRAVZDX128F92ECF9B,Argument,Luciana Souza,64.988,-26.455,198.89587,,,,,,,,,,,,
TRAVZLU128F9305DD2,Viola Lee,Jim Kweskin_ The Jug Band,87.461,-9.444,236.79955,,,,,,,,,,,,
TRAVZQD12903CAD658,Do Re Mi,Percy Faith,127.853,-12.898,151.09179,,,,,,,,,,,,
TRAVZTI12903CFD2F7,Standing Outside of Heaven,Jimmy Wakely,187.44,-15.251,139.04934,,,,,,,,,,,,
TRAVZWX128F92EC110,Blink Of An Eye (Alternative),Berlin,104.04,-4.521,255.32036,,,,,,,,,,,,
TRAVZYU128F92E4ECB,Travel Writer,California Oranges,128.005,-5.77,198.42567,,,,,,,,,,,,
TRAVZZV128F42AE511,Camiño De Santiago,Carlos Nuñez,143.969,-11.019,275.43465,,,,,,,,,,,,
TRAWABF128F92EC63A,Hawaï,Java,178.343,-11.619,361.1424,,,,,,,,,,,,
TRAWABG12903CC0F03,Sleepy F%#&in' D,Sleepy D,192.068,-10.978,251.08853,,,,,,,,,,,,
TRAWAHX128F932B2FD,Teach Me Tonight (Album Version),Eddie Cano,98.501,-16.077,182.49098,,,,,,,,,,,,
TRAWAHY128F14AA11E,Out In The Woods,Leon Russell,158.754,-14.274,218.51383,,,,,,,,,,,,
TRAWAJX128F426570B,Hungry People,Otis Taylor,84.56,-10.432,301.87057,,,,,,,,,,,,
TRAWALQ128F427E65A,Krazy In Luv,Beyoncé,99.694,-5.533,254.98077,,,,,,,,,,,,
TRAWAQB128F930D7F7,22 (Vingt Deux) (Feat. Ours),Lily Allen Featuring Ours,130.939,-4.713,189.20444,,,,,,,,,,,,
TRAWASU12903D07A25,The Man Machine (2009 Digital Remaster),Kraftwerk,89.346,-10.486,332.14649,,,,,,,,,,,,
TRAWAWH128F934C8E4,Since I've Been Loving You,Fiona,170.238,-6.253,297.42975,,,,,,,,,,,,
TRAWAXO12903CB2364,The Rock,Atomic Rooster,143.137,-12.535,269.71383,,,,,,,,,,,,
TRAWAXV128F92E075C,Empty,Information Society,95.002,-8.575,512.78322,,,,,,,,,,,,
TRAWBBO128F92D15E1,Cold_ Cold Heart,Charlie Rich,93.03,-13.353,174.18404,,,,,,,,,,,,
TRAWBEN128F931012E,Tócale Las Palmas,Peret,86.005,-3.97,179.69587,,,,,,,,,,,,
TRAWBFX128F4213891,Metamorphosis,Sonny Simmons,100.53,-10.179,699.03628,,,,,,,,,,,,
TRAWBGU128F93306A8,Moonlight Boy,Jim Chappell,69.147,-22.34,296.12363,,,,,,,,,,,,
TRAWBGZ12903CDA47E,Minuit sur terre,Alain-François,141.892,-7.627,294.42567,,,,,,,,,,,,
TRAWBHE12903CBC4CB,Nothin' On You [feat. Bruno Mars] (Album Version),B.o.B,104.038,-5.388,269.63546,,,,,,,,,,,,
TRAWBKF128F92D7EC2,Betty Et Tommy (Instrumental),Cali,75.25,-16.69,90.33098,,,,,,,,,,,,
TRAWBNP128F42BA71A,Sexy Ladies,Justin Timberlake,100.012,-5.044,238.602,,,,,,,,,,,,
TRAWBOE128F92F2F46,You Are,Pearl Jam,94.916,-8.053,268.69506,,,,,,,,,,,,
TRAWBOS128EF33F24A,Äi Jo,ÄI-TIEM,135.799,-9.686,100.70159,,,,,,,,,,,,
TRAWBPY128F425512E,Fotia Sta Savvatovrada (Live),Angela Dimitriou,132.076,-7.46,177.3971,,,,,,,,,,,,
TRAWBSO128F931F551,19th Nervous Breakdown,Jason & The Scorchers,176.269,-11.812,227.49995,,,,,,,,,,,,
TRAWBSZ128F4278C10,Why You Wanna Get Funky...,Del The Funky Homosapien,83.646,-8.039,316.60363,,,,,,,,,,,,
TRAWBVQ128F149ADFD,Balon Combo,Mau Mau,195.874,-7.106,233.40363,,,,,,,,,,,,
TRAWBVW128F932A39F,Packed Up And Took My Mind,Little Milton,141.609,-11.062,278.30812,,,,,,,,,,,,
TRAWBWG128F1462C30,Stand Firm (2002 Digital Remaster),Peter Tosh,146.644,-9.821,371.1473,,,,,,,,,,,,
TRAWBXQ128F149BF78,Two Note Swivel (Unfinished Outtake),Talking Heads,116.125,-12.041,348.78649,,,,,,,,,,,,
TRAWBYI128F934BD90,We Say No,The Freedom,139.103,-7.779,189.3873,,,,,,,,,,,,
TRAWBYJ128F4254E34,Dreaming,Movado,184.012,-6.94,182.07302,,,,,,,,,,,,
TRAWBZE12903CA6CFA,Don Toribio,Varios Artistas de Rumba,113.862,-5.762,171.88526,,,,,,,,,,,,
TRAWCGS128F934BE2F,We Who Finish Last,Shai Hulud,136.331,-4.019,188.29016,,,,,,,,,,,,
TRAWCIC128F92FE36A,Gia,Despina Vandi,130.022,-5.529,253.07383,,,,,,,,,,,,
TRAWCIS128F428CFD1,Jones From Indiana,Daughters,143.251,-4.058,64.9922,,,,,,,,,,,,
TRAWCJY128F146A1D5,Don't Want To Know (1999 Digital Remaster),Bryan Ferry,119.897,-6.895,247.11791,,,,,,,,,,,,
TRAWCLF128F92F48C4,La Pierrade,Bénabar,143.143,-12.5,243.59138,,,,,,,,,,,,
TRAWCQE128F14676AC,Simon,Lifehouse,141.78,-7.072,360.95955,,,,,,,,,,,,
TRAWCQH12903CA9CB0,LFO [Original by LFO],Luke Vibert,65.658,-5.388,347.8722,,,,,,,,,,,,
TRAWCRG128F934F65B,Your Heart Can Sing,Bruce BecVar,135.929,-14.374,257.93261,,,,,,,,,,,,
TRAWCRK128F427CA9F,Communication,Mario Piu,137.981,-9.152,430.54975,,,,,,,,,,,,
TRAWCRX128F9338160,Feel Like Blowing My Horn,Robert Lockwood_ Jr.,90.64,-13.456,274.70322,,,,,,,,,,,,
TRAWCTI128F931BF21,Twelve Ounce (Album Version),Home Town Hero,161.991,-3.798,206.88934,,,,,,,,,,,,
TRAWCTL12903CBD92A,Innsmouth Jewelry,Misty Roses,105.046,-11.487,290.7424,,,,,,,,,,,,
TRAWCTS128F4275C3C,People with honour,Wilks,89.99,-8.908,274.05016,,,,,,,,,,,,
TRAWCUK128F92DE15C,The First Cut Is The Deepest,Little Angels,85.163,-6.489,229.01506,,,,,,,,,,,,
TRAWCXJ128F426F2B5,Mr. Marshall,Johnny Osbourne,128.532,-9.237,226.69016,,,,,,,,,,,,
TRAWCYI128F9316BD9,Where Have All The Clowns Gone,Michael Stanley Band,167.336,-15.089,257.61914,,,,,,,,,,,,
TRAWDAI128F148438A,Love Theme From Night Of Dark Shadows (unused Version),Dark Shadows,130.557,-27.942,116.6624,,,,,,,,,,,,
TRAWDEZ128F427ED67,so long_ astoria,The Ataris,199.028,-3.254,199.26159,,,,,,,,,,,,
TRAWDLK128EF342E1E,Suicide,Redman,98.401,-12.466,209.84118,,,,,,,,,,,,
TRAWDOU128F146D770,The Greeting Song (Album Version),Red Hot Chili Peppers,134.221,-9.959,193.43628,,,,,,,,,,,,
TRAWDRR128F4285F57,Careless Whisper,Kenny G Featuring Brian McKnight,149.979,-7.098,232.25424,,,,,,,,,,,,
TRAWDWZ128F9340E55,Famous Girl,Chris Brown,105.98,-4.963,219.21914,,,,,,,,,,,,
TRAWDXZ12903CA6E1D,Retarded Army,Rocky Whatule,97.875,-8.412,197.642,,,,,,,,,,,,
TRAWDYU128E07866AD,Trinity Definitely (Album Version),Don Davis,138.494,-27.24,255.32036,,,,,,,,,,,,
TRAWDZY128F9339D32,To Your Door,Maria Forde,94.753,-10.775,175.5424,,,,,,,,,,,,
TRAWEBH128F932A8CF,Ai Bu Hui Yi Zhi Deng Ni,Ken Chu,110.078,-6.806,224.78322,,,,,,,,,,,,
TRAWEDC128F14A2EBA,Contagious,Y&T,123.788,-12.083,201.74322,,,,,,,,,,,,
TRAWEDG128F42A5F1C,Seven Drunken Nights,Ronnie Drew,117.141,-10.652,195.00363,,,,,,,,,,,,
TRAWEFD12903CBADE8,Kandiyohi,The Honeydogs,117.003,-6.654,221.07383,,,,,,,,,,,,
TRAWEFQ128F92EF95E,Der Kleine Idiot,Marco Rima,187.511,-8.036,362.9971,,,,,,,,,,,,
TRAWEIX128F14B0F05,They Reminisce Over You (Single Version),Pete Rock & C.L. Smooth,101.779,-10.235,286.69342,,,,,,,,,,,,
TRAWENG128F93105B0,Why,Bescenta,76.014,-6.479,231.91465,,,,,,,,,,,,
TRAWEQF128F42591E9,Nação,Clara Nunes,91.806,-12.82,213.49832,,,,,,,,,,,,
TRAWEST128F4242614,Meathead (Album Version) (Non-PA),Story Of The Year,209.695,-4.219,145.3971,,,,,,,,,,,,
TRAWEUP128F92E72BD,Straight Coats,Kokane,94.854,-8.796,208.03873,,,,,,,,,,,,
TRAWEWS128F4297249,Notify The President Feat. Celestial Souljahz - Shabazz The Disciple & Freestyle,Massive Töne,92.872,-8.096,310.25587,,,,,,,,,,,,
TRAWEYD128F148C93B,Talk,Bert Kaempfert And His Orchestra,88.47,-11.554,132.5971,,,,,,,,,,,,
TRAWFAG128F92F6CDE,It's A Man's World (Live_ Saginaw Civic Centre_ 1 January 1970),MC5,125.848,-18.044,351.60771,,,,,,,,,,,,
TRAWFBM12903C9F412,Skvoz' Tuman Vekov,Arkona,150.068,-6.635,310.33424,,,,,,,,,,,,
TRAWFCM12903CBE6FA,In the Underworld,Skyforger,100.138,-4.194,252.81261,,,,,,,,,,,,
TRAWFGF128E0792FE0,Stop The World,Extreme,87.337,-7.759,364.38159,,,,,,,,,,,,
TRAWFIQ12903CEF3C2,Dos Arbolitos (Ranchera),Gloria Lasso,109.54,-9.165,147.82649,,,,,,,,,,,,
TRAWFKP12903D0066A,Madame Irma,Théophil,109.373,-10.516,305.3971,,,,,,,,,,,,
TRAWFLJ128F14B064D,Down On The Street (False Start Take 2),The Stooges,126.641,-6.969,211.35628,,,,,,,,,,,,
TRAWFNS128F92F42F7,Get that Girl (Remix),Mother Superior,145.48,-7.344,169.63873,,,,,,,,,,,,
TRAWFQT128F4294716,Reaching For The Best,The Exciters,137.237,-8.031,194.53342,,,,,,,,,,,,
TRAWFRU128F42382AE,Mi Musica Es Para Ti,Johnny Pacheco,117.125,-12.068,183.03955,,,,,,,,,,,,
TRAWFSY128EF35DC76,Palm Springs Jump,Buffalo Nickel Band,163.759,-18.095,200.25424,,,,,,,,,,,,
TRAWFTQ12903CAC1FA,These Words,Natasha Bedingfield,97.325,-7.331,377.25995,,,,,,,,,,,,
TRAWFVE128F42912CA,Sympozium,Dimmu Borgir,186.848,-2.307,313.88689,,,,,,,,,,,,
TRAWFYF12903D054FB,Fool,Cartel,154.076,-6.043,177.3971,,,,,,,,,,,,
TRAWFYX12903CA4766,Whitfield,Atomship,136.129,-5.233,296.04526,,,,,,,,,,,,
TRAWFZB128F92FFB99,Stairway To Cleveland,Jefferson Starship,189.735,-6.681,240.3522,,,,,,,,,,,,
TRAWGDB128F42AD39D,Quiet Time,Regina Belle,92.643,-9.174,307.22567,,,,,,,,,,,,
TRAWGKB128F4268327,Your Prophetic Throne Of Ivory,Disembowelment,79.952,-10.351,460.56444,,,,,,,,,,,,
TRAWGLP128F92DE5AD,Ripped Pants,Spongebob Squarepants,122.887,-8.892,76.82567,,,,,,,,,,,,
TRAWGNF128F93367E4,Don't Wait For Me,Fred Locks,161.895,-7.902,243.43465,,,,,,,,,,,,
TRAWGSI128F92D3E8D,It Hurts Me To My Heart,Bobby Marchan,79.531,-10.26,156.23791,,,,,,,,,,,,
TRAWGTL128F932D4F9,We Are One,Kelly Sweet,135.015,-7.321,504.92036,,,,,,,,,,,,
TRAWGUR128F423F668,Introitus: Requiem: Agnus Dei,Kuijken Kwartet,64.905,-27.564,184.86812,,,,,,,,,,,,
TRAWGXD128F428A36B,Guys Do It All The Time,Mindy McCready,165.763,-6.782,192.62649,,,,,,,,,,,,
TRAWGYK128F42B847B,Mamma's Kitchen,Cece Winans,85.199,-11.914,103.65342,,,,,,,,,,,,
TRAWGYZ128F92C494B,Wave,Patti Smith Group,76.814,-20.058,284.21179,,,,,,,,,,,,
TRAWHBM128F4214E2B,Do That There (Album Instrumental),Lyrics Born,104.492,-9.097,209.73669,,,,,,,,,,,,
TRAWHDG128F426C8E3,Better Ways,Tam Tam Go!,118.041,-8.22,223.97342,,,,,,,,,,,,
TRAWHHF128F428C2C2,Jingle Bells,Maddox Brothers and Rose,99.6,-12.177,145.162,,,,,,,,,,,,
TRAWHIX128F92F5792,Dub In Bed,Alternative TV,136.69,-16.701,180.63628,,,,,,,,,,,,
TRAWHJS128F93333E3,All Night Long,Junior Kimbrough,168.814,-10.871,355.68281,,,,,,,,,,,,
TRAWHKB12903C9A7E6,Traveling Fast,Pat Metheny,108.407,-13.186,711.70567,,,,,,,,,,,,
TRAWHKS128F9330619,First Kiss,Jim Chappell,88.479,-25.266,241.8673,,,,,,,,,,,,
TRAWHSM128F9301172,It's All In How You Look At It,Big Jay Oakerson,122.757,-8.33,172.5122,,,,,,,,,,,,
TRAWHTB128F92FE5B8,Contrary Mary  (LP Version),Kix,162.944,-3.649,191.13751,,,,,,,,,,,,
TRAWHWM128F14A3AA7,Miss Clara/Azusa Sue,Bobbie Gentry,141.052,-11.81,261.09342,,,,,,,,,,,,
TRAWHYL128F42934D4,Believe In Me (Clubb Mix),ATB,129.993,-5.84,479.76444,,,,,,,,,,,,
TRAWHZE128F42AA354,Miyela Afrika,Vusi Mahlasela,77.39,-6.642,297.56036,,,,,,,,,,,,
TRAWHZJ128E0785694,Eruption (Remastered Album Version),Van Halen,96.714,-8.027,101.45914,,,,,,,,,,,,
TRAWHZK12903CB5A01,Comfort Zone,Everyday Sunday,194.107,-4.948,160.46975,,,,,,,,,,,,
TRAWHZS128F429CF97,Dead Hackers,Marco Beltrami,119.729,-20.823,91.37587,,,,,,,,,,,,
TRAWIDZ128F933A451,Ruby Don't Take Your Love To Town,Ed Bruce,103.431,-24.457,165.25016,,,,,,,,,,,,
TRAWIFA128F92CC53E,The Conversation,Mt. Wilson Repeater,99.87,-12.345,299.88526,,,,,,,,,,,,
TRAWIFJ128F4259E47,Now It's My Turn (Aqualite Mix),Berlin,131.989,-9.424,231.18322,,,,,,,,,,,,
TRAWIGC128F4295A2F,Ich bin jung und brauche das Geld,Eko Fresh feat. G-Style,93.203,-7.993,266.57914,,,,,,,,,,,,
TRAWIGT128F427448E,Tengo Un Novio Tántriko,Las Ketchup,90.545,-4.939,195.73506,,,,,,,,,,,,
TRAWIJG128F42B502C,Two Hearts One Love,Shania Twain,113.846,-3.807,223.00689,,,,,,,,,,,,
TRAWILT128F93077D7,The Rainbow Bridge,Danny Williams,143.869,-15.506,249.93914,,,,,,,,,,,,
TRAWINM128F932555F,Vapour Fragments,Intex Systems,45.514,-14.302,131.13424,,,,,,,,,,,,
TRAWINQ12903CEC82D,Slangen I Paradis,Cutting Edge,145.077,-10.367,336.77016,,,,,,,,,,,,
TRAWINR128F93378C6,M'En Vas A La Fontaine,Jacques Douai,241.242,-20.243,107.41506,,,,,,,,,,,,
TRAWIOY128F147E3B8,Sexo_ Pudor Y Lágrimas (Drum & Bass Mix),Aleks Syntek,147.941,-7.973,350.11873,,,,,,,,,,,,
TRAWIPL128F92DE851,A Fall Song,Cross Country,129.169,-11.724,168.77669,,,,,,,,,,,,
TRAWIQY12903CCC64A,Missing (Live in Europe),Evanescence,87.522,-8.061,255.13751,,,,,,,,,,,,
TRAWIRJ128F145C918,Angel Fire,Eddy Raven,119.657,-13.664,223.26812,,,,,,,,,,,,
TRAWISL128F422B153,Brampton Boogaloo,Mocambo Allstars,116.484,-9.046,231.81016,,,,,,,,,,,,
TRAWITR12903CBF192,Standin In,Tunsi,90.216,-8.588,235.78077,,,,,,,,,,,,
TRAWIVY12903CF4A87,Alive,Dala,121.967,-7.397,240.27383,,,,,,,,,,,,
TRAWIXK12903CE8E34,Single Again (Remix),Rick Ross,125.804,-12.415,105.69098,,,,,,,,,,,,
TRAWJAP12903CC515C,Sister Sue,Commander Cody & His Lost Planet Airmen,182.918,-14.152,162.45506,,,,,,,,,,,,
TRAWJBE12903C9EB05,Unsaveable (Album Version),Faith Hill,87.003,-5.537,231.44444,,,,,,,,,,,,
TRAWJDS128F4262D92,Let Men Burn Stars,M83,110.182,-12.692,116.45342,,,,,,,,,,,,
TRAWJFG128F92EFA9B,Mathilda,The Fabulous Thunderbirds,115.476,-8.037,196.44036,,,,,,,,,,,,
TRAWJGE128F931A468,I Am A Pilgrim,Michael Bloomfield,87.644,-13.4,148.24444,,,,,,,,,,,,
TRAWJJD128F425A897,Ine Mono Ekloges,Imiskoubria,93.003,-6.967,246.54322,,,,,,,,,,,,
TRAWJNK128F92FA89F,DJ's & MC's,Rodney O_ Joe Cooley,94.513,-8.149,222.27546,,,,,,,,,,,,
TRAWJPF128F42626DB,Monopoly On Sorrow,Suicidal Tendencies,130.345,-6.61,312.55465,,,,,,,,,,,,
TRAWJSC128F4276AEC,Te Necesito,David Summers,160.828,-10.285,255.39873,,,,,,,,,,,,
TRAWJYM12903CF5692,All In,Joe McBride,99.99,-7.882,262.76526,,,,,,,,,,,,
TRAWJZY128EF3664C1,Das Guru,Jazzy B,163.855,-5.759,342.96118,,,,,,,,,,,,
TRAWKDN128F9321552,I Will (Patitu),UKW,89.593,-6.08,215.562,,,,,,,,,,,,
TRAWKJD128F9333178,Ohe Nene,Roy Brown,51.477,-13.948,276.97587,,,,,,,,,,,,
TRAWKPT128E0795428,Bury Your Head (Acoustic),Saosin,125.062,-3.828,254.27546,,,,,,,,,,,,
TRAWKQB128F92EE55D,Ouragan,Oldelaf et Monsieur D,116.714,-11.946,540.47302,,,,,,,,,,,,
TRAWKQN128F14739A1,Wild Horse Road  (LP Version),John Stewart,80.169,-20.55,169.79546,,,,,,,,,,,,
TRAWKQN128F427FA2F,Step Up,Flamin' Groovies,159.337,-9.113,199.49669,,,,,,,,,,,,
TRAWKSZ128F92F0F25,Disco Medley (Live At Houston Astrodome),Selena,123.759,-6.804,222.11873,,,,,,,,,,,,
TRAWKTD128F92F47FA,I'll See You Sunday,Twila Paris,135.421,-12.908,235.65016,,,,,,,,,,,,
TRAWKXK128F42B62B3,Come Home With Me,Cam'Ron / Juelz Santana / Jimmy Jones,163.57,-5.104,301.50485,,,,,,,,,,,,
TRAWKXZ128F92FAD05,Preaching Blues (Up Jumped The Devil) (1978 Version),John Hammond,204.255,-12.541,262.16444,,,,,,,,,,,,
TRAWLGG128F42884CA,Pianolude,Usher,209.056,-16.611,212.61016,,,,,,,,,,,,
TRAWLGP12903CE9F59,Rudeboy Shuffling,Dwayne_ Gyptian,137.89,-7.956,245.52444,,,,,,,,,,,,
TRAWLIM128F92F13EF,You'll Never Know,Mindy McCready,124.218,-6.142,240.69179,,,,,,,,,,,,
TRAWLLF128F427C487,Who Killed Sparky?,Sasha,126.036,-5.591,733.88363,,,,,,,,,,,,
TRAWLNP12903CB425B,Punisher (Loefah's SE25 Remix),Pinch,97.343,-15.873,337.91955,,,,,,,,,,,,
TRAWLOP12903CD13EE,Release,Perpetual Loop,189.972,-12.006,386.97751,,,,,,,,,,,,
TRAWLRK128F930F89B,Amor Bonito,Pablo Montero,97.874,-8.985,169.82159,,,,,,,,,,,,
TRAWLSE128F146B59C,Último Desejo,Nana Caymmi,106.012,-15.081,298.9971,,,,,,,,,,,,
TRAWLSX128F425B803,Let Me,Casual,83.979,-7.341,270.78485,,,,,,,,,,,,
TRAWLTG12903CB226E,The Race,Bikini Machine,109.402,-5.073,280.76363,,,,,,,,,,,,
TRAWLTZ128F9308CC9,The Scarifice Ceremony,Max Steiner,202.496,-14.528,145.84118,,,,,,,,,,,,
TRAWLVX128F934E63C,"sample processing failed (part one: ""why don't you fuckin' remember anything ?"")",Aphasia,68.544,-1.651,207.5424,,,,,,,,,,,,
TRAWLXR128F931B059,Ten Cities Is Not A European Tour,Pagan Wanderer Lu,87.999,-6.066,297.66485,,,,,,,,,,,,
TRAWLXR128F931F009,Le type d'en face,Guillaume Ledent,190.309,-7.347,229.8771,,,,,,,,,,,,
TRAWLYD128F42153D2,Un Cachito De Ti,Sergio Dalma,164.024,-5.768,253.59628,,,,,,,,,,,,
TRAWLYF128F92D9EE0,Blue Skies,Blue October,116.896,-6.8,223.29424,,,,,,,,,,,,
TRAWLYS12903CCFEFC,Samba De Una Nota So´,Joa~o Gilberto,109.107,-13.278,98.14159,,,,,,,,,,,,
TRAWMBE128F423A76C,Fighters (feat. Matthew Santos) (Amended Album Version),Lupe Fiasco feat. Matthew Santos,140.046,-10.027,213.34159,,,,,,,,,,,,
TRAWMCL12903CAC63B,What Should Be Done,Uriah Heep,143.14,-16.118,252.9171,,,,,,,,,,,,
TRAWMDW128F42B0C97,Military Man,Willie Barcena,116.784,-17.954,146.59873,,,,,,,,,,,,
TRAWMIN12903CA6A8F,Gitana,Gloria Lasso,108.584,-16.961,185.49506,,,,,,,,,,,,
TRAWMMI128F149CB27,Breaking Down The Walls Of Heartache,Dexys Midnight Runners,155.521,-6.913,245.36771,,,,,,,,,,,,
TRAWMRE128F92F6D21,He'll Have To Go,Frank Ifield,85.216,-13.192,152.92036,,,,,,,,,,,,
TRAWMTG12903CDE042,In The Valley Of The Moon,Jimmy Wakely,96.801,-20.779,165.61587,,,,,,,,,,,,
TRAWMXP128F424D68B,Baby Is Blue,Chris Jagger,109.346,-12.497,198.03383,,,,,,,,,,,,
TRAWMXZ128E0786ABD,Voodoo Punnany (Album Version),Joe Rogan,106.229,-9.022,268.25098,,,,,,,,,,,,
TRAWMYN128F4269C97,18 Carat Garbage,Billie Ray Martin Feat. Ann Peebles,126.006,-6.357,466.96444,,,,,,,,,,,,
TRAWNBV128F4279867,Loving You,Johnny Nash,170.987,-12.575,161.67138,,,,,,,,,,,,
TRAWNCP128F4261F65,"Born In Louisiana [with Clarence ""Gatemouth"" Brown] [Live]",Kenny Wayne Shepherd,90.514,-7.357,386.48118,,,,,,,,,,,,
TRAWNDA128F9341C35,Make Me Believe,Martina McBride,159.886,-6.145,230.66077,,,,,,,,,,,,
TRAWNFQ12903CD2CCF,Naval War,Gina V. D'Orio,168.628,-10.115,139.91138,,,,,,,,,,,,
TRAWNGJ128F426B20D,Let's Go To The Darkside Of The Moon (Piano Version),Original Love,75.085,-14.908,164.91057,,,,,,,,,,,,
TRAWNOH128F4287513,What Do I Know,Unkle Bob,124.094,-6.623,252.18567,,,,,,,,,,,,
TRAWNOJ128F4241807,Free (Album Version),Dark new Day,133.985,-5.914,278.02077,,,,,,,,,,,,
TRAWNSM12903CA71FC,What Is Light? Where Is Laughter? (Acoustic Version),Twin Atlantic,141.925,-5.632,240.19546,,,,,,,,,,,,
TRAWNYK128F93242DB,Fallen (Album Version),Ill Niño,139.202,-3.984,218.43546,,,,,,,,,,,,
TRAWOBG128F93256C6,The Burden (Album Version),Dropkick Murphys,140.618,-1.983,175.96036,,,,,,,,,,,,
TRAWOBY128F931C18E,Watcha Gon Do?  (Explicit LP Version),Terror Squad featuring Big Pun,180.017,-5.932,199.99302,,,,,,,,,,,,
TRAWOCK128F9300BC3,No City - Instrumental,Aesop Rock,148.017,-11.531,272.87465,,,,,,,,,,,,
TRAWOCY128F145B051,Some Enchanted Evening,Jay & The Americans,119.441,-11.737,137.19465,,,,,,,,,,,,
TRAWODX128F42AC413,Everytime It Rains,Peter Gallagher,104.131,-11.281,182.282,,,,,,,,,,,,
TRAWOHD128F148D176,Away From The Sky,Rickie Lee Jones,87.94,-30.285,331.36281,,,,,,,,,,,,
TRAWOPG128F92EF9A1,Tell Him,The Exciters,89.342,-8.813,142.21016,,,,,,,,,,,,
TRAWOPJ128F14661D4,Celebration (The Plan Album Version),Raze,119.868,-5.33,211.19955,,,,,,,,,,,,
TRAWOPS128F429E7F1,Retrato Em Branco E Preto,Brasilian Tropical Orchestra,90.336,-17.528,191.03302,,,,,,,,,,,,
TRAWOQR128F426AE58,Don't Give Up,Portable,123.295,-16.696,369.60608,,,,,,,,,,,,
TRAWOSK128F9343720,Dhol Ton Bina,Malkit Singh,107.245,-9.645,354.66404,,,,,,,,,,,,
TRAWOTT128F9335403,Voy A Olvidarme,Jay Pérez,101.901,-4.779,223.65995,,,,,,,,,,,,
TRAWOUA128F14AE2E7,Ex Nihilo,Becoming The Archetype,198.464,-3.217,308.74077,,,,,,,,,,,,
TRAWOVS128F424DC49,From The Pain,Adam Richman,127.677,-22.646,344.94649,,,,,,,,,,,,
TRAWPBB128F92E4EFE,15º Off Cool (Album Version),Bill Engvall,126.341,-18.899,307.09506,,,,,,,,,,,,
TRAWPBO128F933D918,Bloodshed,Bruisers,97.341,-9.912,143.62077,,,,,,,,,,,,
TRAWPFX128F92E58B5,Sunday,Bebo Norman,90.191,-10.488,219.45424,,,,,,,,,,,,
TRAWPFY128F428A9CD,Epiphany,Bad Religion,112.918,-3.469,239.882,,,,,,,,,,,,
TRAWPGE128F42801D6,Cool Kid,Broadcast,128.656,-5.932,227.89179,,,,,,,,,,,,
TRAWPHN12903CBFDAF,Io non ti invidio,Fabri Fibra,92.526,-7.894,228.67546,,,,,,,,,,,,
TRAWPKD128F92D8CA6,Imperial March,The London Pops Orchestra,103.068,-13.599,180.4273,,,,,,,,,,,,
TRAWPKO128F423841E,Runaround (Live Version),Van Halen,130.685,-7.042,321.72363,,,,,,,,,,,,
TRAWPKO128F427CD95,Love And Wealth,Charlie Louvin,90.481,-17.455,156.60363,,,,,,,,,,,,
TRAWPNC128F92EAA90,Tengo Un Amor,Toby Love featuring Rakim & Ken-Y,134.012,-6.046,260.28363,,,,,,,,,,,,
TRAWPNL128F425C2DF,Bleeding Love,Sandi Thom,96.171,-9.621,261.72036,,,,,,,,,,,,
TRAWPOF128E078B8C0,My FoFo  (Album Version - Amended),Fat Joe,80.865,-7.004,235.20608,,,,,,,,,,,,
TRAWPQO128F14604D1,Reunion,Bobbie Gentry,99.777,-11.795,156.21179,,,,,,,,,,,,
TRAWPQV128F425290A,Temple Bells,Aeoliah,136.749,-23.109,269.29587,,,,,,,,,,,,
TRAWPRX12903CE7B32,The Island etc.,Pagan Wanderer Lu,85.073,-11.38,236.01587,,,,,,,,,,,,
TRAWPXB12903CFA413,Ailleurs,France D' Amour,57.091,-7.736,232.202,,,,,,,,,,,,
TRAWPYE128F1495E38,Whirlpool (LP Version),Ray Barretto,133.12,-10.7,270.88934,,,,,,,,,,,,
TRAWQHO128F4269D39,Surrender To Me,Lara Fabian,139.711,-9.12,222.64118,,,,,,,,,,,,
TRAWQKX12903CB3EC2,The Real Trick,Slackbaba,120.016,-6.726,330.39628,,,,,,,,,,,,
TRAWQSO128F424E2F9,Red Umbrella (Album Version),Faith Hill,118.077,-5.271,219.84608,,,,,,,,,,,,
TRAWQWF128F92E3FDA,Grim Prospects (Harsh Remix),Schizoid,54.316,-3.193,80.09098,,,,,,,,,,,,
TRAWQXV128F14555B1,Come Around (LP Version),Sister Hazel,217.13,-5.09,235.72853,,,,,,,,,,,,
TRAWQYC128F931A8BE,Black & White,Vanessa Daou,113.968,-11.166,252.86485,,,,,,,,,,,,
TRAWRDY128F428A240,Tian Cai Yu Bai Chi Zhi Tian Cai Bai Chi Meng,Leo Ku,118.062,-12.53,203.57179,,,,,,,,,,,,
TRAWRFC12903CF2624,Bed's Too Big Without You,Inner Circle,90.018,-5.642,227.81342,,,,,,,,,,,,
TRAWRHQ128F1495E6B,O Morro (Live At El Matador_ San Francisco),Sergio Mendes,155.792,-16.892,157.67465,,,,,,,,,,,,
TRAWRJL128F92D42A9,Lullaby For The Dead In Our Life,Lexie Mountain Boys,51.931,-19.07,239.56853,,,,,,,,,,,,
TRAWRKQ128F429866C,Ompa Til Du Dör,Kaizers Orchestra,108.377,-3.696,317.49179,,,,,,,,,,,,
TRAWRKT128E0788857,Swing Life Away,Rise Against,184.591,-7.679,200.12363,,,,,,,,,,,,
TRAWRLA128F93061F0,Yesss Lord...,Perfection,127.555,-5.562,251.95057,,,,,,,,,,,,
TRAWRNT12903CF91CC,Cranford: Holbrook,Carl Davis,66.529,-20.246,157.64853,,,,,,,,,,,,
TRAWRPR12903CA9C97,The drifter,Dennis Brown,143.973,-7.914,468.16608,,,,,,,,,,,,
TRAWRTM12903CF4EF4,Something To Remember You By,Ray Conniff,148.929,-13.173,172.30322,,,,,,,,,,,,
TRAWRVR12903CE8993,Zoned Out,DJ X-Change,102.662,-5.571,188.78649,,,,,,,,,,,,
TRAWRWK128F4260B37,Wave,Gal Costa,123.871,-14.743,230.47791,,,,,,,,,,,,
TRAWRZX128F93019AC,Caution,Maxi Priest,167.278,-14.292,292.25751,,,,,,,,,,,,
TRAWSCW12903CD6C7E,Change,Carroll Thompson,127.506,-10.303,188.15955,,,,,,,,,,,,
TRAWSDQ128F9336A19,Mei Zi,Leon Lai,130.008,-12.24,265.482,,,,,,,,,,,,
TRAWSHK12903CA63E9,Du Er Venta I Himlen,Mons Leidvin Takle,113.069,-12.128,156.13342,,,,,,,,,,,,
TRAWSHZ12903CC7BB4,Mothers Rastas,Taya wooden,160.251,-24.447,267.59791,,,,,,,,,,,,
TRAWSIV128F92FA32B,Medley,Mick Moloney,229.749,-13.291,204.95628,,,,,,,,,,,,
TRAWSJK128F42767F2,Here Comes The Hotstepper,Ini Kamoze,100.339,-3.695,242.59873,,,,,,,,,,,,
TRAWSSL12903CC4734,Can't Break a Dead Girl's Heart,Zombina & The Skeletones,91.018,-6.818,152.65914,,,,,,,,,,,,
TRAWSTS128F147C316,Far Away (Album Version),The Robert Cray Band,119.788,-9.703,384.522,,,,,,,,,,,,
TRAWSXU128F4275C84,Did You See Jackie Robinson Hit That Ball?,Buddy Johnson,72.74,-9.906,140.01587,,,,,,,,,,,,
TRAWSXV128F4273E35,Hell On Earth (Front Lines),Mobb Deep,91.913,-3.414,274.1024,,,,,,,,,,,,
TRAWSYF128F149431A,Twilight,Vangelis,163.789,-24.732,297.66485,,,,,,,,,,,,
TRAWTEE128F92EAA84,Yo Quiero Saber,Toby Love Feat. Girlz Talk,127.971,-6.013,230.86975,,,,,,,,,,,,
TRAWTGS128F14569A8,Chase,Leona Naess,93.259,-5.769,199.07873,,,,,,,,,,,,
TRAWTHB12903CB6497,More than War,YZ,74.413,-11.51,247.82322,,,,,,,,,,,,
TRAWTJS128F1494751,Antes Que Seja Tarde,Nelson Ned,164.983,-13.45,149.4722,,,,,,,,,,,,
TRAWTKK128F92C25D0,Woo Hoo,Kings Of Leon,125.19,-5.217,211.40853,,,,,,,,,,,,
TRAWTKN128F9334CA4,Chicken Fed,Ghetto Mafia,93.991,-5.407,267.49342,,,,,,,,,,,,
TRAWTLE128F934E648,"mixture of noize (part two: ""walter sobchak"" - live extract)",Aphasia,65.009,-4.177,984.55465,,,,,,,,,,,,
TRAWTLK12903CF4B2D,The Coldest Days Of My Life,The Chi-Lites,139.925,-10.955,274.83383,,,,,,,,,,,,
TRAWTOK12903D0A21B,When Heaven Falls,Swans Of Avon,166.011,-7.597,196.54485,,,,,,,,,,,,
TRAWTPL128F42224E7,From Da Back,DJ Godfather,170.548,-9.691,45.08689,,,,,,,,,,,,
TRAWTPM128F932C531,Centrali termiche,Piero Umiliani,144.474,-5.211,140.79955,,,,,,,,,,,,
TRAWTRL12903C9A957,Purple Haze,Johnny Pearson,113.761,-17.496,153.70404,,,,,,,,,,,,
TRAWTRR12903CFF893,Pic & Run,Adam Richmond,114.057,-14.641,36.10077,,,,,,,,,,,,
TRAWTSO128F9345A3C,Yo Yo Get Funky,Fast Eddie,126.039,-7.202,278.54322,,,,,,,,,,,,
TRAWTUG12903CB2DB8,Gotta Tell Somebody,Don Francisco,97.115,-11.013,395.15383,,,,,,,,,,,,
TRAWTUH128F9307612,Launder_ Lather_ Swab & Shower,Steve Green,71.065,-7.774,126.37995,,,,,,,,,,,,
TRAWTUV128F426DD46,Grandbag's Funeral,Happy Mondays,113.781,-11.927,200.80281,,,,,,,,,,,,
TRAWTXC128F42446B7,Clifton's Two Step,Clifton Chenier,203.773,-8.065,191.13751,,,,,,,,,,,,
TRAWUEC128F930F518,Ghetto Curse Words (Chopped&Screwed),5th Ward Boyz,95.466,-10.117,120.81587,,,,,,,,,,,,
TRAWUGL12903CB663F,Warten,Andreas Dorau,104.321,-17.635,224.54812,,,,,,,,,,,,
TRAWUJY128F9342A56,Inhume,Inhume,141.423,-4.469,185.20771,,,,,,,,,,,,
TRAWUKH12903CD926E,Never Really Knew U,Arika Kane,119.987,-4.561,236.66893,,,,,,,,,,,,
TRAWULX128F4291255,God's Will,Martina McBride,127.434,-10.271,349.33506,,,,,,,,,,,,
TRAWUMN128F4222D88,Your One And Only (LP Version),Brenda Lee,89.13,-10.002,188.26404,,,,,,,,,,,,
TRAWUNL128F4287A60,I Want To Know You More,Scott Krippayne,115.934,-10.216,231.07873,,,,,,,,,,,,
TRAWUSV128F425CF8D,Excuse me,Papa Wemba,83.529,-12.297,168.6722,,,,,,,,,,,,
TRAWUSX128F4288119,Baby Doll,Migraine,153.372,-14.234,110.75873,,,,,,,,,,,,
TRAWUUP12903CEF2F9,Co-Pilot (Album Version),Letters To Cleo,130.619,-6.037,220.76036,,,,,,,,,,,,
TRAWUUX128F426731A,Lindas Africanas,Africando,90.861,-6.846,460.48608,,,,,,,,,,,,
TRAWVBA128F426179A,Here's to the Lonely,Dr. Elmo,102.134,-18.619,223.26812,,,,,,,,,,,,
TRAWVLS128F148D430,Give The People,EPMD,98.037,-11.437,310.54322,,,,,,,,,,,,
TRAWVMT128F14A8FF0,Lovin' Cup ( Remastered '97 Version ),The Paul Butterfield Blues Band,68.055,-16.314,161.20118,,,,,,,,,,,,
TRAWVNL128F9327983,Call On Me,Bad Company,116.486,-9.745,365.24363,,,,,,,,,,,,
TRAWVRY128F9344DA9,Tall Cool One,The Sonics,162.609,-12.332,143.64689,,,,,,,,,,,,
TRAWVUK12903CDC692,Mamma pettenami,Chorus Line,78.031,-16.456,150.69995,,,,,,,,,,,,
TRAWVUW128F932F914,Planxty Morgan Magan/ The Morning Dew,The Irish Rovers,238.875,-4.621,204.14649,,,,,,,,,,,,
TRAWVWS128F42ADCD1,You Gotta Be Movin',Corona,126.954,-11.432,343.40526,,,,,,,,,,,,
TRAWWGO128F1488299,Anonymous Phone Call,Bobby Vee,155.264,-12.562,134.29506,,,,,,,,,,,,
TRAWWHM128F9310FD7,Think,The Rolling Stones,132.903,-12.67,189.67465,,,,,,,,,,,,
TRAWWHT128F426894E,When I Was Drinking,Hem,108.054,-14.519,222.74567,,,,,,,,,,,,
TRAWWIK128E078D19C,Rave On (Live 1982),Marshall Crenshaw,162.653,-11.026,95.86893,,,,,,,,,,,,
TRAWWQB12903CB9C73,Eden,Mystic Rhythms Band,122.875,-9.004,453.66812,,,,,,,,,,,,
TRAWWQM128F148C796,Every Time I Look At You,Kiss,149.012,-7,283.84608,,,,,,,,,,,,
TRAWWQM128F427DD5C,A Pretty Gal's Love,New Roanoke Jug Band,96.064,-9.384,189.59628,,,,,,,,,,,,
TRAWWTR128F93593BF,Banana Split Republic,False Prophets,119.048,-7.694,242.88608,,,,,,,,,,,,
TRAWWVS128F1482068,Looking Back,John Mayall & The Bluesbreakers,120.736,-7.17,156.9171,,,,,,,,,,,,
TRAWWWO128F428A7FC,Prefiero Decir Adios,Gisselle,78.571,-8.163,244.34893,,,,,,,,,,,,
TRAWXEA128F428C8F9,Grits Ain't Groceries,Rita Chiarelli,120.129,-5.661,208.40444,,,,,,,,,,,,
TRAWXIK12903CF4145,Love Letter,Gerald Veasley,76.693,-11.733,251.21914,,,,,,,,,,,,
TRAWXON128F1471203,Yesterday,Brasilian Tropical Orchestra,159.848,-15.783,160.31302,,,,,,,,,,,,
TRAWXPP128F932B152,Gotta Pay (Produced by Oddisee),Wordsworth,120.2,-6.258,254.98077,,,,,,,,,,,,
TRAWXQB128F932BCA5,The Snows,Pentangle,94.939,-15.567,224.80934,,,,,,,,,,,,
TRAWXSL128F9353CE4,3,DJ X-Change,136.993,-6.072,244.08771,,,,,,,,,,,,
TRAWXXP128F92FE765,Katherine,Steve Riley & The Mamou Playboys,94.073,-8.256,189.64853,,,,,,,,,,,,
TRAWXYD128F4255FBD,Walpurgisnacht,K.I.Z.,120.234,-5.637,331.31057,,,,,,,,,,,,
TRAWXYT128F428CBE4,Climate Control,Uphill Battle,107.329,-6.563,323.36934,,,,,,,,,,,,
TRAWYCO128F9322CE1,Tema De Adrian,2 Minutos,102.055,-10.693,178.72934,,,,,,,,,,,,
TRAWYDB12903CC4519,Avisame,Baby Rasta & Gringo,187.944,-5.65,219.42812,,,,,,,,,,,,
TRAWYIK12903CB4F3A,Windpower,Thomas Dolby,57.909,-10.403,265.45587,,,,,,,,,,,,
TRAWYIM128F9324305,Zion Chant (Album Version),Freddie McGregor,167.48,-9.742,185.83465,,,,,,,,,,,,
TRAWYJE128F9324D18,Suan Shu,Candy Lo,107.983,-6.045,210.6771,,,,,,,,,,,,
TRAWYLO128F9315681,Cuerda viva,Varios,85.319,-5.179,243.22567,,,,,,,,,,,,
TRAWYNV128F92F5E7E,Catcher In The Rye,Guns N' Roses,85.239,-7.483,352.96608,,,,,,,,,,,,
TRAWYTQ128F93576EC,Marta (Rambling Rose Of The Woods),Arthur Tracy,76.161,-14.883,195.082,,,,,,,,,,,,
TRAWYTV128F429DEE8,God You Are My God,Delirious,91.162,-9.833,225.14893,,,,,,,,,,,,
TRAWYVJ128F92F27B8,Sk8 Tough,UK Subs,137.277,-6.856,136.77669,,,,,,,,,,,,
TRAWYWF12903CFCCA0,God Unchanging,Jaime Jamgochian,151.939,-6.668,231.60118,,,,,,,,,,,,
TRAWZFC128F92E78EF,Who Cares,Delroy Wilson,142.066,-8.814,191.73832,,,,,,,,,,,,
TRAWZJQ128F92E1314,The Spinward Marches,The Lord Weird Slough Feg,125.418,-4.736,82.52036,,,,,,,,,,,,
TRAWZJW128F42297EE,Slow Love,Mr. Sancho,100.008,-10.448,216.81587,,,,,,,,,,,,
TRAWZLK128F930EC02,Decidete,Marisela,98.07,-9.994,232.14975,,,,,,,,,,,,
TRAWZRG128F1489B24,Yell Out,Pennywise,201.566,-5.573,154.85342,,,,,,,,,,,,
TRAWZYH128F422FE57,All The Answers,Jesus Jones,110.47,-5.844,227.73506,,,,,,,,,,,,
TRAXAAS128F146B741,Start!,The Jam,139.826,-8.015,135.83628,,,,,,,,,,,,
TRAXAHC128F421D3C3,Posters,Five Fingers of Funk,96.627,-12.595,259.3171,,,,,,,,,,,,
TRAXAIT128F92D80C6,O.R.P.,Vulgar Pigeons,132.136,-3.619,125.98812,,,,,,,,,,,,
TRAXAJF128F4216398,Sanddollars,Why?,116.036,-5.59,190.14485,,,,,,,,,,,,
TRAXALK128F1462FF7,Ninety Miles An Hour,John Berry,101.04,-10.316,185.7824,,,,,,,,,,,,
TRAXAMO128F4289D24,Simple Livin' (Album Version),Gym Class Heroes,160.938,-6.244,186.46159,,,,,,,,,,,,
TRAXAOX128F930DB6B,Find Another Way,Captain Hollywood Project,159.083,-8.48,235.62404,,,,,,,,,,,,
TRAXASE128F9325369,Clavo Y Martillo,Peret,240.064,-8.298,124.39465,,,,,,,,,,,,
TRAXATF128F42AAA52,In Da House Skit,50 Cent,152.227,-13.102,27.68934,,,,,,,,,,,,
TRAXATR128F4244382,Loveless,Tullycraft,144.438,-15.799,206.13179,,,,,,,,,,,,
TRAXAYE128F9354352,Popcorn,Richi M.,131.01,-7.21,350.22322,,,,,,,,,,,,
TRAXAZZ128F4255FAF,Freiwild,K.I.Z.,183.619,-5.464,234.68363,,,,,,,,,,,,
TRAXBFN12903C9D50E,Juno,Sub Focus,173.903,-5.036,292.98893,,,,,,,,,,,,
TRAXBJX128F428A6A9,Bohemios: No quiero que sepa que aquí vengo yo (Gypsies: I don't want him to know that I am here),Montserrat Caballé;Eugenio  Marco,64.796,-18.119,254.1971,,,,,,,,,,,,
TRAXBKH128F9343764,Father Time (Album Version),D'Molls,111.217,-13.013,259.16036,,,,,,,,,,,,
TRAXBKM128F14A5885,Main Title [Bodies_ Rest & Motion] (2006 Remastered LP Version),Michael Convertino,172.221,-18.148,159.16363,,,,,,,,,,,,
TRAXBLJ128F92EEBB1,Beneath an Evening Sky,Aisha Duo,86.903,-19.744,288.60036,,,,,,,,,,,,
TRAXBLT128F42A2099,South,Bob Wills,157.699,-9.394,107.93751,,,,,,,,,,,,
TRAXBTV12903CD8399,When the Broken Hearted Love Again,Danielle Bollinger,130.001,-9.845,555.54567,,,,,,,,,,,,
TRAXBUC128F1469548,Harmonic Necklace,Penguin Café Orchestra,33.009,-41.691,72.77669,,,,,,,,,,,,
TRAXBUJ128F4247432,Sex Dance,H-Town,124.152,-6.569,289.30567,,,,,,,,,,,,
TRAXBVE128F932BD11,What's Wrong,Dead To Me,93.161,-6.5,105.42975,,,,,,,,,,,,
TRAXBYD12903C956EF,Searching,Mighty Diamonds,86.205,-7.633,215.562,,,,,,,,,,,,
TRAXBYL128F92DA505,Final Flash,Hatiras,93.749,-4.6,177.13587,,,,,,,,,,,,
TRAXBZR12903CDCA82,,Sébastien Roch,126.103,-7.162,184.08444,,,,,,,,,,,,
TRAXCID12903CDC00D,Celebration [Felguk Love Remix],Madonna,129.974,-5.334,398.15791,,,,,,,,,,,,
TRAXCJY128F429149A,Granada,Ramón Vargas,154.429,-17.725,239.5424,,,,,,,,,,,,
TRAXCLU12903D0F983,Xoanina,Susana Seivane,76.74,-7.482,180.13995,,,,,,,,,,,,
TRAXCSE128F9339F51,Fefita,Orquesta Aragon,105.461,-7.376,253.04771,,,,,,,,,,,,
TRAXCVG12903CF523C,Fade Away,Cama,106.519,-6.147,221.17832,,,,,,,,,,,,
TRAXCZO12903CB819D,She Can't Burn Me Now,The Del McCoury Band,127.257,-6.748,234.16118,,,,,,,,,,,,
TRAXDAH128F422BBFC,O Brother,Monty Are I,170.038,-3.699,279.24853,,,,,,,,,,,,
TRAXDBM128E0785BD8,The Special Two (Australian Version),Missy Higgins,139.018,-8.525,267.65016,,,,,,,,,,,,
TRAXDCY128F932ECDA,Asha,Asha Puthli,121.95,-7.385,351.65995,,,,,,,,,,,,
TRAXDDY12903C93E27,Soki Olingi Ngai,Wendo Kolosoy,88.471,-8.849,305.94567,,,,,,,,,,,,
TRAXDEF128F4253194,Colin Tries Standing,Zbigniew Preisner,125.15,-24.729,50.99057,,,,,,,,,,,,
TRAXDFA128F427CCE7,Likua,Cabas,99.968,-4.201,254.40608,,,,,,,,,,,,
TRAXDFV128F93180C0,The Dropsonde,Caspian,131.648,-23.246,125.07383,,,,,,,,,,,,
TRAXDJG12903D042A2,Tulsa Girl,Dwight Twilley,132.513,-6.176,145.34485,,,,,,,,,,,,
TRAXDLB128F423F8F8,Il Tempo Non Torna Più,Kati,104.006,-10.429,260.91057,,,,,,,,,,,,
TRAXDML128E079159C,Gone,Kanye West / Consequence / Cam'Ron,114.39,-6.029,333.34812,,,,,,,,,,,,
TRAXDNU128F9341CDE,My Fault (LP Version),Faces,119.028,-9.363,187.42812,,,,,,,,,,,,
TRAXDPS128F14AD21B,Nomads Alive,Marco Beltrami,148.555,-23.685,201.61261,,,,,,,,,,,,
TRAXDRW128F428A030,The Only Road (Album Version),Dropkick Murphys,137.33,-5.044,131.81342,,,,,,,,,,,,
TRAXDVL12903D0C503,Jimmie's Travellin' Blues,Jimmie Davis,116.729,-15.582,178.442,,,,,,,,,,,,
TRAXDZH128F425C673,Memory In The Snow,Michael Gettel,138.102,-13.084,221.90975,,,,,,,,,,,,
TRAXEAE128F42930AA,Dave D. Blues (how To Make It Sting Like A Career) (Album Version),Mayday,148.661,-7.759,144.40444,,,,,,,,,,,,
TRAXEAY128F931C3D0,My Baby Likes To Shuffle,Sonny Terry,150.059,-17.294,149.41995,,,,,,,,,,,,
TRAXEBW128F4292391,Mr. De's Theme,Mr. De',130.019,-6.743,240.09098,,,,,,,,,,,,
TRAXECH128F421B47F,Chere Duloone,Al Rapone,220.266,-13.974,185.93914,,,,,,,,,,,,
TRAXEDF12903CD5DFB,Un jour aux courses: Who's That Man,The Marx Brothers,115.221,-11.058,431.51628,,,,,,,,,,,,
TRAXEHW128F423E590,You Know What They Do To Guys Like Us In Prison (Album Version),My Chemical Romance,93,-4.192,173.73995,,,,,,,,,,,,
TRAXEID128F92E0922,Plan 9 From Outer Space (Album Version),Wednesday 13's Frankenstein Drag Queens From Planet 13,143.913,-3.59,183.53587,,,,,,,,,,,,
TRAXEML128F934BC04,The Darker Side,Lizzy Borden,115.115,-4.431,379.11465,,,,,,,,,,,,
TRAXEQE128EF35CB1C,Why Do We Do?,Eric Champion,115.656,-9.516,310.77832,,,,,,,,,,,,
TRAXEUB12903CBAA99,Memphis Til' Monday,Bob Cheevers,112.958,-6.691,240.22159,,,,,,,,,,,,
TRAXEWH12903CF66CB,On The Fast Track,Gerald Veasley,112.213,-8.931,371.25179,,,,,,,,,,,,
TRAXEYV128F932CD95,Zodiac,Laurie Berkner,141.117,-16.28,58.40934,,,,,,,,,,,,
TRAXFBO12903CDFCFC,And The Beat Goes Om,Slackbaba,68,-7.319,488.25424,,,,,,,,,,,,
TRAXFJP128F42686A9,Yan Chin,Cookies,110.975,-14.932,171.20608,,,,,,,,,,,,
TRAXFKX12903CE898E,Drop Low,DJ X-Change featuring Joey A,101.327,-9.193,231.78404,,,,,,,,,,,,
TRAXFNM12903CE90D4,Dans un grand mur,Bonita & Jerry Cormier,135.121,-7.753,138.10893,,,,,,,,,,,,
TRAXFTO12903CAEA49,Halleluja,Ebba Forsberg,85.356,-12.53,348.99546,,,,,,,,,,,,
TRAXFVD128F933E94A,It Never Happened To Me,Peggy Lee,144.591,-17.369,138.60526,,,,,,,,,,,,
TRAXFXT128F426A33A,Fever Dream,Steve Vai,112.149,-6.436,364.53832,,,,,,,,,,,,
TRAXGEA128EF33F237,Zeit für Streit,ÄI-TIEM,183.698,-8.128,288.20853,,,,,,,,,,,,
TRAXGEV12903D16193,See You Later Alligator,Zachary Richard,137.45,-10.964,193.82812,,,,,,,,,,,,
TRAXGFM128F421EE47,Love Makin' Mama (Take 2),Blind Willie McTell,123.745,-14.544,173.08689,,,,,,,,,,,,
TRAXGHO12903CD4403,Simple Plan,Dominic,87.636,-3.887,230.71302,,,,,,,,,,,,
TRAXGIT128F92E3C04,Don't Break My Heart,Suzi Quatro,217.327,-13.526,175.35955,,,,,,,,,,,,
TRAXGLQ12903CDBF13,Johnny_ I Hardly Knew Ya,Dropkick Murphys,199.497,-3.233,292.25751,,,,,,,,,,,,
TRAXGMX128F42536FC,Platoon - Theme,Georges Delerue,76.965,-21.161,417.12281,,,,,,,,,,,,
TRAXGNO12903CBF173,The Paper Remix,Tunsi,101.527,-8.549,237.7922,,,,,,,,,,,,
TRAXGOK128F14AA743,Chamamé crudo,Chango Spasiuk,159.825,-11.998,351.29424,,,,,,,,,,,,
TRAXGVY128F933E9C9,Feeling Blue,Eric Burdon,97.233,-6.503,288.70485,,,,,,,,,,,,
TRAXGZE128F4287B9E,Atom x,Dub Wiser,130.019,-7.38,468.06159,,,,,,,,,,,,
TRAXGZH128F427D44C,Glory Bound (LP Version),Martin Sexton,141.438,-7.322,267.36281,,,,,,,,,,,,
TRAXHEX128F92D28D4,Letter from Home,Pat Metheny,87.559,-27.754,166.26893,,,,,,,,,,,,
TRAXHFE128F93065A9,Out Deh,Gregory Isaacs,138.356,-10.918,216.5024,,,,,,,,,,,,
TRAXHFY128F932E4E7,You Live_ You Die,Devanic,112.427,-5.419,210.88608,,,,,,,,,,,,
TRAXHJU128F421E16B,Glee Club,When Dinosaurs Ruled The Earth,87.853,-10.721,37.82485,,,,,,,,,,,,
TRAXHPS12903CB6C3D,3 Spirit,Corderoy & U4IC DJ'S,86.668,-9.014,517.642,,,,,,,,,,,,
TRAXHQZ128F4278712,Cierro Mis Ojos,Raphael,123.149,-7.111,212.61016,,,,,,,,,,,,
TRAXHRJ128EF356C79,Supervisor (Instrumental) (edition Tromo/Rückbank),Barry Künzel,119.91,-2.911,251.37587,,,,,,,,,,,,
TRAXHTV128F934E987,Rollin' And Tumblin',Jimmy Burns,120.674,-10.409,264.51546,,,,,,,,,,,,
TRAXHYT128F932C2EC,An Plas'ay,Patrick Saint-Eloi,116.04,-13.488,319.97342,,,,,,,,,,,,
TRAXIBJ128F4238364,Love Unlimited (Remix) (Explicit),Fun Lovin' Criminals,93.658,-6.351,228.72771,,,,,,,,,,,,
TRAXIBJ12903CE2CB8,Keiki Slack Key (Instrumental),Ray Kane,122.651,-18.36,200.82893,,,,,,,,,,,,
TRAXIDU128E0798B24,Guillaume Tell_ Acte II (1988 Digital Remaster): Ils s'éloignent enfin....Sombre forêt,Montserrat Caballé/Royal Philharmonic Orchestra/Lamberto Gardelli,53.766,-23.576,498.80771,,,,,,,,,,,,
TRAXIEJ12903CF24C8,Eastern Magic,Jah Debda,90.002,-13.548,277.10649,,,,,,,,,,,,
TRAXIES128F426C8F0,Belleza Pasajera,Tam Tam Go!,141.394,-11.324,190.04036,,,,,,,,,,,,
TRAXIIG128F427E41A,Precious Lord,Blind Boy Fuller,96.019,-15.631,167.99302,,,,,,,,,,,,
TRAXIPO128F14923B2,An Old Fashioned Christmas,Carpenters,80.182,-17.001,134.60853,,,,,,,,,,,,
TRAXIPR128F14882B2,The Story Of My Life,Bobby Vee,128.599,-7.22,143.35955,,,,,,,,,,,,
TRAXIQA128F422C8C7,For Abai and Togshan,Stephan Micus,86.066,-21.429,1204.29669,,,,,,,,,,,,
TRAXIRB128F1453629,Gentle; the Night (from And the Stars Go With You),Jonn Serrie,112.176,-23.129,435.69587,,,,,,,,,,,,
TRAXIVK128F42628CA,Towin' The Line,fIREHOSE,90.653,-10.958,167.3922,,,,,,,,,,,,
TRAXIXV128F932E2C2,En Souplesse,Yvette Horner,189.534,-12.8,162.19383,,,,,,,,,,,,
TRAXIYH128F92EE3B3,Roger Milla,Pepe Kalle,140.269,-9.008,369.52771,,,,,,,,,,,,
TRAXIYW12903CB4343,Sky Inferno,Goatwhore,107.485,-5.511,221.20444,,,,,,,,,,,,
TRAXJBW128E0788652,Consume (LP Version),Sick Of It All,101.143,-8.814,223.7122,,,,,,,,,,,,
TRAXJEL12903CEBC7E,O Raaje,Sukhwinder Singh,104.978,-7.184,342.43873,,,,,,,,,,,,
TRAXJGB128F93476D7,Esta Muy Claro,Jaguares,124.057,-8.644,308.4273,,,,,,,,,,,,
TRAXJGG128EF3686D7,Things Could Turn Around,fIREHOSE,136.13,-10.507,190.51057,,,,,,,,,,,,
TRAXJHG128F427EA02,Be Like That,3 Doors Down,94.084,-5.206,278.64771,,,,,,,,,,,,
TRAXJHY128F426BE4C,Why Jack Called,Christophe Beck,94.843,-25.661,150.09914,,,,,,,,,,,,
TRAXJIS12903CCAF92,Un nuovo giorno,Cali,87.365,-5.329,158.95465,,,,,,,,,,,,
TRAXJMF128F42555AB,Dark As A Dungeon (LP Version),The Tarriers,101.131,-27.748,246.49098,,,,,,,,,,,,
TRAXJNA12903CE16BC,Hear Me Talkin' To You,Ma Rainey & Her Tub Jug Washboard Band,104.717,-20.594,181.86404,,,,,,,,,,,,
TRAXJOA128F93474E8,Tus Viejas Cartas,Nicho Hinojosa,98.705,-9.105,188.36853,,,,,,,,,,,,
TRAXJQM128F42903F2,Drive,Pacha Massive,125.994,-7.761,300.93016,,,,,,,,,,,,
TRAXJSG128EF34EFE8,Ek Pegh,Kuldeep Paras,104.02,-5.41,301.84444,,,,,,,,,,,,
TRAXJUF12903D0F11F,Alligator Come Across (Live),Jets,106.68,-12.993,260.38812,,,,,,,,,,,,
TRAXJVO128F42AC534,Thanks A Lot,Martina McBride,168.08,-7.711,155.97669,,,,,,,,,,,,
TRAXJVR12903CD2576,My Heart Goes Up,Keira Green,140.979,-7.278,181.26322,,,,,,,,,,,,
TRAXJWH128F42654DC,Festival Resurrection (Outro),Festival,125.778,-14.296,281.57342,,,,,,,,,,,,
TRAXJYB128F422A5C0,Herval na percaria,Amanajé,86.679,-12.508,283.6371,,,,,,,,,,,,
TRAXKAQ128F930BCD6,You're My Love,Michael Stanley Band,142.706,-8.662,164.07465,,,,,,,,,,,,
TRAXKGF128F92D68E9,Rockberry Jam,L.a. Dream Team,241.52,-15.734,314.90567,,,,,,,,,,,,
TRAXKGT128F42725B8,Tango,Igor Stravinsky,69.742,-25.736,247.7971,,,,,,,,,,,,
TRAXKHD128F429A801,Canela Pa'  Tu Boca,Los Del Rio,97.986,-4.931,216.78975,,,,,,,,,,,,
TRAXKLH128F4289138,Teasin' Brown,North Mississippi Allstars,114.116,-5.827,219.0624,,,,,,,,,,,,
TRAXKMU12903CA7328,Turn It Up,Channel Live,187.835,-6.338,238.81098,,,,,,,,,,,,
TRAXKNA128F14ACB56,La Muneca de Alcazar,Quadro Nuevo,144.047,-15.49,232.9073,,,,,,,,,,,,
TRAXKPM12903D0611E,Never Look Back,Blue Rodeo,148.601,-5.778,199.05261,,,,,,,,,,,,
TRAXKRW128F93013DF,Let's Get Sweaty,Modern Day Escape,140.029,-6.904,187.0624,,,,,,,,,,,,
TRAXKVO12903CD735A,Mindless,Steve Porter,139.044,-9.369,509.33506,,,,,,,,,,,,
TRAXKXX128F4264EA1,Old Friends,Stanley Clarke;Herbie Hancock,128.278,-9.421,307.59138,,,,,,,,,,,,
TRAXKZW128F933707A,Welcome You Back Home - Original,Jackie Edwards,150.951,-19.797,160.9922,,,,,,,,,,,,
TRAXLAY12903CA8612,8th Wonder,The Sugarhill Gang,213.617,-9.836,451.02975,,,,,,,,,,,,
TRAXLGO128F4295A2B,Mönchengladbach Love,Eko Fresh feat. Summer Cem & DJ Ses,91.987,-6.523,244.63628,,,,,,,,,,,,
TRAXLIU128E07860D4,I'ma Bang,DMX,92.4,-4.557,306.05016,,,,,,,,,,,,
TRAXLLA128EF33DB69,Explode (Epic Extended Mix),Jordan & Baker,138.997,-8.171,424.9073,,,,,,,,,,,,
TRAXLLN128F428B982,Bad Seed,Wayne Kramer,141.493,-6.623,248.52853,,,,,,,,,,,,
TRAXLOW128F42542A6,No Storm,Dorothy Norwood,78.958,-12.463,512.91383,,,,,,,,,,,,
TRAXLPR128F428E466,A Martyr For My Love For You,The White Stripes,85.159,-8.686,259.5522,,,,,,,,,,,,
TRAXLRT128F4238A87,YOUR LOVE,Freddie McGregor,158.113,-8.042,229.95546,,,,,,,,,,,,
TRAXLWW128F9312D64,Little Brigid Flynn,The Irish Rovers,115.404,-12.71,182.04689,,,,,,,,,,,,
TRAXLYT128F9348137,Get-U-Now,KMD,103.967,-9.647,147.22567,,,,,,,,,,,,
TRAXLZU12903D05F94,Never Gonna Give You Up,Rick Astley,113.359,-7.75,211.69587,,,,,,,,,,,,
TRAXMAK128E07822CB,Fake Plastic Trees (Acoustic Version),Radiohead,99.68,-12.186,281.12934,,,,,,,,,,,,
TRAXMDO128F9342A54,Process to decelerate,Inhume,126.136,-5.01,126.04036,,,,,,,,,,,,
TRAXMDR128F92E4AF7,Not A Kid Anymore,Marco Beltrami,113.863,-30.82,115.04281,,,,,,,,,,,,
TRAXMHR128F421A89B,Ice Or Fire,Bob Margolin,102.516,-8.218,227.00363,,,,,,,,,,,,
TRAXMJB128F427089F,Parabolics Studies 8,Henri Pousseur,63.103,-15.476,1280.522,,,,,,,,,,,,
TRAXMLO128F933BC5E,Bourrèe,Chet Atkins,142.48,-17.588,87.64036,,,,,,,,,,,,
TRAXMMF12903CA3B15,Find Me At the Greasy Spoon,Grant And Wilson,95.578,-13.308,177.99791,,,,,,,,,,,,
TRAXMNP128F9339BA3,Your Broken Heart,The Stolen Minks,112.152,-4.609,233.45587,,,,,,,,,,,,
TRAXMNY12903CB5207,Don't let go,Pacha Massive,105.991,-4.493,205.89669,,,,,,,,,,,,
TRAXMUC128F4273749,Fuego De Noche_ Nieve De Día,Ricky Martin,141.71,-8.527,336.19546,,,,,,,,,,,,
TRAXMWV128F14612AB,Quiero,Carlos Ponce,89.981,-5.933,240.3522,,,,,,,,,,,,
TRAXMZA128F42645F3,Righteous Disgrace,Don Francisco,142.23,-12.723,185.44281,,,,,,,,,,,,
TRAXNJW128F427E124,Cruisin',Stanley Clarke,118.188,-11.861,331.33669,,,,,,,,,,,,
TRAXNKL128F42AFD92,Slowly Rising,Soul Asylum,151.941,-5.225,235.20608,,,,,,,,,,,,
TRAXNKN128F9340C11,?o???? DJ,Intars Busulis,160.275,-4.952,229.11955,,,,,,,,,,,,
TRAXNLL128EF34EF9F,Bonus Track,Tigerstyle,131.999,-5.018,164.93669,,,,,,,,,,,,
TRAXNMN128F4294EA6,Nas águas de Amaralina,Mart'nália,60.092,-8.09,224.36526,,,,,,,,,,,,
TRAXNOE128F149158A,Touch Me,Cass Fox,128.865,-6.194,208.1171,,,,,,,,,,,,
TRAXNQF128F4272F68,Zhan Zai Di Yi Pai,Sandy Lam,122.886,-6.693,178.54649,,,,,,,,,,,,
TRAXNVF128F4252B36,Sabados,Seventh Day Slumber,141.987,-4.935,257.14893,,,,,,,,,,,,
TRAXNWF128F422936F,Mikhail's Dream,Stephan Micus,92.203,-19.569,504.94649,,,,,,,,,,,,
TRAXNYL128F92DA2B1,Night And Day,Oscar Peterson Trio,172.514,-22.457,152.13669,,,,,,,,,,,,
TRAXNZQ12903D11EC6,Siempre Soy Tu Barquito De Papel,Los Iracundos,97.337,-9.081,155.01016,,,,,,,,,,,,
TRAXOHK128F42514BE,If You Don't Pray For Me,5 Blind Boys Of Alabama,110.879,-15.682,173.71383,,,,,,,,,,,,
TRAXOIQ128F4279F9C,To Be In Love,The Villas,127.362,-7.324,179.48689,,,,,,,,,,,,
TRAXOOY128F42280B0,Suffer,Hoods,103.931,-5.982,63.58159,,,,,,,,,,,,
TRAXOPF128F428B670,A Movie Of A Placid Lake On A Moonless Night In September - Reprise,Will Ackerman,91.6,-28.95,194.19383,,,,,,,,,,,,
TRAXOQD12903CDD59D,Pure Hatred,The Berzerker,120.907,-2.908,84.1922,,,,,,,,,,,,
TRAXOQP128F930DD49,Pushbike Song,Mungo Jerry,167.793,-15.512,155.24526,,,,,,,,,,,,
TRAXOVX128F93439DB,Sietämätön mies,Juice Leskinen,85.677,-4.769,215.03955,,,,,,,,,,,,
TRAXOWL128F9343C95,Busted,Natalie Cole,167.697,-7.092,236.19873,,,,,,,,,,,,
TRAXPCI128F92E1D13,Take it slow,The Real Kids,79.694,-8.623,182.12526,,,,,,,,,,,,
TRAXPDE12903CD45BE,Voice of Angels Drone for Spiritual Well Being,Ambient Music Therapy,192.242,-17.929,167.3922,,,,,,,,,,,,
TRAXPDR128F424BCD7,Lucille,Rockin' Dopsie_ Jr._ The Zydeco Twisters,146.808,-9.246,259.39546,,,,,,,,,,,,
TRAXPEN128F933F4DC,Please Love Me,B.B.King,105.552,-10.182,167.49669,,,,,,,,,,,,
TRAXPGM128F428BBA6,Don't Get Around Much Anymore,Natalie Cole,118.222,-15.084,154.61832,,,,,,,,,,,,
TRAXPHE128F92F4100,The Hunter,Paul Rogers,134.551,-7.416,265.01179,,,,,,,,,,,,
TRAXPHK128F9314DF6,Mi Raza,Peret,158.79,-15.447,286.17098,,,,,,,,,,,,
TRAXPJU128F148ADE8,Those Less Fortunate Than I,Darryl Worley,79.534,-7.324,239.56853,,,,,,,,,,,,
TRAXPVO128F427C41E,Be,Jessica Simpson,163.848,-6.53,250.04363,,,,,,,,,,,,
TRAXPYB128F92FA0EB,Driving Wheel,Syl Johnson,122.789,-9.581,238.86322,,,,,,,,,,,,
TRAXQDR128F4260194,Quiero,Juana Molina,87.461,-13.092,159.65995,,,,,,,,,,,,
TRAXQII128F42171C3,You Put a Spell on Me,Dave Graney & Clare Moore,93.982,-8.448,248.11057,,,,,,,,,,,,
TRAXQNF128F1486DD9,Broken Boy Soldier (KCRW Version),The Raconteurs,128.186,-7.377,230.5824,,,,,,,,,,,,
TRAXQNR128F4282B06,Tule lähemmäs Beibi,Kaija Koo,115.979,-6.858,240.45669,,,,,,,,,,,,
TRAXQPD128F424BCB9,My Baby Don't Wear No Shoes,Roy Carrier,104.624,-8.896,220.1073,,,,,,,,,,,,
TRAXQTH128F423995E,Los Pintores,La Charanga Rubalcaba,152.995,-6.422,217.99138,,,,,,,,,,,,
TRAXQTY128F92D5C64,Den Thelo Tipota,Natassa Theodoridou,120.357,-4.777,233.37751,,,,,,,,,,,,
TRAXQUZ128F42B77BE,Servin' Tha Fiends,Bone Thugs-N-Harmony,158.058,-4.875,232.202,,,,,,,,,,,,
TRAXQZA128F1463DEB,Thank You,Jimmy Page / Robert Plant,152.313,-12.494,348.08118,,,,,,,,,,,,
TRAXQZC128F425D5DC,Doesn't Matter Where You Are (Intocable),Aleks Syntek,153.97,-4.994,220.3424,,,,,,,,,,,,
TRAXRAA128F931DFC4,Take Me With You,Marilyn Scott,110.226,-11.574,245.62893,,,,,,,,,,,,
TRAXRGF128F930A59F,Flute Loop (2009 Digital Remaster),Beastie Boys,104.487,-8.649,114.52036,,,,,,,,,,,,
TRAXRHD12903CF0EAB,Tara De dinicolo De Negura,Negura Bunget,149.14,-4.388,353.95873,,,,,,,,,,,,
TRAXRLL12903D02559,Stora kusetus,Murskahumppa,138.796,-7.228,92.23791,,,,,,,,,,,,
TRAXRLN128F425C047,Les Playboys (Version Espagnole),Jacques Dutronc,112.78,-9.774,189.36118,,,,,,,,,,,,
TRAXRPG12903CEDD73,Still Ballin,Messy Marv featuring Clover Geez,173.919,-5.608,285.85751,,,,,,,,,,,,
TRAXRQZ128F4285FE5,Not Going Back Again,Curtis,37.859,-13.35,209.44934,,,,,,,,,,,,
TRAXRRI128F93610C3,Running in Place,Walter Trout,89.638,-8.677,325.14567,,,,,,,,,,,,
TRAXRSK128F42B44D2,Infected,Bad Religion,121.524,-8.512,247.58812,,,,,,,,,,,,
TRAXRUB128F92DF1CF,Funk You,Babylon Disco,133.353,-5.144,153.44281,,,,,,,,,,,,
TRAXRWA128F42464CD,Ouroboros,Dax Riggs,108.826,-13.234,91.19302,,,,,,,,,,,,
TRAXSBC128F42AB297,I Know I Can,Dave Hollister,89.465,-7.053,363.38893,,,,,,,,,,,,
TRAXSMG128F4261743,Hold the key,Ann Lee,140.097,-5.221,218.72281,,,,,,,,,,,,
TRAXSNZ128F9306CAB,String 'Em Up,Stockhausen Waterman,120.137,-5.978,183.87546,,,,,,,,,,,,
TRAXSQC128F4223E30,Its Dark Outside,Spade Cooley,115.386,-21.585,167.33995,,,,,,,,,,,,
TRAXSUN128F426D36B,Think Back,Galactic,104.195,-5.175,238.96771,,,,,,,,,,,,
TRAXSWS128F4254E1A,Natural (2002 Digital Remaster),ARRESTED DEVELOPMENT,116.032,-7.248,270.36689,,,,,,,,,,,,
TRAXSWX128E0792BEF,It's You,Toots & The Maytals,115.365,-13.276,128.33914,,,,,,,,,,,,
TRAXSYH128F9307A73,Salario Garantito (Versione Strumentale),99 Posse,165.764,-14.061,369.26649,,,,,,,,,,,,
TRAXTAM12903CF3556,Drømmen Om Deg,Mons Leidvin Takle,70.806,-26.288,121.75628,,,,,,,,,,,,
TRAXTAU128F930A7EF,Let Thy Ale Swing,Mithotyn,179.832,-5.225,58.30485,,,,,,,,,,,,
TRAXTDT128F4243F22,It's Hard,Clifton Chenier,109.681,-8.336,204.32934,,,,,,,,,,,,
TRAXTPZ12903CBCCB8,The Muddy Morning Hymn,Shaman,131.995,-12.062,456.82893,,,,,,,,,,,,
TRAXTQS128F428AC41,Walking The Back Streets And Crying,Little Milton,97.521,-16.553,438.88281,,,,,,,,,,,,
TRAXTSU128F4241835,Mi Morena (Revised Live Version),Josh Groban,142.98,-10.439,286.27546,,,,,,,,,,,,
TRAXTTX128F9301092,Tell Me Baby,Brownie McGhee,94.624,-14.4,176.37832,,,,,,,,,,,,
TRAXTXU128F42665F9,La Segunda De Rosales (Album Version),Alacranes Musical,153.145,-3.423,191.9473,,,,,,,,,,,,
TRAXUBG128F9332164,Love Lights,The Sonics,163.371,-14.876,171.15383,,,,,,,,,,,,
TRAXUBQ128F4242E2F,Soc Mediterrani,Seguridad Social,140.043,-5.17,378.04363,,,,,,,,,,,,
TRAXUHM128E078900C,Don't Worry About It (Edited),N.E.R.D.,61.303,-5.005,221.54404,,,,,,,,,,,,
TRAXUIZ12903CDF737,I'm A Lazy Sod (Live),Sex Pistols,130.429,-4.871,126.06649,,,,,,,,,,,,
TRAXULE128F9320132,Rescue Me,Fontella Bass,124.369,-9.155,165.72036,,,,,,,,,,,,
TRAXUPL128F14A4E4B,Bean Fields (Live) (2001 Digital Remaster),Penguin Café Orchestra,129.691,-17.726,277.21098,,,,,,,,,,,,
TRAXUPN128F42855C8,Heaven's Hung In Black (Reprise),W.A.S.P.,161.032,-7.944,193.74975,,,,,,,,,,,,
TRAXUQB12903CF2E82,...And He Loves It,The Kitchen,78.681,-6.361,135.8624,,,,,,,,,,,,
TRAXUQL128F932D6C4,Ready For Love,Kelly Sweet,130.106,-8.036,256.93995,,,,,,,,,,,,
TRAXUQL12903CBB3B7,Rock'n'Roll Heaven,The Refreshments,147.02,-4.865,168.4371,,,,,,,,,,,,
TRAXUUN128F4274FB9,Prof. Henry Stills,Her Majesty's Finest,112.519,-5.135,149.34159,,,,,,,,,,,,
TRAXUVK12903CEBD51,Izgaryam,Lili Ivanova,96.236,-7.402,268.53832,,,,,,,,,,,,
TRAXUYT12903CCBF21,Dirty South,Ram Squad,145.944,-8.665,249.36444,,,,,,,,,,,,
TRAXVCK12903CA5AA9,Amor Maldito,Bambino_ Ivan Tirado,77.304,-15.863,374.30812,,,,,,,,,,,,
TRAXVEB128F14743BB,Cent Mille Guitares,Line Renaud,127.956,-9.324,159.76444,,,,,,,,,,,,
TRAXVEQ128F92E3694,Don't Stop Dan,Checkers,141.019,-12.596,171.31057,,,,,,,,,,,,
TRAXVGE128E0783F1D,What You Waiting For?,Gwen Stefani,136.044,-3.683,225.41016,,,,,,,,,,,,
TRAXVGM128F93469DB,All Because Of You - Original,Leroy Hutson,171.197,-15.244,276.87138,,,,,,,,,,,,
TRAXVIG12903CE3967,Baby U Acting Greezy (Ringtone_ Sonnerie),Blingtones,93.065,-9.86,28.96934,,,,,,,,,,,,
TRAXVIP12903D01893,Finale: When Love Is Found/It Feels Like Christmas,Tiny Tim/Cast/Ghost Of Christmas Present/Scrooge,85.175,-15.111,240.22159,,,,,,,,,,,,
TRAXVJD128EF33EEC1,Forever Tonite,Thirst,86,-8.371,290.69016,,,,,,,,,,,,
TRAXVYK128F9313151,Autumn,The Cat's Miaow,150.735,-13.924,46.00118,,,,,,,,,,,,
TRAXWDS12903CEE35E,Cosmonaut,Wolfmother,136.383,-4.433,288.33914,,,,,,,,,,,,
TRAXWFU128F932CBA0,Lole Lolaila,Cardenales del Exito,186.683,-4.968,237.87057,,,,,,,,,,,,
TRAXWFZ128F9349D17,Le Choix,Greis,156.833,-5.652,275.30404,,,,,,,,,,,,
TRAXWGC128F428B8B2,Good Day (Live),The Mad Capsule Markets,122.732,-4.566,244.55791,,,,,,,,,,,,
TRAXWIG128F4230D19,Shine On Harvest Moon (Previously Unreleased),Mance Lipscomb,82.529,-21.874,166.47791,,,,,,,,,,,,
TRAXWKA128F425A97A,Tuggathanug,Legion Of Green Men,111.071,-7.272,339.90485,,,,,,,,,,,,
TRAXWKR12903CAE160,All Through The Night (Album),Bowen_ Robin Huw,92.656,-13.014,244.29669,,,,,,,,,,,,
TRAXWLM128F1453E3B,There It Go (The Whistle Song),Juelz Santana,100.05,-7.468,180.55791,,,,,,,,,,,,
TRAXWND128F428FBEB,Country Girl,Al De Lory,95.871,-11.48,175.49016,,,,,,,,,,,,
TRAXWQU128F42716E2,Peaceful World,John Mellencamp,157.419,-11.413,218.67057,,,,,,,,,,,,
TRAXWTA12903CF7520,Kanoê,Márcio Faraco,125.989,-16.285,236.35546,,,,,,,,,,,,
TRAXWTB128F930C2E6,At The County Fair - Original,The Impressions,133.211,-12.576,124.96934,,,,,,,,,,,,
TRAXWYW128F42747C0,Midnight Cannonball (LP Version),Joe Turner,141.749,-6.34,151.40526,,,,,,,,,,,,
TRAXXEI128F4293139,Sake In The Jar,Derek Bell,89.158,-10.507,268.32934,,,,,,,,,,,,
TRAXXGI128F14688C7,Paper Tigers (acoustic version),Tom Cochrane,119.331,-6.918,220.81261,,,,,,,,,,,,
TRAXXIT128F4263075,I Wish I Had A Girl,Henry Lee Summer,127.68,-10.228,266.4224,,,,,,,,,,,,
TRAXXJZ12903CF1731,Each Time (I Love You More),Jackie Wilson,106.328,-14.819,141.81832,,,,,,,,,,,,
TRAXXKJ128F92FDCD2,B Somebody,Nacho Chapado feat. Stephen Massa,128.003,-8.122,371.1473,,,,,,,,,,,,
TRAXXOL128F92E7529,Broken Record,Donna The Buffalo,86.012,-5.864,196.75383,,,,,,,,,,,,
TRAXXQA128F9301855,Let's Stop Talkin' About It,Janie Fricke,130.02,-12.061,194.5073,,,,,,,,,,,,
TRAXXTA128F146BCA7,Ai Ni Bian Cheng Hen Ni,Kary Ng,110.009,-7.165,209.55383,,,,,,,,,,,,
TRAXXTG128F932B324,Blue Satin (Album Version),Eddie Cano,107.023,-26.062,123.66322,,,,,,,,,,,,
TRAXXUM128F4244507,Bye-Bye - Medley,Günter Noris,86.51,-10.76,180.92363,,,,,,,,,,,,
TRAXXVN128E0791AE4,Child Of My Kingdom,Arthur Brown,114.754,-14.1,422.16444,,,,,,,,,,,,
TRAXXWU12903CF2094,Locked Away,The Gathering,105.937,-13.91,215.71873,,,,,,,,,,,,
TRAXXYI12903CC4FDC,The Homecoming Song (Album Version),Owsley,83.689,-4.672,179.64363,,,,,,,,,,,,
TRAXXZP128F427ACA6,Le Sacre du Printemps (The Rite of Spring)/Part One: The Adoration of the Earth - Introduction,Igor Stravinsky;Columbia Symphony Orchestra,106.343,-30.726,181.26322,,,,,,,,,,,,
TRAXYCY128F42409F3,What He Done For Me,Sister Rosetta Tharpe,181.861,-15.6,162.40281,,,,,,,,,,,,
TRAXYGR128EF3456B5,Truth And Lies,The Presets,59.496,-6.13,243.9571,,,,,,,,,,,,
TRAXYGX128F93158FC,That Old Gang Of Mine,Dean Martin,120.458,-14.103,145.99791,,,,,,,,,,,,
TRAXYPP128F92F9111,Just Come In,Margaret Becker,162.296,-14.498,268.87791,,,,,,,,,,,,
TRAXYQF128F42171A7,Old Dan Tucker,Jim Smoak & The Louisiana Honeydrippers,125.674,-3.894,140.64281,,,,,,,,,,,,
TRAXYSO12903D0D0CD,One More Breath,Rhinoceros,124.285,-5.956,77.11302,,,,,,,,,,,,
TRAXYUH128F149EA4E,Dirty_ Dirty  (Album Version),Crazy Horse,95.415,-9.698,212.92363,,,,,,,,,,,,
TRAXYUW128F42981D3,For You Mom & Dad,Stefon Harris,103.719,-16.322,374.17751,,,,,,,,,,,,
TRAXYWT128F427C9FD,Ta Methismena S' Agapo,Angela Dimitriou,123.545,-8.558,230.63465,,,,,,,,,,,,
TRAXYZL128F4271A36,Happy,Shunza,141.584,-10.331,295.96689,,,,,,,,,,,,
TRAXZDY12903CF6D46,Designer Chick,DJ Slugo,99.997,-9.336,207.49016,,,,,,,,,,,,
TRAXZET12903CC1964,Gangsta Roll,Ini Kamoze,119.27,-7.262,229.66812,,,,,,,,,,,,
TRAXZFG128F42445FB,Are You Ready? (Acapella),Gold City,39.866,-12.193,28.83873,,,,,,,,,,,,
TRAXZJU128F4283C85,Lit'l(er) Song,David Lynch,131.134,-16.111,287.05914,,,,,,,,,,,,
TRAXZJV128F4250DF7,Africans,Mighty Diamonds,90.274,-15.064,219.58485,,,,,,,,,,,,
TRAXZSJ128F145B3B0,Piece Of Mine,Be Bop Deluxe,127.803,-11.803,312.58077,,,,,,,,,,,,
TRAXZVZ128F93442AB,Everything You Do [You're Sexing Me] [Duet with Kip Winger] (Album Version),Fiona,108.738,-9.648,254.17098,,,,,,,,,,,,
TRAYABO128F42957C9,Wameru  (LP Version),Shelly Manne,141.743,-16.017,177.47546,,,,,,,,,,,,
TRAYABW128F4235888,We March To The Beat Of Indifferent Drum,NOFX,94.898,-4.795,158.11873,,,,,,,,,,,,
TRAYADL128F14A4735,I Like The Way,Tommy James And The Shondells,100.191,-13.961,161.85424,,,,,,,,,,,,
TRAYAKN128F9330A65,What You Made Me (Ugli),Ghost Machine,160.057,-4.428,201.29914,,,,,,,,,,,,
TRAYANL128F9316BF9,Da Shit,The Game,172.453,-2.253,323.082,,,,,,,,,,,,
TRAYAQQ128F9334002,I Cant Fight This,Marco Demark feat. Peter Millwood,128.006,-8.274,521.56036,,,,,,,,,,,,
TRAYAYH128F425DC38,Kill Me With Your Heart,Fastway,133.393,-8.513,302.15791,,,,,,,,,,,,
TRAYBCA128F93046C3,Variations On a Theme of Haendel_ Op.24: 17,Laura Mikkola,140.422,-35.251,28.23791,,,,,,,,,,,,
TRAYBCH12903CF6C74,All The Fools It Sees,Mitch Ryder & Engerling,84.558,-9.02,302.31465,,,,,,,,,,,,
TRAYBGC128F92E03EC,Michaelangelo,23rd Turnoff,91.118,-11.688,143.80363,,,,,,,,,,,,
TRAYBIE128F92ED977,Lost (Actress Remix),Various Production,118.519,-12.988,366.23628,,,,,,,,,,,,
TRAYBNB12903CE2D9D,Mauna Loa (Vocal),Cyril Pahinui,130.974,-11.688,458.91873,,,,,,,,,,,,
TRAYBNV128F92E272B,Angel [Footsteps] (Album Version),Jeff Beck,152.874,-10.529,341.34159,,,,,,,,,,,,
TRAYBQF128F9344F59,Hey!,Laidback Luke & Diplo,126.958,-6.268,431.51628,,,,,,,,,,,,
TRAYBTJ12903CB4C22,Kui rebeneb taevas,Metsatöll,134.897,-4.045,269.81832,,,,,,,,,,,,
TRAYBTO128F932008B,Since You're In Love,Jesse Malin,120.648,-7.435,260.62322,,,,,,,,,,,,
TRAYBVN128F932245C,Pose No Threat,Lunasicc,64.034,-6.274,291.7873,,,,,,,,,,,,
TRAYCID128F42437B6,When I Fall In Love,T.G.Sheppard,80.657,-10.344,247.87546,,,,,,,,,,,,
TRAYCIH128E07890B9,Doubt,The Cure,89.32,-18.967,67.76118,,,,,,,,,,,,
TRAYCIT128F92F1A43,Right To Work,Chelsea,167.604,-9.286,200.59383,,,,,,,,,,,,
TRAYCJB128F424AB43,Arrete! Arrete! Elle me tue,Francis Dhomont,88.446,-19.36,445.30893,,,,,,,,,,,,
TRAYCQD128F4290D81,Amor A Mi,Ray Vega,96.02,-14.002,237.06077,,,,,,,,,,,,
TRAYCRC128F932CB4E,Jesus,Gran Coquivacoa,144.03,-7.746,286.45832,,,,,,,,,,,,
TRAYCSE12903CD9B68,Demain au menu,Pascal Lejeune,113.998,-8.701,168.01914,,,,,,,,,,,,
TRAYCUH128F9303485,Yellow Moon,Recluse,135.039,-9.732,436.21832,,,,,,,,,,,,
TRAYCVB128F92EB7B0,Declaration (This Is It!),Kirk Franklin,104.048,-5.015,264.85506,,,,,,,,,,,,
TRAYDGA128F427D05F,Less Is More,Roni Size,109.703,-6.594,373.86404,,,,,,,,,,,,
TRAYDGF128F932F43D,Silent Night,Old Soul,135.044,-5.933,85.99465,,,,,,,,,,,,
TRAYDIG12903CEF277,First You Cry,Lil' Band O' Gold,142.709,-13.535,312.842,,,,,,,,,,,,
TRAYDJL128F145F261,Too Big,Suzi Quatro,114.638,-8.28,200.202,,,,,,,,,,,,
TRAYDLE128F9306D63,Blackfoot Allstars,Blackfoot,97.003,-5.965,232.85506,,,,,,,,,,,,
TRAYDSS128F423CE63,All the Way,Gloria,132.834,-7.714,219.24526,,,,,,,,,,,,
TRAYDTH12903CDA34B,A Little Louder,DJ Icey,135.99,-7.36,356.41424,,,,,,,,,,,,
TRAYDWI128F429A0B0,She's A Go,Tum Tum / Double T / LiL Ronnie,155.389,-5.239,214.02077,,,,,,,,,,,,
TRAYDXA128F42296C6,Just Between The Two Of Us,Charlie Louvin,41.874,-12.986,179.30404,,,,,,,,,,,,
TRAYDXM128F9317358,No You Girls,Franz Ferdinand,119.943,-12.686,428.45995,,,,,,,,,,,,
TRAYDYV128F42906E1,Breakin' It,Mindy McCready,153.849,-7.365,200.38485,,,,,,,,,,,,
TRAYDZH128C71967BC,Sucker,New Found Glory,125.307,-5.072,172.22485,,,,,,,,,,,,
TRAYDZS128F4288459,Seni Unuturum,Ebru Gündes,120.055,-7.622,248.99873,,,,,,,,,,,,
TRAYEGN128F9361233,When She Dances,Joe Bonamassa,69.457,-11.494,293.69424,,,,,,,,,,,,
TRAYEIJ128F42A53E0,I Just Knew,Kellie Coffey,127.856,-6.223,187.16689,,,,,,,,,,,,
TRAYEKM128F92FB049,Each & Every Direction,Donna The Buffalo,131.671,-6.894,376.29342,,,,,,,,,,,,
TRAYEKY12903D0128D,I Still Remember,John Pagano_ Burt Bacharach,116.411,-10.271,289.48853,,,,,,,,,,,,
TRAYELV12903CB3BEA,Journey's End,Primordial,124.614,-15.176,425.19465,,,,,,,,,,,,
TRAYEQN128F429AF81,In The Good Old Summertime,Sophie Tucker,89.898,-14.57,72.01914,,,,,,,,,,,,
TRAYERN12903D0D0C3,Instrumental Traditional,La Divina Pastora,167.614,-6.295,327.78404,,,,,,,,,,,,
TRAYESZ128F1458FAE,The Order Of Death,Public Image Ltd,102.976,-12.525,288.80934,,,,,,,,,,,,
TRAYEUY128F4233766,Stardust,Henry Mancini,70.769,-18.637,182.282,,,,,,,,,,,,
TRAYEWY128F92DEC29,Si Je M'En Sors,Julie Zenatti,94.992,-7.051,211.64363,,,,,,,,,,,,
TRAYFBF128F92C52AB,Almost Grown,Jesse Malin,141.271,-9.417,211.85261,,,,,,,,,,,,
TRAYFDY12903CBFA01,The Ocean (Live Version),Zebra,120.599,-9.557,299.93751,,,,,,,,,,,,
TRAYFGL128F9349397,Bonnie Kate / Jennie's Chickens (medley),Kevin Burke,112.016,-18.03,186.53995,,,,,,,,,,,,
TRAYFIV128F429E381,Momento De Amor,Pery Ribeiro,107.606,-7.484,270.34077,,,,,,,,,,,,
TRAYFKN128F148C55A,Intro,Erick Sermon,185.553,-11.851,34.08934,,,,,,,,,,,,
TRAYFMQ128F4265974,Orbit,Megadrums,129.318,-17.846,276.03546,,,,,,,,,,,,
TRAYFNG128F4230976,I'll Be There For You (Alternate Mix),The Chinese,69.272,-12.338,357.51138,,,,,,,,,,,,
TRAYFNV128F421A865,Nobody To Blame,Deborah Coleman,140.444,-5.046,230.60853,,,,,,,,,,,,
TRAYFPK128E07850DC,Stratus (EP Version),Moments In Grace,92.222,-5.026,254.4322,,,,,,,,,,,,
TRAYFXH128F92E20F8,Te extraño porque te extraño,Carlos Baute,105.01,-4.757,210.6771,,,,,,,,,,,,
TRAYGBT12903CF5DF0,Mutations,Salt The Wound,144.678,-5.419,151.09179,,,,,,,,,,,,
TRAYGEK12903D0F307,Burbullas A Grella,Xose Manuel Budiño,133.191,-3.508,235.54567,,,,,,,,,,,,
TRAYGHE12903CD213E,What Evil Lurks,The Prodigy,0,-9.259,265.76934,,,,,,,,,,,,
TRAYGKQ128F932F520,Sample Track 18,Simon Harris,102.976,-15.686,185.62567,,,,,,,,,,,,
TRAYGLA12903CB6576,FRL. Nicol,Der Plan,185.266,-14.923,123.19302,,,,,,,,,,,,
TRAYGNF128F934C350,Percutindo,Djalma Correa,133.227,-18.696,285.88363,,,,,,,,,,,,
TRAYGQU128F934B4F5,Fuck You,Norther,200.06,-3.779,122.72281,,,,,,,,,,,,
TRAYGVP128F425EE25,Eu E A Brisa (2000 Digital Remaster),Maysa,87.294,-10.204,167.67955,,,,,,,,,,,,
TRAYGWA128F421FFD5,Stereophonic Presentation - Process And Passion_ Pt. 4,Roger Reynolds,42.696,-21.49,158.24934,,,,,,,,,,,,
TRAYGYF128F930CA01,Clothes Of Sand,Solas,87.848,-9.758,255.97342,,,,,,,,,,,,
TRAYGYF12903CBE1D6,Nie Wieder (Toktok RMX),Pyranja,85.989,-12.367,317.09995,,,,,,,,,,,,
TRAYGYH128F9314B66,Fathom Five,Mira,101.773,-15.033,277.99465,,,,,,,,,,,,
TRAYGYY128F92CB1CE,Please Come Back To Me - Live,Albert King,86.702,-11.403,668.62975,,,,,,,,,,,,
TRAYHDA128F4265CCC,Alexander's Ragtime Band,Ray Conniff;Billy Butterfield,89.148,-9.723,132.8322,,,,,,,,,,,,
TRAYHDU128F42942CA,Freak Break,Lady Saw,90.184,-7.198,272.69179,,,,,,,,,,,,
TRAYHEC12903CEC366,Banjoreno,Dixieland Jug Blowers,126.881,-14.175,193.56689,,,,,,,,,,,,
TRAYHQD128F930F4F2,Studio Gangster,5th Ward Boyz,165.779,-6.565,245.99465,,,,,,,,,,,,
TRAYHQX128F427617F,Timeless Spirals,Daniel Kobialka,107.684,-21.031,703.9473,,,,,,,,,,,,
TRAYHSH128F92E4A6F,Solemn,Scott Glasgow,42.183,-28.158,85.15873,,,,,,,,,,,,
TRAYHSN128F427E065,Oh! Doctor,Luis Alberto Spinetta,172.326,-16.21,143.62077,,,,,,,,,,,,
TRAYHUO128F42222C2,the Cool Down,Soul Ballet,108.023,-7.335,330.37016,,,,,,,,,,,,
TRAYHUS128F9348A7A,I Like,Scheich,90.01,-7.746,344.81587,,,,,,,,,,,,
TRAYHUT128F421F870,Time Is/Time Was,Brian Keane,123.852,-14.377,158.53669,,,,,,,,,,,,
TRAYHYA12903D15D6A,Tokyo Freeze,iTAL tEK,102.347,-9.298,293.09342,,,,,,,,,,,,
TRAYHZU12903CF0DFC,Praises,Andrae Crouch,127.91,-14.316,269.26975,,,,,,,,,,,,
TRAYIAM128F4247417,I Luv Dat Too,D.O.W.N.,90.997,-8.329,226.69016,,,,,,,,,,,,
TRAYICL128F1460287,So In Love,Renee Rosnes,100.89,-19.697,396.32934,,,,,,,,,,,,
TRAYICR128F4282520,Doesn't Get Much Better,Kyle Riabko,102.034,-4.618,211.53914,,,,,,,,,,,,
TRAYIFW12903CA9F1B,Al Final,KALIMBA,65.246,-5.985,297.63873,,,,,,,,,,,,
TRAYIND12903CB7B05,Help Me Make It Through the Night,Charley Pride,76.98,-13.551,172.09424,,,,,,,,,,,,
TRAYITB128F145EF28,The Beat Of My Heart,Eliane Elias,83.219,-21.304,138.39628,,,,,,,,,,,,
TRAYIUG12903CC7E3C,Camino,Gipsy Kings,91.846,-11.273,303.09832,,,,,,,,,,,,
TRAYIUY128F4289952,Stir The Gift,Deitrick Haddon,139.543,-7.077,199.07873,,,,,,,,,,,,
TRAYJCD128F42802B4,La Prétention De Rien,Pascal Obispo,130.026,-6.709,237.63546,,,,,,,,,,,,
TRAYJCG12903D081C4,Make My Home Where I Hang My Hat,Johnny Copeland,94.552,-13.03,206.00118,,,,,,,,,,,,
TRAYJDF128F426B0DE,Maybe,Janis Joplin,151.717,-12.494,246.72608,,,,,,,,,,,,
TRAYJDF128F428A9C1,Backwater Blues,Sonny Terry / Brownie McGhee,117.106,-17.516,383.16363,,,,,,,,,,,,
TRAYJDG128F92F2DA8,Who R Ya,Sick On The Bus,181.573,-3.977,178.65098,,,,,,,,,,,,
TRAYJFZ128F424ED48,Without Him (Ryman Gospel Reunion Version),Mylon LeFevre,208.304,-11.899,146.9122,,,,,,,,,,,,
TRAYJHF128F4294CB8,Smile,K'Naan,163.44,-8.138,249.12934,,,,,,,,,,,,
TRAYJLA128F4267A6A,They Have a Name,The Chap,149.978,-12.919,145.50159,,,,,,,,,,,,
TRAYJMK128F9300253,Let's Make Love,JC Lodge,168.135,-6.379,217.65179,,,,,,,,,,,,
TRAYJOF128F92F9EEA,Cry,Kelly Clarkson,142.137,-4.256,214.5171,,,,,,,,,,,,
TRAYJOQ128F42AD10C,Wish I Hadn't Called Home,Dale Hawkins,42.897,-14.359,114.65098,,,,,,,,,,,,
TRAYJPA12903CC54B4,I'm Still In Love With You,T-Bone Walker,81.073,-16.964,171.83302,,,,,,,,,,,,
TRAYJXD128F9307BE6,Punkrock Livin',The Products,169.801,-5.984,117.2371,,,,,,,,,,,,
TRAYJXO128F4228ECC,When He Was On The Cross [I Was On His Mind],The Florida Boys,70.286,-10.849,210.88608,,,,,,,,,,,,
TRAYKCV128F9341943,I'm Thinking Tonight Of My Blue Eyes,Dolly Parton,168.897,-15.149,171.80689,,,,,,,,,,,,
TRAYKDG128F4215DD2,Happy Halloween Anniversary,Dr. Elmo,65.637,-10.649,151.84934,,,,,,,,,,,,
TRAYKGV12903CAA787,It Ain't No Use,Z.Z. Hill,87.009,-18.22,189.46567,,,,,,,,,,,,
TRAYKHZ128F145289F,Caviglia,The Mars Volta,203.314,-20.934,165.72036,,,,,,,,,,,,
TRAYKKU12903CD21CB,Mad About the Boy,The Radio Dept,124.968,-11.953,207.20281,,,,,,,,,,,,
TRAYKOC128F930D2B8,Cryin',Aerosmith,105.804,-3.947,308.76689,,,,,,,,,,,,
TRAYKRH12903C9D2F5,Los Brillantes Ojos del Angel (sparked Angel Eyes),Todos,154.048,-14.79,224.39138,,,,,,,,,,,,
TRAYKTU128F934C82A,Mean Streak,Y&T,165.712,-9.462,285.1522,,,,,,,,,,,,
TRAYKVH128F42AC993,Mass Destruction,Faithless,88.74,-5.509,259.86567,,,,,,,,,,,,
TRAYKVV12903CC6B9F,Silver Bells,Fontaine Sisters,84.138,-7.35,199.00036,,,,,,,,,,,,
TRAYKZI128F932B9E8,We're Always Losing Blood,Evergreen Terrace,158.976,-3.862,241.44934,,,,,,,,,,,,
TRAYLCC128F93477EC,Yoga de Sensualite,David & Steve Gordon,89.977,-12.162,480.80934,,,,,,,,,,,,
TRAYLCK128F933C422,Morning at the hotel,Zbigniew Preisner,82.264,-16.891,146.46812,,,,,,,,,,,,
TRAYLEA128F42B9487,Letter To The King,The Game / Nas,104.666,-8.216,345.59955,,,,,,,,,,,,
TRAYLGZ12903CAA1A1,Polles Fores,Giorgos Tsalikis,166.93,-5.251,78.05342,,,,,,,,,,,,
TRAYLKH128F427BCCC,When The Levee Breaks,W.A.S.P.,144.252,-4.024,426.78812,,,,,,,,,,,,
TRAYLOM12903CD2DF3,El Chisme De La Cuchara,Los Munequitos de Matanzas,102.366,-12.99,184.21506,,,,,,,,,,,,
TRAYLOZ12903CF2EBA,Summer Sands (feat. Carol Keogh),Sharon Shannon_ Carol Keogh,85.999,-9.565,199.88853,,,,,,,,,,,,
TRAYLQL128F92F0A86,Break My Mind,The Jordanaires,131.395,-12.789,134.21669,,,,,,,,,,,,
TRAYLQT128F425A4A6,God's Hands,The Oak Ridge Boys,67.863,-14.535,154.8273,,,,,,,,,,,,
TRAYLRS128F427FE81,Abstracted,Scar Symmetry,97.687,-3.869,204.95628,,,,,,,,,,,,
TRAYLRT128F42605AF,La La,The Verve Pipe,87.146,-7.899,249.28608,,,,,,,,,,,,
TRAYLSA12903CD02FC,T-Bone,T-Bone,171.52,-5.819,164.70159,,,,,,,,,,,,
TRAYMFR12903D09540,My Sweet Loving Man,Skeeter Davis,130.196,-6.957,116.89751,,,,,,,,,,,,
TRAYMGQ128F4273588,Gora Gora Badan,Daler Mehndi,140.026,-3.819,237.92281,,,,,,,,,,,,
TRAYMHX128F92DDC9E,Piroschka,Ruben Cossani,68.798,-25.471,10.68363,,,,,,,,,,,,
TRAYMIE12903D0FC68,Let The Good Times Roll,Beres Hammond Feat. Natural Black,146.238,-4.845,223.4771,,,,,,,,,,,,
TRAYMJB12903CB050F,Night Shift,Ashbrg,94.234,-10.496,164.57098,,,,,,,,,,,,
TRAYMKM128F4277046,Patterns,Simon & Garfunkel,107.593,-14.299,182.56934,,,,,,,,,,,,
TRAYMLB12903CC2A12,Rock N' Roll,Indica,145.05,-7.546,461.11302,,,,,,,,,,,,
TRAYMPF128F92F3362,Sheng Li Hu Huan,Steve Chou,136.06,-6.902,217.91302,,,,,,,,,,,,
TRAYMPS12903D1615D,See you on Sunday,The Charms,84.017,-7.235,163.99628,,,,,,,,,,,,
TRAYMXS128F1452986,Le plaisir de perdre (live 1989),Étienne Daho,172.789,-9.816,261.22404,,,,,,,,,,,,
TRAYMXW128F9308106,Wer Einmal 'A' Gesagt (What Does A Girl Do?),Marcie Blane,86.708,-9.462,136.38485,,,,,,,,,,,,
TRAYMYA128F4262C9D,Them No Care,Super Cat,157.5,-7.616,215.66649,,,,,,,,,,,,
TRAYNGT128F4262F7C,Lefkes Selides,Anna Meliti,89.021,-9.405,208.50893,,,,,,,,,,,,
TRAYNHB128F424240C,Trop De...,Ramses,165.526,-8.988,156.76036,,,,,,,,,,,,
TRAYNJN128F427A1AF,Bye Bye,Vilma Palma e Vampiros,197.232,-7.088,344.86812,,,,,,,,,,,,
TRAYNJP12903CB8144,The Milky Way,Ron Goodwin,91.349,-17.84,185.46893,,,,,,,,,,,,
TRAYNMC128F422E633,Dejaria Todo,Los Titanes,92.884,-6.139,235.93751,,,,,,,,,,,,
TRAYNME128F92D1328,Diamond In The Rough,Syl Johnson,144.344,-8.242,176.74404,,,,,,,,,,,,
TRAYNUG12903CD0FA4,Resilience,Pariah,170.063,-6.217,501.83791,,,,,,,,,,,,
TRAYNVX128F933091B,Ojú!!! (Nettlephonic Remix),Las Niñas,99.551,-5.518,203.02322,,,,,,,,,,,,
TRAYNXO128F9321E48,Denise (Jeremy Carlstedt Funk Variation),Chico Hamilton,88.98,-8.264,270.602,,,,,,,,,,,,
TRAYOAE128F4238D42,Have U Own Things,Chico,127.839,-7.91,179.09506,,,,,,,,,,,,
TRAYOHO128F4242F5D,The Three X's,Electric O & Ishkan,88.985,-9.464,304.09098,,,,,,,,,,,,
TRAYOQF128F930FF35,Let's Stay Together (Together Forever),RUN-DMC Featuring Jagged Edge,108.069,-8.689,197.77261,,,,,,,,,,,,
TRAYOQI128F92F0967,To the Lions,Converge,110.631,-3.884,220.49914,,,,,,,,,,,,
TRAYOXN128E07926A8,The Only One I Trust,City High,92.922,-10.426,256.33914,,,,,,,,,,,,
TRAYPBZ12903CAED8E,Head Hunter,Johnny Otis,141.662,-12.418,182.46485,,,,,,,,,,,,
TRAYPEF128F421F58B,Waltzing Matilda,Leon Berry,123.816,-9.612,171.59791,,,,,,,,,,,,
TRAYPEN128F42617AB,E-mail From Nigeria,Dr. Elmo,97.972,-13.557,203.78077,,,,,,,,,,,,
TRAYPFH128E07937C3,Slaves & Bulldozers,Soundgarden,131.272,-9.306,415.81669,,,,,,,,,,,,
TRAYPHG128F42777D1,Los!,Vorstadtkinder,179.82,-4.07,291.21261,,,,,,,,,,,,
TRAYPIT128F92EEC7C,Saxambando,Leo Gandelman,63.316,-12.998,119.09179,,,,,,,,,,,,
TRAYPKR12903CF9519,Ven a Mi,David Saylor,124.062,-6.143,252.13342,,,,,,,,,,,,
TRAYPMR128E0785DD1,Loverman,Nick Cave & The Bad Seeds,137.589,-7.971,382.01424,,,,,,,,,,,,
TRAYPVE128F1483832,No Angel (radio/album),Milk Inc.,140.972,-6.263,239.82975,,,,,,,,,,,,
TRAYPXP12903CD8D45,Conquer Me,Delroy Wilson,151.498,-9.068,180.53179,,,,,,,,,,,,
TRAYPZB12903CE763B,Nordfjorloftet,YGGDRASIL,132.261,-14.636,190.69342,,,,,,,,,,,,
TRAYQAI12903CBDD3D,Push Push,Kat Deluna / Akon,130.073,-4.87,188.96934,,,,,,,,,,,,
TRAYQAN128F146247B,Bonus Beats (2002 Digital Remaster),N.W.A.,96.171,-9.385,183.14404,,,,,,,,,,,,
TRAYQCQ12903C99425,Across The Universe,6CycleMind,74.068,-7.604,267.38893,,,,,,,,,,,,
TRAYQDZ128F9313C8F,Where Would You Start? (From Harry),Catherine Howe,121.452,-14.166,257.14893,,,,,,,,,,,,
TRAYQEY128F93145DC,Chateau Strut,Doyle Bramhall,147.066,-8.693,235.59791,,,,,,,,,,,,
TRAYQKQ128F1491182,Kill Niggaz,Slick Rick,92.551,-6.669,169.69098,,,,,,,,,,,,
TRAYQLF128F933B4EF,Breakin' Dishes,Rihanna,127.908,-6.194,199.6273,,,,,,,,,,,,
TRAYQLP128F92FA224,Check On It,Beyoncé feat. Slim Thug,110.695,-4.293,211.17342,,,,,,,,,,,,
TRAYQNQ128E078D258,We Heart Billville (LP Version),The Firesign Theatre,57.308,-17.074,108.25098,,,,,,,,,,,,
TRAYQSZ12903CDCFCB,Gut Rot,Fudge Tunnel,80.624,-12.422,235.7024,,,,,,,,,,,,
TRAYQYT12903CB654D,Was Ich Von Mir Denke,Der Plan,99.348,-17.241,213.91628,,,,,,,,,,,,
TRAYRFK128F4240A7F,Te Ando Buscando,Los Muñequitos De Matanzas,91.943,-11.133,301.19138,,,,,,,,,,,,
TRAYRFX128F425DF7A,Suar Agung,Megadrums,104.803,-18.674,314.17424,,,,,,,,,,,,
TRAYRNU12903CC63F4,La Montanara,Maria & Margot Hellwig/Thomas Lehrberger,84.22,-9.252,192.78322,,,,,,,,,,,,
TRAYRPF12903CAB6FB,A una mamita,Carlos Embales - Cutumba,98.377,-16.292,418.2722,,,,,,,,,,,,
TRAYRPQ128F428DCC8,That's The Way It Is,Sun Yan-Zi,86.06,-7.547,215.53587,,,,,,,,,,,,
TRAYRQK128F9346118,The Universe is in the Oven,Cobra Killer,97.433,-6.857,233.40363,,,,,,,,,,,,
TRAYRWJ128F425FE5D,Wind And Water,Michael Gettel,152.935,-15.941,308.87138,,,,,,,,,,,,
TRAYRWL128F932B305,Barsanova Brown (Album Version),Eddie Cano,124.726,-13.259,129.12281,,,,,,,,,,,,
TRAYRXY128F1494819,Smoke! Smoke! Smoke! (That Cigarette),Tex Williams,84.851,-11.992,174.73261,,,,,,,,,,,,
TRAYRYG128F429C61A,Round and Round ( LP Version ),Prince & Tevin Campbell,107.469,-10.485,235.78077,,,,,,,,,,,,
TRAYSAL128F4227A1D,Florida By the Sea - The Cocoanuts,The Marx Brothers,91.722,-12.73,128.23465,,,,,,,,,,,,
TRAYSAO128F422AF64,Take Me Down To LA,Lynette Schultz,154.734,-7.911,250.98404,,,,,,,,,,,,
TRAYSCQ128F933BA66,Winding Down Again,The Cannanes,161.045,-12.704,188.31628,,,,,,,,,,,,
TRAYSDT128F42A5B9B,Aceite,Pantanito,112.995,-7.622,51.12118,,,,,,,,,,,,
TRAYSJV128F42733CE,Domingo Valdovinos,Los Originales De San Juan,112.442,-8.196,181.86404,,,,,,,,,,,,
TRAYSLA128F9303069,Mood Ring,Paul Thorn,159.894,-8.146,236.53832,,,,,,,,,,,,
TRAYSMO128F9318E7C,Absolute,The Fray,140.577,-5.432,227.082,,,,,,,,,,,,
TRAYSMW128F1468307,We Have All The Time In The World,Fun Lovin' Criminals,91.833,-9.472,221.33506,,,,,,,,,,,,
TRAYSPP12903CEB12F,Smpty spaces missing units,Pitch Black,106.683,-20.269,379.66322,,,,,,,,,,,,
TRAYSRH128F4297FAA,It Won't Rain Always,Janet Paschal/Charlotte Ritchie/David Phelps,103.47,-24.057,202.4224,,,,,,,,,,,,
TRAYSTC128F92F526B,The Anniversary Waltz,The Fureys,89.236,-18.302,240.74404,,,,,,,,,,,,
TRAYSUA128F9338AD8,Amor De Juventud,Pedro Aznar,127.279,-16.223,368.3522,,,,,,,,,,,,
TRAYSVT12903CA4037,Bambenella d' 'o mercato,Gloriana,112.681,-14.441,196.30975,,,,,,,,,,,,
TRAYTDZ128F93146E3,Mary Had A Little Lamb,Stevie Ray Vaughan And Double Trouble,122.546,-14.373,166.73914,,,,,,,,,,,,
TRAYTED128F9355224,Matti Ja Teppo,Jope Ruonansuu,127.968,-7.714,216.63302,,,,,,,,,,,,
TRAYTME128F423DC95,Ain't No Right ( LP Version ),Jane's Addiction,139.211,-10.451,214.54322,,,,,,,,,,,,
TRAYTMN128F9336B51,Heavy Waist Line,Tyrone Taylor,102.637,-11.879,161.61914,,,,,,,,,,,,
TRAYTMR128F92FF07C,Andale,Los Traileros Del Norte,94.895,-8.263,152.89424,,,,,,,,,,,,
TRAYTMY12903CE4E5A,Brighten Your Night With My Day,James Taylor,79.499,-26.024,153.28608,,,,,,,,,,,,
TRAYTNG128F92F9F64,Bumbling Along,Nino Nardini,88.678,-8.837,33.20118,,,,,,,,,,,,
TRAYTNL12903CD2D19,La vida (Jp Candela & Vlada Asanin club mix),Carlos Jimenez_ J Elvira_ Oliversam,0,-11.861,367.46404,,,,,,,,,,,,
TRAYTOM128F422B08C,So Ist Das Nun Mal,Andreas Dorau,84.994,-11.188,312.94649,,,,,,,,,,,,
TRAYTRC128F9352E61,Happy To Meet & Sorry To Part,Séamus Ennis,130.402,-17.17,150.56934,,,,,,,,,,,,
TRAYTSJ12903CF09F4,Travelin' Blues,Roy Brown,159.356,-15.93,229.51138,,,,,,,,,,,,
TRAYTUZ128F4258057,Pleas Made Against Stasis,AZ,36.802,-24.904,134.81751,,,,,,,,,,,,
TRAYTWH128F42AE5B0,Het Spongebob Squarepants Lied,Spongebob Squarepants,125.261,-8.597,144.61342,,,,,,,,,,,,
TRAYTYA128F935F895,Big Leg Woman Gets My Pay,Blind Boy Fuller,172.703,-18.745,162.29832,,,,,,,,,,,,
TRAYUCR128E078EE0F,Aneurysm,Nirvana,137.231,-4.734,271.69914,,,,,,,,,,,,
TRAYUCR128F92E574F,Interplanetary Party,Santana,84.014,-4.146,246.72608,,,,,,,,,,,,
TRAYUDA128F93576ED,So Do I,Arthur Tracy,123.924,-19.212,165.642,,,,,,,,,,,,
TRAYUEL128F4290B28,Lost,Roger Sanchez,127.929,-11.049,532.37506,,,,,,,,,,,,
TRAYUID128EF340775,Someday My Luck Will Change,"Clarence ""Gatemouth"" Brown",89.015,-9.888,333.37424,,,,,,,,,,,,
TRAYUKJ128F933143E,Ma Zui,Candy Lo,105.78,-8.006,247.58812,,,,,,,,,,,,
TRAYUKR128F9344BB4,Ulan Bator Girls,Leningrad Cowboys,169.938,-7.497,195.5522,,,,,,,,,,,,
TRAYULR128F9311951,Eager (Live),Pete Philly & Perquisite,104.57,-7.307,269.40036,,,,,,,,,,,,
TRAYUNC128F92DE84B,In The Midnight Hour,Cross Country,81.95,-13.485,193.64526,,,,,,,,,,,,
TRAYUNU128F4281E53,The Roof Song,Mr Brown,79.993,-7.176,266.44853,,,,,,,,,,,,
TRAYUOU128F9312994,Ride The Storm,Epitaph,81.887,-5.67,247.14404,,,,,,,,,,,,
TRAYUSC12903C93E24,Marie Marie,Wendo Kolosoy,81.249,-6.819,397.76608,,,,,,,,,,,,
TRAYUTE12903CE525F,Vos plaintes_ vos regrets_ augmentent mon supplice,Juan Diego Flórez / Orquesta Sinfónica de Madrid / Jesús López-Cobos,70.886,-22.694,35.44771,,,,,,,,,,,,
TRAYUTH128F423A5CF,Nothing But Sky [Outro] (Album Version),Jaci Velasquez,104.064,-7.255,62.27546,,,,,,,,,,,,
TRAYUWU128F423F66D,Mississippi Boweavil Blues,Charley Patton,114.177,-14.873,191.11138,,,,,,,,,,,,
TRAYUXO12903C99CBF,You Found Me,The Fray,151.983,-6.093,240.56118,,,,,,,,,,,,
TRAYVCS12903CE1ED8,Excerpt Of A Speech By Marcus Mosiah Garvey,Buju Banton,104.775,-21.569,56.842,,,,,,,,,,,,
TRAYVDG128F92D09F3,Any Wich Way (Freedom Must Come),Manjul,155.012,-11.675,226.21995,,,,,,,,,,,,
TRAYVLL128F9335B7A,Se Viene,Bersuit Vergarabat,148.412,-3.935,220.29016,,,,,,,,,,,,
TRAYVMU128F92EC210,King Of Pain,The Police,86.693,-5.03,318.01424,,,,,,,,,,,,
TRAYVNF128F42986EC,Open (Koobas Koobatronmix),Dub Pistols feat. TK & JMS,108.998,-6.357,238.18404,,,,,,,,,,,,
TRAYVOO128F4270AEB,Shine On Your Shoes,Jerry Lewis,71.913,-10.386,136.93342,,,,,,,,,,,,
TRAYVTC128F92F29D5,All Night Long,Warrant,94.401,-5.244,161.54077,,,,,,,,,,,,
TRAYVVA128EF35F592,The Mystery Epoch,Loop Guru,109.319,-13.798,70.26893,,,,,,,,,,,,
TRAYWCQ128F149481D,Wild Card,Tex Williams,150.486,-12.271,140.79955,,,,,,,,,,,,
TRAYWDO128F426DD31,The Firebird/Apparition de L'Oiseau de Feu_ poursuivi par Ivan Tsarévitch,Columbia Symphony Orchestra;Igor Stravinsky,71.998,-22.177,135.88853,,,,,,,,,,,,
TRAYWEU128F427567F,Amazing Grace,Jo-El Sonnier,123.472,-10.73,192.67873,,,,,,,,,,,,
TRAYWHE128F92E9D6A,Three Hearts In A Tangle,Roy Drusky,92.851,-23.611,167.70567,,,,,,,,,,,,
TRAYWLI128F9300223,Erased,Annie Lennox,167.997,-7.787,280.00608,,,,,,,,,,,,
TRAYWLQ128F933E492,Captain Fury,Pumpkin Buzzard,140.044,-6.621,56.29342,,,,,,,,,,,,
TRAYWSL128F4222D80,Against My Will (LP Version),Brenda Lee,118.297,-12.992,205.13914,,,,,,,,,,,,
TRAYWSQ128F933F63A,She kills,Cirrus,110.507,-6.827,210.05016,,,,,,,,,,,,
TRAYWVM128F426520A,Stompin' at the Savoy,Ann Hampton Callaway;Laura Benanti;Michael Gruber;Everett Bradley,194.039,-12.183,217.73016,,,,,,,,,,,,
TRAYWVN128F42B972B,Holdin' On,Terry Callier,95.861,-10.859,327.05261,,,,,,,,,,,,
TRAYWWX128F92EEECF,Standing On The Corner,Percy Faith & His Orchestra,124.246,-9.965,168.07138,,,,,,,,,,,,
TRAYXBC128F427FDDB,Forever,Malefaction,231.145,-4.135,53.36771,,,,,,,,,,,,
TRAYXBT128F425C974,Coup De Lune (Remasterisé En 2007),Jacques Higelin,120.356,-8.253,253.09995,,,,,,,,,,,,
TRAYXCO128F93390C3,Go Tell It On The Mountain,Michelle Wright,134.089,-6.234,171.4673,,,,,,,,,,,,
TRAYXDI128F428CD9C,Skit #2 (Kanye West/Late Registration),Kanye West,60.046,-12.368,31.32036,,,,,,,,,,,,
TRAYXGR128F1458AD8,Je Vous Revois_ Madame (Flm ''Le Vagabond Bien Aimé''),Maurice Chevalier,86.762,-17.321,178.99057,,,,,,,,,,,,
TRAYXHL128F14961C6,Call On The Father,Beres Hammond,155.769,-8.574,229.51138,,,,,,,,,,,,
TRAYXLY128F92D074E,Amthran Na Bh Fiann (Ireland),The London Theatre Orchestra,98.465,-13.826,175.59465,,,,,,,,,,,,
TRAYXMP128F428ACCA,Colorblind,Hotwire,125.367,-4.658,223.63383,,,,,,,,,,,,
TRAYXMZ12903CAB146,Under The Bridges Of Paris,Percy Faith,158.009,-21.141,166.05995,,,,,,,,,,,,
TRAYXOJ128F4268D1A,Estroupele-Troupele. Muiñeira,Os Gaiteiros de Soutelo,115.42,-12.36,152.94649,,,,,,,,,,,,
TRAYXPL12903CC3D0D,Harda They Come,Gyptian,155.112,-5.264,165.85098,,,,,,,,,,,,
TRAYXPS128F422842E,Lightning Breaks,Plasmatics,134.102,-5.936,168.25424,,,,,,,,,,,,
TRAYXQU128F42618E9,Bruno Dika,Madilu System,85.316,-3.878,395.04934,,,,,,,,,,,,
TRAYXTP128F931CFB1,Salvation,John Van Tongeren,150.111,-8.592,45.37424,,,,,,,,,,,,
TRAYXXH128F933ABF7,We Got It (Cadillac),Toby Love featuring Julio Voltio,121.004,-5.865,278.12526,,,,,,,,,,,,
TRAYXZF128F425D645,A Boy Named Sue,Johnny Cash,115.62,-6.021,216.81587,,,,,,,,,,,,
TRAYXZX128F930F022,Nunca Sabras,KALIMBA,77.722,-6.062,229.14567,,,,,,,,,,,,
TRAYYAU128F92D58D0,Whiskey on the Fire,Aaron Watson,130.985,-8.81,171.10159,,,,,,,,,,,,
TRAYYBD128F9335F7A,Bee Sting Stings,Tullycraft,137.54,-7.174,201.24689,,,,,,,,,,,,
TRAYYCA128F422B2A1,bereit,Panzer AG,0,-4.309,233.27302,,,,,,,,,,,,
TRAYYCV128F92F4387,Funky Butt,Rockin' Dopsie_ Jr._ The Zydeco Twisters,91.737,-8.112,212.87138,,,,,,,,,,,,
TRAYYCY12903CBC3F2,Take Your Leave Of Me Baby,Doug MacLeod,92.911,-12.529,267.59791,,,,,,,,,,,,
TRAYYFF128F42450AF,Could You Be Love,Mariano Yanani,103.952,-17.943,216.65914,,,,,,,,,,,,
TRAYYGG128F1483C70,These Four Walls,Shawn Colvin,165.597,-8.446,177.18812,,,,,,,,,,,,
TRAYYGS128F1495E48,Guarare (Live At The Beacon Theatre),Ray Barretto,98.453,-8.869,538.06975,,,,,,,,,,,,
TRAYYGT12903CB11CC,1492,Scarlet's Remains,170.702,-8.039,215.90159,,,,,,,,,,,,
TRAYYIN12903CAD8C6,Man I Used To Be,K-OS,104.128,-8.613,304.16934,,,,,,,,,,,,
TRAYYIT128F92F2CE6,The west's awake,Tony Malone And The Rapparees,65.287,-15.511,267.85914,,,,,,,,,,,,
TRAYYKO128F92E133B,Baltech's Lament,The Lord Weird Slough Feg,97.045,-6.172,252.62975,,,,,,,,,,,,
TRAYYPE12903C97560,If Ever I Would Leave You,London Theatre Orchestra,74.531,-18.822,163.65669,,,,,,,,,,,,
TRAYYUU128F933ABE9,Páginas del Alma,Yolandita Monge,100.68,-10.451,183.90159,,,,,,,,,,,,
TRAYYXC128F4254C91,Saturday,T.O.K.,97.997,-6.927,225.72363,,,,,,,,,,,,
TRAYYZG12903CE7914,Warhead (Live in Croatia_ 1993),U.K. Subs,161.172,-16.531,241.99791,,,,,,,,,,,,
TRAYZBA128F4264551,Did We Not Choose Each Other,Sophie B. Hawkins,146.775,-8.6,265.06404,,,,,,,,,,,,
TRAYZCF12903CF39A4,It Feels Like Rain,Maria Muldaur,87.702,-17.684,411.01016,,,,,,,,,,,,
TRAYZDO128F9318816,So So So,The Lord Henry,96.967,-7.689,240.84853,,,,,,,,,,,,
TRAYZHZ12903CB576F,Immortal_ Invisible,Glad,68.826,-14.042,174.52363,,,,,,,,,,,,
TRAYZJX128F42992F7,Banzai Washout,Way Out West,182.487,-6.272,155.89832,,,,,,,,,,,,
TRAYZLG128F92F3BCD,Quest for Oneness,Mikey Dread,157.983,-9.791,184.47628,,,,,,,,,,,,
TRAYZUM128F428F3F1,Mardi Gras Mambo (Cajun Mardi Gras Album Version),Jo-El Sonnier,90.017,-8.529,180.61016,,,,,,,,,,,,
TRAYZWQ128F42752A8,Caught In A Dream (Album Version),Alice Cooper,137.258,-12.693,189.90975,,,,,,,,,,,,
TRAYZXR128F934858F,The Bravest Kids (Acoustic),Rancid,102.394,-5.28,94.01424,,,,,,,,,,,,
TRAYZXS12903CF1C4F,Life Deprived,Old Man's Child,164.595,-5.52,288.44363,,,,,,,,,,,,
TRAYZXT128F42650B1,Magico,QBO,205.739,-4.867,189.6224,,,,,,,,,,,,
TRAYZZB128F425B73A,Genio Atrapado,Christina Aguilera,84.655,-3.676,278.04689,,,,,,,,,,,,
TRAZAAA128F149040E,Dolor,Los Traileros Del Norte,83.953,-8.35,185.12934,,,,,,,,,,,,
TRAZABX128F92E1637,Espana tiene sabor,Los Ninos De Sara,120.971,-9.578,223.7122,,,,,,,,,,,,
TRAZACR128F424CBEB,When The Sun Goes Down,Guitar Slim,95.643,-18.662,151.64036,,,,,,,,,,,,
TRAZACV128F426983D,See The Lights (2002 Digital Remaster),Simple Minds,125.344,-7.968,261.8771,,,,,,,,,,,,
TRAZAEV128F92E9DDA,Cincinnati Ohio,Connie Smith,138.657,-12.469,125.17832,,,,,,,,,,,,
TRAZAIT128F429B8F6,I'm Kinda Partial To His Puss (from My Square Laddie),Nancy Walker,43.485,-15.61,215.95383,,,,,,,,,,,,
TRAZAKG12903CF8157,The Cleansing Apparatus,A Different Breed of Killer,192.725,-5.029,187.24526,,,,,,,,,,,,
TRAZANO128F429A795,Little Bluebird,Little Milton,167.665,-14.245,394.762,,,,,,,,,,,,
TRAZAOK128F9324C9B,[Hidden Track],Galactic,121.26,-7.724,89.67791,,,,,,,,,,,,
TRAZASM128F932FBEE,Do You Want To,Franz Ferdinand,124.01,-3.509,214.9873,,,,,,,,,,,,
TRAZASN128F427DB44,Ina Your Rights,Aswad,167.312,-8.777,280.94649,,,,,,,,,,,,
TRAZAVZ128F428ABFC,The Painter,Rance Allen Group,100.288,-13.318,199.13098,,,,,,,,,,,,
TRAZBAF128F93097CA,Bop Till You Drop,Michael Stanley Band,174.271,-12.88,264.04526,,,,,,,,,,,,
TRAZBBM128F9335F10,Céu do Brasil,Nouvelle,220.026,-14.659,229.51138,,,,,,,,,,,,
TRAZBBP128E07845D4,School Spirit Skit 2,Kanye West,201.792,-13.928,46.602,,,,,,,,,,,,
TRAZBCD128F426EB2F,Ain't No Tellin',Sonny Terry & Brownie McGhee,103.302,-17.55,173.47873,,,,,,,,,,,,
TRAZBJZ128F932B37B,Hold On I'm A Comin' (Album Version),Bill Cosby,117.047,-11.186,156.39465,,,,,,,,,,,,
TRAZBMA128F931F6C2,Be My Hustla (Explicit) (Feat. J. Holiday),MIMS Featuring J. Holiday,132.844,-5.808,225.51465,,,,,,,,,,,,
TRAZBNG128F14A53FC,P.S. I Love You (LP Version),James Darren,56.977,-12.917,172.25098,,,,,,,,,,,,
TRAZBPE128F936741A,Midnight Train,Darden Smith,154.403,-8.666,226.32444,,,,,,,,,,,,
TRAZBQW128F9306FD2,Strangers In The Night,Glen Washington,153.602,-4.859,201.56036,,,,,,,,,,,,
TRAZBRT128F9305CE3,It's Like That,RUN-DMC vs. Jason Nevins,129.07,-6.748,250.06975,,,,,,,,,,,,
TRAZBYT128F93351CF,Vos Sabes,Los Fabulosos Cadillacs,114.72,-6.393,189.88363,,,,,,,,,,,,
TRAZBZW128F934BCE0,El último romántico: romanza de tenor,Alfredo Kraus - Orquesta de Conciertos de Madrid - Pablo Sorozábal,92.475,-13.608,243.48689,,,,,,,,,,,,
TRAZCER12903CBEFCA,Irapijerkifly,Izzy,96.049,-16.51,212.32281,,,,,,,,,,,,
TRAZCLE12903CC9A01,Une java,Albert Préjean,178.596,-11.963,190.17098,,,,,,,,,,,,
TRAZCMR128F1462B51,Rock 'n' Roll,Generation X,187.222,-8.957,183.84934,,,,,,,,,,,,
TRAZCMY12903CDE03A,Mine All Mine,Jimmy Wakely,92.596,-16.626,178.1024,,,,,,,,,,,,
TRAZCNK128F42A515E,Agenda Zwei Null Eins Null,Django Asül,87.279,-11.876,365.73995,,,,,,,,,,,,
TRAZCOT128E0792471,You're Crazy,Guns N' Roses,167.927,-2.246,284.99546,,,,,,,,,,,,
TRAZCOX128F42B6555,The Small Print,Muse,161.631,-3.589,209.00526,,,,,,,,,,,,
TRAZCPK128E078AF3F,I Dunno (LP Version),Georgia Satellites,166.323,-11.865,190.40608,,,,,,,,,,,,
TRAZCQS128EF356DFB,Easily,Vivian,165.019,-5.714,212.37506,,,,,,,,,,,,
TRAZCSY128F42683F2,Shut Up,Pretty Boy Floyd,132.025,-9.074,236.042,,,,,,,,,,,,
TRAZCUE128F4223510,Paper Aeroplane (Live From 'Drastic Fantastic' Tour),KT Tunstall,99.379,-18.054,282.5922,,,,,,,,,,,,
TRAZCWP12903CB5764,This is My Father's World/For the Beauty of the Earth,Glad,115.487,-12.998,234.762,,,,,,,,,,,,
TRAZCYR12903C98F1D,Termites in the Bathtub,Dntel,120.162,-12.796,264.77669,,,,,,,,,,,,
TRAZCZH12903CE21FC,Main Theme from Jaws,Orlando Pops Orchestra and Andrew Lane,108.895,-23.145,430.94159,,,,,,,,,,,,
TRAZCZL128F424E1DD,Oh! quand je dors,Dennis O'Neill,80.77,-25.056,384.62649,,,,,,,,,,,,
TRAZDAV128F42A6515,Say Something [featuring Jean Grae] (Album Version),Talib Kweli,190.008,-6.434,222.11873,,,,,,,,,,,,
TRAZDEN128F4276BA9,Farenheit 303,Orbital,123.992,-15.046,504.47628,,,,,,,,,,,,
TRAZDGU128F4234A91,After The Glitter Fades (LP Version),Glen Campbell,155.839,-17.913,166.39955,,,,,,,,,,,,
TRAZDGW128F424A4A3,Wanted Dead Or Alive,L.A. Guns,150.056,-13.051,302.52363,,,,,,,,,,,,
TRAZDHL12903CBBB4B,La vie d'artiste,Michèle Arnaud,111.152,-12.859,163.05587,,,,,,,,,,,,
TRAZDHN12903CB7532,Scrimmage,Gerald Clayton,76.425,-14.232,393.63873,,,,,,,,,,,,
TRAZDKY128F4235130,Viimeinen lento,Kaija Koo,167.857,-9.933,182.33424,,,,,,,,,,,,
TRAZDOM128F933DBB2,Drinkin' Wine - Original,Gene Simmons,103.301,-12.567,162.01098,,,,,,,,,,,,
TRAZDPO128E078ECE6,Crazy,Aerosmith,162.343,-4.277,319.73832,,,,,,,,,,,,
TRAZDQQ128F93590E2,From a Jack To a King,Ned Miller,99.334,-10.112,131.83955,,,,,,,,,,,,
TRAZDTT128F9346306,Out in the Streets,The Shangri-Las,105.832,-11.219,161.48853,,,,,,,,,,,,
TRAZDUL128F92EBFC4,Str8 M.O.B.,Assassin,180.008,-6.694,230.47791,,,,,,,,,,,,
TRAZDYL128F9317B92,Reinvigorated (Maschinenkult_ Pt. 1),Herbst9_ Z'ev,162.781,-13.785,501.55057,,,,,,,,,,,,
TRAZEBG128F1456D2E,You Found Me,MxPx,101.106,-5.41,151.24853,,,,,,,,,,,,
TRAZEDS128F14836FE,Oración (Directo),Héroes del Silencio,110.576,-4.884,249.86077,,,,,,,,,,,,
TRAZEEP128F4268B8C,Conc Orchestre Sz.116/Allegretto (2eme Mvt),Herbert Von Karajan,205.694,-26.44,387.44771,,,,,,,,,,,,
TRAZEFH128F4276468,Drunnhvita Elevator,John Tchicai,105.096,-39.325,191.92118,,,,,,,,,,,,
TRAZEGM128F42AD0EB,Pretty Little Thing,Dale Hawkins,85.794,-9.503,168.59383,,,,,,,,,,,,
TRAZEJN12903CC5E4A,Chile con carne,Gabriel Yared,89.871,-21.032,194.82077,,,,,,,,,,,,
TRAZEMT128F424C939,En Écoutant Mon Coeur Chanter,Line Renaud,66.974,-8.546,171.96363,,,,,,,,,,,,
TRAZEQU128F42926FD,Mountain Theme,Bruce Rowland,120.664,-21.141,113.99791,,,,,,,,,,,,
TRAZEYQ12903C9D099,Shed So Many Tears,Johnny Winter,111.716,-15.086,135.99302,,,,,,,,,,,,
TRAZEZT12903CBD3CA,Lixuneanos (Original Mix),Rui Da Silva,129.927,-8.229,635.92444,,,,,,,,,,,,
TRAZEZW128F930F4FF,Ho Shit (Chopped&Screwed),5th Ward Boyz,130.729,-6.712,261.11955,,,,,,,,,,,,
TRAZFAV128F92F1459,Little Bar Butterfly,Mae West,123.204,-11.131,95.08526,,,,,,,,,,,,
TRAZFEX12903CDCF88,Hope For The Fallen,Call To Preserve,158.018,-1.672,175.22893,,,,,,,,,,,,
TRAZFJI128EF357F94,Not Missing You,Inspector 9,121.892,-10.032,267.91138,,,,,,,,,,,,
TRAZFJL12903CEA19A,Show Some Sign,The Jackson Southernaires,142.523,-7.926,273.68444,,,,,,,,,,,,
TRAZFKN128F4250CD4,Too Much Fun,Commander Cody And His Lost Planet Airmen,106.925,-12.484,205.71383,,,,,,,,,,,,
TRAZFMG128F4255C6A,The Son Shines Down On Me,Asleep At The Wheel,104.098,-17.127,243.98322,,,,,,,,,,,,
TRAZFPJ128F428A40F,Shi Guang Ben Shi Wu Zui,Sandy Lam,139.213,-10.782,220.15955,,,,,,,,,,,,
TRAZFYU128F93569C6,No Rainbow,deadboy & the Elephantmen,161.68,-10.752,275.46077,,,,,,,,,,,,
TRAZFZS128F4272A31,Severe Severing,Klaus Badelt,246.593,-22.28,592.56118,,,,,,,,,,,,
TRAZGAC128F4255C45,Sin Ti,Anthony Cruz,178.721,-13.159,324.98893,,,,,,,,,,,,
TRAZGIF128F934522F,3 Deuces,Marcus Miller,100.135,-12.878,382.95465,,,,,,,,,,,,
TRAZGIL128E0793F9B,So Lonely,The Police,156.957,-8.282,289.64526,,,,,,,,,,,,
TRAZGOL12903CF396D,Ta Min Vals (Take This Waltz),Ebba Forsberg,47.754,-12.98,367.80363,,,,,,,,,,,,
TRAZGQQ128F4278C1A,Corner Story,Del The Funky Homosapien,87.955,-7.531,242.85995,,,,,,,,,,,,
TRAZGSW128F931CD12,Frères de sang (feat. Meiway),Aurlus Mabélé,125.916,-4.355,356.88444,,,,,,,,,,,,
TRAZGVI128F14A5400,Your Smile (LP Version),James Darren,192.114,-11.828,155.6371,,,,,,,,,,,,
TRAZHAC128F93449F6,Mei Tian Ai Ni Duo Yi Xie,Leon Lai,119.999,-5.651,255.00689,,,,,,,,,,,,
TRAZHAJ128F4289AE1,Only When I'm Drunk,Tha Alkaholiks,104.458,-8.006,217.36444,,,,,,,,,,,,
TRAZHIJ12903CC2A20,Slide In - Slide Out,Capital Tax,100.198,-8.902,252.1073,,,,,,,,,,,,
TRAZHKJ128F92FB41D,Spanish Nights,Michael Stanley Band,92.161,-11.768,346.56608,,,,,,,,,,,,
TRAZHMT12903C9D27E,Far Beyond The Endless,Moist,131.98,-9.795,360.98567,,,,,,,,,,,,
TRAZHPR128F931C1E6,If I Ever Saw A Good Thing (Album Version),Tony Joe White,150.031,-11.166,201.03791,,,,,,,,,,,,
TRAZHRE128F92F344E,Talking About It Blues,Otis Taylor,148.022,-11.002,285.72689,,,,,,,,,,,,
TRAZHUK128E0789114,Lonely,Akon,90.069,-10.87,211.66975,,,,,,,,,,,,
TRAZHXM128F146F711,KOOKOSP}HKIN} - I'VE GOT A LOVELY BUNCH OF COCONUTS-,M.A. Numminen,134.972,-4.792,168.51546,,,,,,,,,,,,
TRAZHYX128F9311662,Hank & Joe and Me,Johnny Cash,154.619,-21.916,127.99955,,,,,,,,,,,,
TRAZHZI128F930653D,Framed,The Sensational Alex Harvey Band,92.461,-9.253,536.0322,,,,,,,,,,,,
TRAZIAS128F4260D74,Jane's Theme,Harald Kloser,84.269,-18.765,178.1024,,,,,,,,,,,,
TRAZIER128F4254BBA,You Gotta Go,Fountains Of Wayne,85.047,-3.594,126.87628,,,,,,,,,,,,
TRAZIKB128F4265F70,Ready For The Love,Angela Stewart,142.674,-11.91,211.33016,,,,,,,,,,,,
TRAZILC128F4253F29,Best Kept Secret,Dons,124.031,-5.08,240.22159,,,,,,,,,,,,
TRAZIQB128F934B755,Guardian Angel,Since The Flood,174.281,-2.517,194.92526,,,,,,,,,,,,
TRAZISB128F427907A,Class Compromise (&History's Glory),The Business,115.586,-4.162,144.77016,,,,,,,,,,,,
TRAZISB12903CB6CEB,Once,Del Horno,189.331,-6.153,521.89995,,,,,,,,,,,,
TRAZISI128E078EE2F,Same Old Song And Dance,Aerosmith,133.596,-5.686,357.53751,,,,,,,,,,,,
TRAZIWR128F4234282,Why Do You Have to Go,Dells,108.926,-12.057,159.05914,,,,,,,,,,,,
TRAZJEZ12903CE6C0A,Luna Latina,Nestor Torres,148.426,-9.498,330.23955,,,,,,,,,,,,
TRAZJFT128F4257871,Poisonous (Edited) (Feat. Devin The Dude),Dilated Peoples Featuring Devin The Dude,178.13,-5.703,221.28281,,,,,,,,,,,,
TRAZJGD128F4289D2A,To Bob Ross With Love (Album Version),Gym Class Heroes,93.408,-7.468,158.64118,,,,,,,,,,,,
TRAZJLS128F933BC09,I Give Up (Album Version),Stellar Kart,162.024,-3.631,171.25832,,,,,,,,,,,,
TRAZJNS128F92C3ABA,Jambalaya (On The Bayou),Johnny Copeland,87.231,-11.336,221.962,,,,,,,,,,,,
TRAZJOI12903CDA550,The Distance,Bon Jovi,89.008,-5.125,345.96526,,,,,,,,,,,,
TRAZJPD128F93365B5,Cross The Bridge,Beenie Man,118.101,-11.677,219.402,,,,,,,,,,,,
TRAZJRY128EF347CD8,Comeback,Eric Burdon,166.748,-6.818,125.51791,,,,,,,,,,,,
TRAZJRY128F92E9CD6,You And Only You,FFH,116.446,-5.038,215.50975,,,,,,,,,,,,
TRAZJSJ128F9354A01,Thump Thump Da Box,DJ Phiene,165.048,-3.547,190.22322,,,,,,,,,,,,
TRAZJUH128F934465B,Mental Beat,Hanoi Rocks,135.648,-4.456,304.22159,,,,,,,,,,,,
TRAZJXO128EF355468,I Adara_ To Lenaki Ki I Rinio (Fuss_ Lenaki And Rinio) (2006 Digital Remaster),Viki Mosholiou,99.611,-7.637,218.14812,,,,,,,,,,,,
TRAZJZD128F92DA991,Won't You Spread Some Flowers On My Grave,Guitar Slim,121.526,-15.209,181.39383,,,,,,,,,,,,
TRAZJZP128F427FFAC,Scars and Souvenirs Intro,Max Stalling,112.629,-12.29,43.85914,,,,,,,,,,,,
TRAZJZW12903C99432,Talkin' Bout A Revolution,6CycleMind,84.27,-10.45,278.38649,,,,,,,,,,,,
TRAZKAG12903CD1918,Too Shy To Scream,AFI,94.937,-4.606,176.61342,,,,,,,,,,,,
TRAZKAN128F92D5EB4,I Don't Care If You Lie (C Layne),Magnatune Compilation,80.031,-10.317,184.76363,,,,,,,,,,,,
TRAZKBJ128F931A3ED,I Love Rock n´ Roll,Jessica Myrberg,95.972,-4.878,172.7473,,,,,,,,,,,,
TRAZKCX128F4288F26,Squanderer,Shriekback,70.074,-5.968,234.68363,,,,,,,,,,,,
TRAZKDD12903CC8328,Narechenny Izgoem,Kruger,140.254,-9.15,407.50975,,,,,,,,,,,,
TRAZKIS12903CEED76,Lament for Frankie,Solas,47.934,-22.187,192.67873,,,,,,,,,,,,
TRAZKJU128F92C972A,Boots The Monkey!,Dora The Explorer,153.033,-8.52,39.73179,,,,,,,,,,,,
TRAZKOL128F4234128,Sugar Buzz,Russell Malone,86.172,-13.763,286.6673,,,,,,,,,,,,
TRAZKPM12903CE9664,Good News,Kingston Trio,139.38,-12.145,118.69995,,,,,,,,,,,,
TRAZKTZ128F425C690,Turning Of A Key,Michael Gettel,95.046,-16.229,272.22159,,,,,,,,,,,,
TRAZKXE128F149437C,Dos imposibles,Diego Vasallo,128.061,-6.146,225.4624,,,,,,,,,,,,
TRAZLCH12903CE3D6D,The King,Grandmaster Flash,93.856,-16.323,197.79873,,,,,,,,,,,,
TRAZLCL128F92F0A89,Games People Play,The Jordanaires,166.199,-13.482,163.23873,,,,,,,,,,,,
TRAZLFE128F4247436,Champagne Bubble Bath,H-Town,65.971,-5.979,241.71057,,,,,,,,,,,,
TRAZLFL12903CCE70E,You're All I Need,Singing Melody,109.045,-6.007,224.02567,,,,,,,,,,,,
TRAZLFO12903CB6C0B,Lead Me To The Cross (Acoustic),Seventh Day Slumber,150.089,-6.183,287.73832,,,,,,,,,,,,
TRAZLHI128F427A408,Fiel Enamorado,Estrellas Cubanas,203.419,-5.569,329.97832,,,,,,,,,,,,
TRAZLIO128F92F1DB0,Warfare,Joell Ortiz,115.933,-7.559,167.88853,,,,,,,,,,,,
TRAZLIS128F1486F43,Gir Dig Mer,Nik & Jay,125.028,-6.012,207.67302,,,,,,,,,,,,
TRAZLLR128F42A8DCC,These Days,Ayo,82.723,-18.328,288.31302,,,,,,,,,,,,
TRAZLOO12903CA475D,Ouverture,Stern,120.052,-12.907,283.27138,,,,,,,,,,,,
TRAZLSQ128F424ADE8,Dry Bone Shuffle,Blind Blake,140.178,-16.923,199.1571,,,,,,,,,,,,
TRAZLTA128F425510D,Mi Mas Agapas,Angela Dimitriou,109.695,-8.07,215.562,,,,,,,,,,,,
TRAZLVR128E078F044,Slip Kid,The Who,151.796,-9.003,271.69914,,,,,,,,,,,,
TRAZLWP128F428F3C1,Dame Un Besito (Version Salsa),Andy & Lucas,103.984,-6.7,270.94159,,,,,,,,,,,,
TRAZLXH12903CF7D51,She Is,The Fray,144.239,-6.132,227.60444,,,,,,,,,,,,
TRAZLZS128F425323D,Keysage,Vicious Mary,88.984,-11.902,229.22404,,,,,,,,,,,,
TRAZMAV128F14AD215,Franks Plea,Marco Beltrami,120.484,-19.306,160.78322,,,,,,,,,,,,
TRAZMIV12903CFC3E9,If You Wanna Be My Friend,Oscar Lima,85.195,-8.66,218.72281,,,,,,,,,,,,
TRAZMLF128F42720F5,Le Beeatch,Trafik,128.012,-7.671,372.94975,,,,,,,,,,,,
TRAZMME128F425E593,Somewhere Out There (Album Version),Deodato,136.177,-9.372,283.0624,,,,,,,,,,,,
TRAZMND128F4269762,Sanchez Family,Harry Gregson-Williams,160.038,-15.118,284.682,,,,,,,,,,,,
TRAZMNR128F92E3BED,Quinze mai,Gus Viseur,211.974,-14.669,193.38404,,,,,,,,,,,,
TRAZMRJ128F9330A1F,Gaita Pueblera,Gran Coquivacoa,167.567,-11.837,163.47383,,,,,,,,,,,,
TRAZMTR128F1495E34,I Think About You (LP Version),Ray Barretto,134.211,-11.15,272.95302,,,,,,,,,,,,
TRAZMUY128F4292D9F,Matriarch (LP Version),MICHAEL WHITE,112.289,-13.879,158.56281,,,,,,,,,,,,
TRAZMXH12903C9FDFE,Plage de Belle Maison,Thomas Battenstein,133.166,-27.706,237.50485,,,,,,,,,,,,
TRAZMZY128E078F06A,Bricks And Mortar,The Jam,145.115,-9.696,157.3873,,,,,,,,,,,,
TRAZNAE128F4295D9C,Stuck On Rewind,Rockit,91.951,-10.157,219.66322,,,,,,,,,,,,
TRAZNDI128F9321777,Freestyle Ministry (server Verbals),KRS-One,95.285,-4.178,136.95955,,,,,,,,,,,,
TRAZNDO12903CF3CE6,He Dreams Of Spaceships,Lorna,84.054,-11.108,273.34485,,,,,,,,,,,,
TRAZNDU128F42B64EE,This Is Our Album_ Eh?,Bob McKenzie / Doug McKenzie,77.718,-28.096,224.46975,,,,,,,,,,,,
TRAZNFE128F92E49BF,Moving On,Constance Demby,153.942,-13.129,285.75302,,,,,,,,,,,,
TRAZNGB128F425A305,Love Is An Uphill Climb  (),David Robertson,127.686,-11.584,285.04771,,,,,,,,,,,,
TRAZNHH12903CE2533,South Side Rep Your Hood (Ringtone_ Sonnerie),Blingtones,153.803,-11.883,39.05261,,,,,,,,,,,,
TRAZNKG12903CDCF8A,Open your Eyes,Call To Preserve,115.09,-2.045,199.78404,,,,,,,,,,,,
TRAZNLA128F930A44E,Red Wind (World),R. Carlos Nakai,142.151,-24.997,551.81016,,,,,,,,,,,,
TRAZNLT128F4264189,¿Y Cómo Es Él?,Jose Luis Perales,76.449,-13.47,247.01342,,,,,,,,,,,,
TRAZNMD128F4295DBB,To My Victim's Families,Birds of Prey,117.463,-4.914,162.48118,,,,,,,,,,,,
TRAZNPQ128F9325E16,Sleeping Annaleah (2009 Digital Remaster),Nick Cave & The Bad Seeds,125.112,-10.168,196.62322,,,,,,,,,,,,
TRAZNQI12903C9F8FC,Up All Night (Acoustic Live Album Version),Unwritten Law,111.943,-7.742,174.10567,,,,,,,,,,,,
TRAZNRY12903CE48D3,Juncales,Juan Carmona,156.833,-8.218,369.89342,,,,,,,,,,,,
TRAZNTJ128F9311896,Tanguero,Laurindo Almeida / Charlie Byrd,116.181,-19.884,232.6722,,,,,,,,,,,,
TRAZNZQ128F92E08FF,197666 w/ Special Guest The Confederate Crusader (Album Version),Wednesday 13's Frankenstein Drag Queens From Planet 13,183.512,-4.625,146.85995,,,,,,,,,,,,
TRAZOAE128F9347A40,Evenglow,David & Steve Gordon,64.634,-28.431,311.35302,,,,,,,,,,,,
TRAZOEU128F92E28DD,Louise,Willy DeVille,60.646,-8.975,282.30485,,,,,,,,,,,,
TRAZOGI128F429F7C1,Big Woman,Washboard Sam,177.878,-17.36,171.62404,,,,,,,,,,,,
TRAZORC128F426C323,Unforgettable Season,Cut Copy,129.975,-3.592,195.21261,,,,,,,,,,,,
TRAZOSB128F9302A07,This Love,Maroon 5,114.998,-6.04,177.52771,,,,,,,,,,,,
TRAZOSO128F149739D,Approach To Danger (Edited),N.W.A.,189.801,-5.032,165.19791,,,,,,,,,,,,
TRAZOTK128F92F1536,Somebody Changed the Lock,Tarheel Slim,174.52,-24.72,153.62567,,,,,,,,,,,,
TRAZOXW128F92E79B2,My Butcher Man,Memphis Minnie,107.452,-16.536,180.29669,,,,,,,,,,,,
TRAZPJO12903CB4EA6,Mother-In-Law Blues,Little Jr. Parker,101.914,-14.925,154.8273,,,,,,,,,,,,
TRAZPKX128F930BCB9,Dreams - Original,Dan Moretti,84.791,-10.474,341.49832,,,,,,,,,,,,
TRAZPMW12903CFAC16,Move Mountains (BBC In Concert),Jesus Jones,119.729,-10.248,269.29587,,,,,,,,,,,,
TRAZPQE12903CEDBDD,Have Fun Prelude,Speech,72.845,-19.406,24.92036,,,,,,,,,,,,
TRAZPRP128F9336CE9,Peace,Billy Higgins,206.609,-11.92,314.40934,,,,,,,,,,,,
TRAZPYG128F4288AC3,Listen Up,Army of the Pharoahs,92.099,-8.316,242.25914,,,,,,,,,,,,
TRAZQAY128F421AFF5,Tell Me Why,Smokin' Joe Kubek & Bnois King,115.863,-6.854,221.3873,,,,,,,,,,,,
TRAZQBG12903C9CE49,We Don't Need It (Amended Album Version),Junior M. A. F. I. A.,129.58,-8.007,258.37669,,,,,,,,,,,,
TRAZQCL128F428973A,The Everlasting Gaze (A Static Lullaby),A Static Lullaby,150.075,-6.571,241.10975,,,,,,,,,,,,
TRAZQET128F42A0449,After Hours,Phantom Planet,113.874,-5.482,164.12689,,,,,,,,,,,,
TRAZQJC128F9353DA3,Outta Control,50 Cent / Mobb Deep,91.981,-5.804,247.77098,,,,,,,,,,,,
TRAZQPN128F42AA894,Psihi Mou Moni,Pegy Zina,125.027,-8.189,196.362,,,,,,,,,,,,
TRAZQQV128F428BAB5,Mercedes Benz,Mario Rosenstock,181.731,-5.396,55.66649,,,,,,,,,,,,
TRAZQRJ128F932EAB6,So Much Love,Shangri Las,132.149,-15.636,134.68689,,,,,,,,,,,,
TRAZQRN128F426F725,Rubber Track,DJ Deeon,95.571,-14.696,211.09506,,,,,,,,,,,,
TRAZQTY12903CEDACC,Night Time,Suicide,185.46,-5.537,394.73587,,,,,,,,,,,,
TRAZQWR128F147DA35,Real People (Cybernetic Dub),Apache Indian,97.994,-6.136,286.77179,,,,,,,,,,,,
TRAZRAR128F1477778,Juliet,The Four Pennies,101.308,-9.427,144.14322,,,,,,,,,,,,
TRAZRBF128F9317BF5,Subcode,Jah Wobble & Bill Laswell,155.193,-12.997,463.35955,,,,,,,,,,,,
TRAZRBR128E0782989,Where Do We Go Now But Nowhere,Nick Cave & The Bad Seeds,122.002,-18.942,345.75628,,,,,,,,,,,,
TRAZRES128F4222850,Let It Flow (Feat. Gauran-T and Freaky Frederali),Five Fingers of Funk,111.924,-9.999,177.00526,,,,,,,,,,,,
TRAZRFV128F92FAAB6,Hummingbird,Leon Russell,86.994,-12.893,226.21995,,,,,,,,,,,,
TRAZRJF128F93406EC,Let Me Play With Yo' YoYo,Blind Willie McTell,170.462,-16.227,188.21179,,,,,,,,,,,,
TRAZRKK12903CD7385,Thirteen [Live at Lafayette's Music Room_ Memphis_ TN_ January 1973],Big Star,103.28,-10.132,181.26322,,,,,,,,,,,,
TRAZRKX12903D0C4DB,It Makes No Difference,Jimmie Davis,118.977,-17.33,183.87546,,,,,,,,,,,,
TRAZROZ128F42563E0,Pack Your Bags (Jake Benson Club Mix),Leana,132.995,-10.228,425.92608,,,,,,,,,,,,
TRAZRPT128F425DC9C,Much Against Everyone'S Advice (Dave Bascombe Radio Mix),Soulwax,137.328,-8.099,171.4673,,,,,,,,,,,,
TRAZRXP12903CBD6A9,Part Of Me (LP Version),Vonray,108.011,-5.472,230.08608,,,,,,,,,,,,
TRAZSBD128F14A27AB,I've Been Loving You Too Long (LP Version),Dionne Warwick,126.54,-12.992,214.38649,,,,,,,,,,,,
TRAZSBF128F933BBCA,Femme du guerrier,Les Ogres De Barback,209.384,-10.032,278.12526,,,,,,,,,,,,
TRAZSCZ128F42554F4,Don't You Wish It Was True,John Fogerty,124.505,-5.187,250.95791,,,,,,,,,,,,
TRAZSDB128F148726F,Victims of the occupation,Anne Dudley,95.777,-18.671,94.69342,,,,,,,,,,,,
TRAZSEY128F424C12B,Close To The Well (Live),Ivan Parker,84.922,-11.83,163.05587,,,,,,,,,,,,
TRAZSFV128F14806FE,Worshipper's Medley,Darwin Hobbs,111.417,-7.087,621.7922,,,,,,,,,,,,
TRAZSGY128F930C0B9,Johnny My Boy - Original,THE AD LIBS,127.356,-8.693,163.99628,,,,,,,,,,,,
TRAZSIN128F9352D39,Andra sidan,Sofia Karlsson,152.338,-16.757,172.93016,,,,,,,,,,,,
TRAZSJF12903CB2B42,Falling In Love,Uriah Heep,165.976,-8.535,184.55465,,,,,,,,,,,,
TRAZSJY128F92CCEA0,Leo's place,Eric Burdon,138.593,-12.733,246.5171,,,,,,,,,,,,
TRAZSOV128F1487CA4,Coming Undone (Sleazy Days Rock Electro Remix) (Acid Planet Remix -- France),Korn,150.017,-3.533,200.80281,,,,,,,,,,,,
TRAZSPF128F93075C2,Sometimes Yes_ Sometimes No,Jill Paquette,144.027,-9.922,199.70567,,,,,,,,,,,,
TRAZSPX128F4275112,Greasers,PRE,142.107,-3.972,92.70812,,,,,,,,,,,,
TRAZSRJ128F4216E54,Stop Complaining/Remix/Jam,Lyrics Born,110.925,-5.407,445.49179,,,,,,,,,,,,
TRAZSRV128F1452866,Fix The Cracks,Humanzi,158.972,-6.114,274.99057,,,,,,,,,,,,
TRAZSUJ128F4243934,Love Can,David Tao,148.02,-6.806,261.82485,,,,,,,,,,,,
TRAZSVJ128E0785129,Wildfire (Album Version),P.O.D.,146.063,-4.436,195.81342,,,,,,,,,,,,
TRAZSVT128F92DEC7B,A Quoi Ca Sert,Julie Zenatti,134.882,-5.559,201.66485,,,,,,,,,,,,
TRAZSWV12903CB7370,Linda Lou,Bob Wills,109.657,-14.928,151.69261,,,,,,,,,,,,
TRAZSZD128F424AA49,Hypergasm,Chaotica,140.007,-10.589,235.07546,,,,,,,,,,,,
TRAZTBZ12903CFB6DA,I Love You_ You Imbecile,Pelle Carlberg,155.07,-4.403,174.81098,,,,,,,,,,,,
TRAZTEK128F145C90E,In A Letter To You (Digitally Remastered 98),Eddy Raven,129.266,-10.008,202.52689,,,,,,,,,,,,
TRAZTHP128F145849C,Pamella,Remmy Ongala,123.669,-12.532,325.3024,,,,,,,,,,,,
TRAZTJH12903CC5137,Love Is So Unkind (Album Version),Gabriela Anders,148.119,-9.394,228.07465,,,,,,,,,,,,
TRAZTJP128F932D96B,Sonnenfreunde,Carl Crack,107.054,-14.159,78.96771,,,,,,,,,,,,
TRAZTSO128F425E2BB,Thine Is The Kingdom,Parachute Band,87.967,-4.747,285.36118,,,,,,,,,,,,
TRAZTWI128F424CF73,He Can't Love you,Michael Stanley Band,151.716,-10.922,216.34567,,,,,,,,,,,,
TRAZUBN128F426F002,Ho Sake To,Hunters,130.051,-8.027,342.38649,,,,,,,,,,,,
TRAZUDX12903CA9284,Mother Of Greed,Jason & The Scorchers,122.025,-4.3,252.49914,,,,,,,,,,,,
TRAZUFA12903CC0663,Les frelons (Live),Claire Elzière,163.066,-13.4,92.89098,,,,,,,,,,,,
TRAZUKY128F426C8BC,Afraid,Mötley Crüe,124.024,-5.668,248.21506,,,,,,,,,,,,
TRAZUMV128F930AD43,A Doce Canção de Nélida,Sivuca & Camerata Brasílica,152.282,-15.085,220.39465,,,,,,,,,,,,
TRAZUOG128F4259EAA,I Was Blind But Now I See,Greater Vision,105.06,-7.084,187.89832,,,,,,,,,,,,
TRAZURS128F14A1CD2,Gun Pull,Theodore Shapiro,131.409,-32.166,109.84444,,,,,,,,,,,,
TRAZUSD128EF353216,Amazing Grace,Bill Murk,126.664,-9.237,219.14077,,,,,,,,,,,,
TRAZUSS128F92FD081,The Wrapper,Marco Beltrami,202.578,-26.527,168.30649,,,,,,,,,,,,
TRAZUTC128F4290BE3,Let the Music Use You (Next Generation Mix),Jere McAllister,126.319,-11.283,460.43383,,,,,,,,,,,,
TRAZUUL128F92EBBBF,Sonho (Dream),Nando Lauria,143.212,-23.172,350.56281,,,,,,,,,,,,
TRAZUVG128F930EDC9,Flip Over And Upsidedown,Emotion Code,120.002,-6.412,594.99057,,,,,,,,,,,,
TRAZUVK12903C9ACBA,Let's Make Love (Album Version),Faith Hill & Tim McGraw,146.85,-8.355,252.89098,,,,,,,,,,,,
TRAZUVR128F9306DA9,Street Loafin' Woman,Jimmy McCracklin,96.2,-26.246,179.35628,,,,,,,,,,,,
TRAZUVU128F42BABF4,Broken Radio,Jesse Malin,129.953,-7.95,219.19302,,,,,,,,,,,,
TRAZUYY128F4280219,Tule illoin,Fredi,166.555,-13.691,181.36771,,,,,,,,,,,,
TRAZUZS128F4242F76,Flight To Jordan,Tito Puente,135.374,-14.445,356.41424,,,,,,,,,,,,
TRAZVEJ128F92EDA77,Rock Around The Christmas Tree,Daniel Johnston,133.142,-7.324,130.55955,,,,,,,,,,,,
TRAZVFJ128F9310CE2,Vegetable (Live),Radiohead,115.906,-9.958,188.31628,,,,,,,,,,,,
TRAZVKD12903CE88C1,So It Goes,Mister Ries,150.009,-14.113,191.7122,,,,,,,,,,,,
TRAZVMZ128F1476A87,Come Emmanuel (House Of Worship Album Version),Twila Paris,88.618,-11.416,207.41179,,,,,,,,,,,,
TRAZVOH128F1468F8C,Love Round The Corner,The Motors,154.167,-6.433,161.64526,,,,,,,,,,,,
TRAZVSQ12903CF4EBE,Horn Webb,Art Ensemble Of Chicago,121.611,-15.339,164.77995,,,,,,,,,,,,
TRAZVVL128F930FD4D,Contagious,Ill Harmonics,95.954,-8.602,267.88526,,,,,,,,,,,,
TRAZVVM128F92E0FEC,Give My Heart A Break aka You Don't Seem To Understand,Jimmy McCracklin,147.633,-9.517,180.87138,,,,,,,,,,,,
TRAZVVV128F428A033,Amazing Grace (Album Version),Dropkick Murphys,183.684,-5.232,158.64118,,,,,,,,,,,,
TRAZVYP128F1459AD9,Star Signs,Leona Naess,129.887,-14.507,292.88444,,,,,,,,,,,,
TRAZVZJ128F92EF28A,summer jam,Set Your Goals,99.024,-3.242,185.86077,,,,,,,,,,,,
TRAZVZX128F930C9A2,India,Jeff Wahl,150.081,-25.416,124.682,,,,,,,,,,,,
TRAZWBZ128F9338D12,Blue Lights Flashing,Solitaire,120.27,-5.769,260.70159,,,,,,,,,,,,
TRAZWDT128F4241B14,Pretend,Shelby Lynne,100.848,-17.514,167.07873,,,,,,,,,,,,
TRAZWEI128F92FD924,Calm,Circular,91.397,-22.786,429.29587,,,,,,,,,,,,
TRAZWFF128F42508A6,Now I Know,Bullethole,168.009,-6.001,226.66404,,,,,,,,,,,,
TRAZWGK128F93141E3,Poker Face,Lady GaGa,86.499,-11.323,243.33016,,,,,,,,,,,,
TRAZWGV128F425DA7C,Just Let Me Be In Love,Tracy Byrd,96.068,-7.695,227.57832,,,,,,,,,,,,
TRAZWLK12903CC49A2,Wrong Decision (Instrumental),Vrse Murphy,99.106,-12.123,234.23955,,,,,,,,,,,,
TRAZWPP128F92E11A7,I'll Never Get Over You,The Dee Jays,133.974,-5.19,123.16689,,,,,,,,,,,,
TRAZWSN12903CD494F,Golfshirt Pt. 2,Nerf Herder,135.083,-6.077,147.43465,,,,,,,,,,,,
TRAZWTT128F935AA16,Nordmark,YGGDRASIL,104.186,-7.317,328.69832,,,,,,,,,,,,
TRAZWWP128F147EB03,Ares Populares/Asa Branca,Moraes Moreira,193.99,-12.793,193.41016,,,,,,,,,,,,
TRAZXBG12903CC5BF2,Its Too Late Now,Prozak,200.004,-4.449,195.42159,,,,,,,,,,,,
TRAZXBO128F429DA70,Do It_ Fluid,Blackbyrds,194.922,-7.863,325.92934,,,,,,,,,,,,
TRAZXDC128F429874E,Criteria,Shaggy,99.994,-6.658,223.4771,,,,,,,,,,,,
TRAZXNQ128F93351C4,La Vida,Los Fabulosos Cadillacs,106.798,-4.537,192.07791,,,,,,,,,,,,
TRAZXRF12903CBF383,This Is How We Live: Northern Cali,Big Rich featuring Devo,94.378,-6.887,204.43383,,,,,,,,,,,,
TRAZXVB128F4271EF9,Die Gesellschaft,Johann Köhnich,124.015,-15.972,376.05832,,,,,,,,,,,,
TRAZXYE12903CF3E57,Missing You,Anthony Watson,120.211,-6.941,248.29342,,,,,,,,,,,,
TRAZYBC128F4214A10,Who's 2 Blame,Mix Mob,90.621,-9.079,237.45261,,,,,,,,,,,,
TRAZYET12903CEC75F,Toca Me (Album Version),Flexy,126.034,-5.779,241.97179,,,,,,,,,,,,
TRAZYFD128F42A0A51,Visions (20/20),FU-Schnickens,90.846,-11.041,313.80853,,,,,,,,,,,,
TRAZYFP128F9336BD6,A True,Sugar Minott,152.91,-7.651,206.78485,,,,,,,,,,,,
TRAZYHO128F42A0478,Rollin' Down To Jordan,Birmingham Jubilee Singers,90.942,-17.839,200.17587,,,,,,,,,,,,
TRAZYJO128F42AF4B5,24.000 Baci,Christos Dantis,166.138,-7.604,128.83546,,,,,,,,,,,,
TRAZYQF12903CE3DA5,Problem Solver,Valient Thorr,91.858,-6.641,200.64608,,,,,,,,,,,,
TRAZYQU128F934AC32,Psychopath,Lizzy Borden,145.883,-8.38,234.91873,,,,,,,,,,,,
TRAZYVR128F4280A24,Last Night,Northern State,129.352,-7.492,208.09098,,,,,,,,,,,,
TRAZYWB128F92C3AC0,Circumstances,Johnny Copeland,120.765,-11.61,305.6322,,,,,,,,,,,,
TRAZYYE128F1456A0E,Everybody Loves Me But You,Brenda Lee,107.073,-15.603,151.03955,,,,,,,,,,,,
TRAZYZQ128F146653D,Abagui Alobi,Patience Dabany,124.293,-10.672,369.162,,,,,,,,,,,,
TRAZYZQ128F92E7FDA,Sarapatel Humano,Marcio Faraco,134.777,-13.485,293.43302,,,,,,,,,,,,
TRAZZAY128F9330067,Mo lanmou,Patrick Saint-Eloi,106.633,-10.797,199.05261,,,,,,,,,,,,
TRAZZFT128F9330615,Le Vivre Pour Le Croire,Akissa,112.864,-5.805,253.70077,,,,,,,,,,,,
TRAZZIP128F429BF42,A Castle In The Sky,Marty Robbins,119.324,-10.427,181.41995,,,,,,,,,,,,
TRAZZLJ128E07945F2,Follow The Leader,Eric B. & Rakim,219.94,-9.406,335.01995,,,,,,,,,,,,
TRAZZON128F930D2DC,Room At The Bottom,Vince Guaraldi,74.255,-24.669,270.75873,,,,,,,,,,,,
TRAZZOQ12903CDDCB6,Amsterdamaged,Humanzi,120.948,-9.253,242.99057,,,,,,,,,,,,
TRAZZQC128F427A0F5,Milkcow Blues,Aerosmith,103.976,-10.672,255.65995,,,,,,,,,,,,
TRAZZSV128F428EDC8,Rudeboy,Aswad,199.826,-10.789,258.42893,,,,,,,,,,,,
TRAZZWL128F4239037,Someone Believes In You - Album Version,Cindy Morgan,92.411,-13.316,287.05914,,,,,,,,,,,,
TRAZZWQ12903CE8986,Shawty Say,DJ X-Change,160.045,-6.363,199.73179,,,,,,,,,,,,
TRAZZXH128F933D2BA,Do Somethin' Crazy,Mighty Mighty Bosstones,186.6,-9.769,147.46077,,,,,,,,,,,,
TRAZZYK128F145E683,Entre Autre Pas En Traître,Isabelle Adjani,130.273,-16.755,179.77424,,,,,,,,,,,,
TRBAADN128F426B7A4,Rules of Attraction (Chris Cox),Tina Ann,127.926,-2.62,251.76771,,,,,,,,,,,,
TRBAAEJ128F4263AB7,Knucklebuster,Chet Atkins,96.031,-11.519,319.4771,,,,,,,,,,,,
TRBAAGQ128F148D17E,Crackbabies,Urge Overkill,152.468,-6.149,243.17342,,,,,,,,,,,,
TRBAAJQ128F4273A42,Go On,JK,131.991,-10.751,343.562,,,,,,,,,,,,
TRBAAOC128F42A6BEA,I'm A Chicken Head (Skit),Cam'Ron,110.064,-19.67,85.96853,,,,,,,,,,,,
TRBAAOT128F4261A18,Once,Harry Connick_ Jr.,60.882,-17.67,364.64281,,,,,,,,,,,,
TRBAASG128F92FBB7C,Pipopapo Telpathy,An Cafe,150.03,-4.188,210.75546,,,,,,,,,,,,
TRBAAUV128F429553C,How Y' All Doin',Kyle Eastwood,100.175,-14.233,207.20281,,,,,,,,,,,,
TRBAAXL12903CE78EE,Fear of Girls (Live in Croatia_ 1993),U.K. Subs,103.971,-14.616,116.1922,,,,,,,,,,,,
TRBABAC128E07852A8,Pass Me Not (LP Version),Fernando Ortega,55.619,-11.769,130.76853,,,,,,,,,,,,
TRBABBO12903CF987D,Don't Be Deceived,The Winans,113.799,-14.471,239.38567,,,,,,,,,,,,
TRBABBT128F9327213,Oversleeping,themselves,116.915,-6.324,195.18649,,,,,,,,,,,,
TRBABDM12903CC1702,Eeshwar,Niraj Chag,114.993,-12.968,109.92281,,,,,,,,,,,,
TRBABDW12903CF7955,Addison Faceplant,ZTrip,119.948,-9.817,302.602,,,,,,,,,,,,
TRBABGU128F93391B2,Murphy Lee,Murphy Lee / Zee,92.043,-4.936,268.90404,,,,,,,,,,,,
TRBABHR12903CBCE9C,The End Is Near (LP Version),Leaders Of The New School,97.292,-11.621,263.88853,,,,,,,,,,,,
TRBABJK128F93330A6,Love In Time,Esperanza Spalding / Leo Genovese,171.99,-15.525,345.5473,,,,,,,,,,,,
TRBABKP128F932D6FC,From Now Until Then,Marshall Crenshaw,121.837,-5.938,244.76689,,,,,,,,,,,,
TRBABLY128F930BFD0,Little Things,Streetwize,185.93,-8.709,292.64934,,,,,,,,,,,,
TRBABQS128F4254688,Let's Wrap Up,Roy Roberts,114.512,-16.141,189.93587,,,,,,,,,,,,
TRBABQW128F148C7FB,Josephine,Chris Rea,168.932,-11.082,308.45342,,,,,,,,,,,,
TRBABRR128F427D982,Alfil_ Ella No Cambia Nada,Luis Alberto Spinetta,136.846,-8.539,251.03628,,,,,,,,,,,,
TRBABTX128F92F9343,Harmonia,Pitch Black,130.956,-18.014,366.39302,,,,,,,,,,,,
TRBACAA12903D0575F,Back Then,BoDeans,147.944,-5.892,216.08444,,,,,,,,,,,,
TRBACFH12903CEDFBC,Hardcore From The Underland,DJ Isaac,94.535,-3.674,599.24853,,,,,,,,,,,,
TRBACGF128F92C5774,Down (LP Version),Stone Temple Pilots,134.982,-3.925,228.96281,,,,,,,,,,,,
TRBACIK128F425CD27,Pray (Album Version),Damita,160.04,-5.376,249.80853,,,,,,,,,,,,
TRBACOD128EF33F45B,Remote Control,Dark Distant Spaces,162.843,-11.13,274.02404,,,,,,,,,,,,
TRBACPE12903CC7055,"Suite No. 4 in G major_ Op. 61_ ""Mozartiana"": IV. Variation 5 ",Neeme Jarvi,91.485,-26.232,65.20118,,,,,,,,,,,,
TRBACUF128F4247F8C,Call Me,Mint Condition,97.748,-11.083,293.66812,,,,,,,,,,,,
TRBACVB128F427F67D,Menu Lagan Lagi,Sukhwinder Singh;Jaspinder Narula,99.015,-9.74,352.62649,,,,,,,,,,,,
TRBACWG128F9349A04,Flying Fiddles (1996 Digital Remaster),Shay Torrent,130.14,-12.382,114.65098,,,,,,,,,,,,
TRBADEM128F92E4D1F,I Won't Lie,The Twinkle Brothers,130.519,-11.048,204.12036,,,,,,,,,,,,
TRBADFE128F4222B3B,Milkcow Blues (Album Version),We Five,66.374,-15.698,259.63057,,,,,,,,,,,,
TRBADFY128F422F325,MY HERIONE (Acoustic Version),Silverstein,150.13,-7.896,214.04689,,,,,,,,,,,,
TRBADGD128F427D654,Scrap,Tin Hat Trio,86.826,-15.406,44.59057,,,,,,,,,,,,
TRBADGN128F42AA534,Quiero Ser Tu Sueño,Andy & Lucas,96.002,-5.116,207.62077,,,,,,,,,,,,
TRBADJM128E078CEF4,Becoming (LP Version),Lennie Tristano,200.876,-15.324,271.25506,,,,,,,,,,,,
TRBADOH128EF365038,Put On Your Rubbers,Fast Eddie,181.743,-5.272,97.30567,,,,,,,,,,,,
TRBADSX12903CC0660,Il fait déjà (Live),Claire Elzière,97.671,-17.471,235.54567,,,,,,,,,,,,
TRBADTB128F14AE3A4,You Were The One (Wide Wide World Album Version),Erin O'Donnell,96.127,-6.741,247.69261,,,,,,,,,,,,
TRBADTN12903CF9752,The Four Big Ones (Essential Authors And Works),Black Debbath,124.448,-6.409,265.7171,,,,,,,,,,,,
TRBADVL128F4272A5C,Le système solaire,SANSHIRO,140.143,-6.148,269.322,,,,,,,,,,,,
TRBADXN128F4265A6B,La polka des grenouilles,Serge Desaunay,131.842,-5.989,127.76444,,,,,,,,,,,,
TRBADZM12903CBCEA0,Zearocks (LP Version),Leaders Of The New School,101.87,-9.201,84.74077,,,,,,,,,,,,
TRBAEFI12903CD25B3,El Gatito,Los Cumbieros Del Sur,159.533,-6.058,186.85342,,,,,,,,,,,,
TRBAEHW128F9316423,As Nice As I Can Be,Eagles Of Death Metal,144.398,-3.092,225.48853,,,,,,,,,,,,
TRBAEIA12903CA6F1B,Abu-Pia,Papa Wemba,136.442,-6.612,406.62159,,,,,,,,,,,,
TRBAEJD128F4264B50,Superman,Unwritten Law,201.269,-5.243,216.81587,,,,,,,,,,,,
TRBAEPE12903CBFC12,Oh ! Tannenbaum,Bimbo Band,85.01,-13.111,85.08036,,,,,,,,,,,,
TRBAEPK12903CD4080,The Original Colossal Drag Rag,The Even Dozen Jug Band,132.582,-9.435,175.96036,,,,,,,,,,,,
TRBAEYW128F147D9EA,The People You Care For,John Ottman,61.587,-13.522,205.92281,,,,,,,,,,,,
TRBAFBB128F42309D1,Hop_ Skip & Jump,Opals,131.641,-7.633,152.58077,,,,,,,,,,,,
TRBAFBU128F427EFCE,Woman,Free,129.042,-8.72,273.52771,,,,,,,,,,,,
TRBAFBZ128F9325CA4,Gum,Emit,136.871,-3.212,197.56363,,,,,,,,,,,,
TRBAFFH12903CEF247,Shirley,Lil' Band O' Gold,146.817,-10.449,150.49098,,,,,,,,,,,,
TRBAFFR128F425BC5B,Love_ Peace and Harmony,Bow Wow Wow,126.501,-9.883,172.79955,,,,,,,,,,,,
TRBAFFS128EF357C1D,Anatomy of a Contest,John Frizzell,147.692,-17.346,75.93751,,,,,,,,,,,,
TRBAFIP128F42438D8,Secret Lovers (Featuring Mica Paris),Alexander O'Neal,160.033,-6.59,268.2771,,,,,,,,,,,,
TRBAFJQ128F4259FB5,Little Bird,Annie Lennox,125.03,-9.027,385.01832,,,,,,,,,,,,
TRBAFNZ128F9308F67,Proletariat,Tree,146.851,-8.663,157.12608,,,,,,,,,,,,
TRBAFQZ128F4282B20,Suti-suti,M.A. Numminen,110.589,-9.169,118.30812,,,,,,,,,,,,
TRBAFRG12903CB0FF5,Bring It On,Goose,122.956,-5.346,395.85914,,,,,,,,,,,,
TRBAFTU128F1458496,Karola,Remmy Ongala,94.72,-12.061,348.52526,,,,,,,,,,,,
TRBAFWX12903CA9831,Roll Old Jeremiah,The Black Crowes,178.299,-12.732,263.52281,,,,,,,,,,,,
TRBAFYR12903CA6588,Con un poquitito de suerte,Leo Dan,171.91,-5.359,148.53179,,,,,,,,,,,,
TRBAFZB128F427268B,Yueh Kuang,Shunza,63.993,-12.741,315.61098,,,,,,,,,,,,
TRBAFZB128F930969B,Problems,Mil featuring Petey Pablo,159.837,-5.699,227.49995,,,,,,,,,,,,
TRBAGGI128F42749B0,Tis Monaxias Ta Monopatia,Peggy Zina,140.04,-7.163,214.93506,,,,,,,,,,,,
TRBAGIL128F425B801,Turkey And Dressin,Casual,136.248,-5.664,187.45424,,,,,,,,,,,,
TRBAGJB128F92CFB0E,Cintura Fina,Alceu Valença,157.111,-8.593,188.65587,,,,,,,,,,,,
TRBAGJV128F422E0DF,Desire,Rockabye Baby!,100.043,-11.918,312.78975,,,,,,,,,,,,
TRBAGMH128F423A574,New Meaning,Mudhoney,145.179,-6.077,159.65995,,,,,,,,,,,,
TRBAGOC128F429528A,Hang 'm High,Ned Nash Orchestra,118.683,-13.901,174.78485,,,,,,,,,,,,
TRBAGTE128F930629B,Ocean Size [Demo],Jane's Addiction,84.694,-7.805,273.00526,,,,,,,,,,,,
TRBAGVS128F93128E2,Cadê O Meu Amor,Quinteto Violado,155.062,-7.029,132.85832,,,,,,,,,,,,
TRBAGVS128F931E395,Misty Bog,Winifred Phillips,144.835,-13.509,80.61342,,,,,,,,,,,,
TRBAGYL12903CF1539,Clear Channels,Roj,156.062,-22.474,41.63873,,,,,,,,,,,,
TRBAHBP128F42985D6,We Bite,The Misfits,93.703,-7.897,73.09016,,,,,,,,,,,,
TRBAHED128F426A1C2,Spelling Beatnuts with Lil' Donny,Beatnuts with Lil' Donny,117.298,-10.152,78.65424,,,,,,,,,,,,
TRBAHEH128F9327D39,Guantanamera,Wyclef Jean,87.965,-11.667,208.29995,,,,,,,,,,,,
TRBAHID128F4278EAF,Objection (Tango),Shakira,179.486,-5.823,224.522,,,,,,,,,,,,
TRBAHIJ12903CBEB79,These Days,Hushabye Baby,147.964,-19.407,210.85995,,,,,,,,,,,,
TRBAHJW128F92CC8B4,Doomed To Walk The Earth,Swallow The Sun,165.908,-6.664,509.49179,,,,,,,,,,,,
TRBAHNM128F426895A,Polly's Dress,Hem,123.018,-21.694,71.05261,,,,,,,,,,,,
TRBAHPQ128F4230D15,Ballad Of The Boll Weevil (Remastered Version) (Take 10),Mance Lipscomb,160.979,-21.403,151.7971,,,,,,,,,,,,
TRBAHPZ128F427FCEA,Tha Day,K's Choice,167.263,-8,182.67383,,,,,,,,,,,,
TRBAHSQ128F1492A8F,What'Cha Gonna Do About It,Small Faces,159.418,-5.84,129.90649,,,,,,,,,,,,
TRBAHXJ128F9339A02,Polyester,Maximilian Hecker,146.184,-10.688,228.80608,,,,,,,,,,,,
TRBAHYD128F14AD4C0,Breaking In,Alexandre Desplat,183.956,-20.247,177.03138,,,,,,,,,,,,
TRBAHYS12903CDB329,The Dark Road,White Willow,112.767,-6.776,257.27955,,,,,,,,,,,,
TRBAIAU128E078D934,God Of Love (Album Version),Bad Brains,105.453,-5.663,163.18649,,,,,,,,,,,,
TRBAIAW128F92C5652,Red (Main Version),Motograter,143.932,-4.83,226.92526,,,,,,,,,,,,
TRBAIDT128F92CC7ED,Nude With Boots,Melvins,113.386,-7.616,217.80853,,,,,,,,,,,,
TRBAIEK128F932CCF7,Here The Sun Never Shines,The Funeral Pyre,227.302,-5.587,271.22893,,,,,,,,,,,,
TRBAIGZ128F9329618,Waltzing Matilda My Darling,Maria Forde,119.283,-16.142,325.79873,,,,,,,,,,,,
TRBAIHN128F427D480,Laser Show (LP Version),Fountains Of Wayne,115.686,-5.759,144.71791,,,,,,,,,,,,
TRBAIKM12903CBCF21,Better Days,Colin James,154.548,-8.882,280.11057,,,,,,,,,,,,
TRBAISB12903CF1054,Crushing Belial,Shadows Fall,194.238,-7.736,325.17179,,,,,,,,,,,,
TRBAIUY128F92FF7F0,Cry_ Cry_ Cry,Hushabye Baby,74.983,-18.58,171.88526,,,,,,,,,,,,
TRBAIWG12903CCF884,Apologize,DJ Nasty,86.664,-3.173,231.13098,,,,,,,,,,,,
TRBAIWW128F425627B,Ni Shi Wo Xin Zhong Yi Ju Jing Tan,Elva Hsiao,122.9,-5.73,225.59302,,,,,,,,,,,,
TRBAIZX128F92FCDCE,Silver Bells,John Davis,88.991,-12.916,199.31383,,,,,,,,,,,,
TRBAJBF128EF347C72,Lost Love,Barry Goldberg,96.17,-11.634,265.61261,,,,,,,,,,,,
TRBAJEM128F426B9DE,An M'agapas,Konstantinos Galanos,75.532,-5.267,226.5073,,,,,,,,,,,,
TRBAJGK128F4244B16,Just Like Darts,The Real Kids,104.775,-12.432,263.75791,,,,,,,,,,,,
TRBAJJL128F92ED53A,Les Deux Guitares,Jean Ferret,124.089,-16.532,172.61669,,,,,,,,,,,,
TRBAJJU12903CF1403,Kun rakastaa,Frederik,174.682,-9.609,179.87873,,,,,,,,,,,,
TRBAJLM128F145CC7A,Espoirs Perdus (Valse),Jo Privat,196.446,-11.113,164.38812,,,,,,,,,,,,
TRBAJLR128F92F2755,The Song of the Riddles,Willie Clancy,202.266,-20.731,221.72689,,,,,,,,,,,,
TRBAJLS128F92F1460,Imaginary Love,Mae West,81.882,-23.041,174.49751,,,,,,,,,,,,
TRBAJPA128F933BDBC,Release,LORE,125.984,-10.786,297.16853,,,,,,,,,,,,
TRBAJRL128F1482E66,Where You Belong,The Summer Obsession,79.935,-6.327,282.04363,,,,,,,,,,,,
TRBAJUY128F932855C,When Your Ready,Dabbler,0,-6.153,314.61832,,,,,,,,,,,,
TRBAJWE128F4216DB6,I hit You Wit The Pepper,Messy Marv,165.976,-5.275,199.26159,,,,,,,,,,,,
TRBAJWG128F4253F25,American Lovebite,Dons,132.197,-6.568,200.51546,,,,,,,,,,,,
TRBAJXD12903CC3493,Fair Enough (LP Version),Beth Nielsen Chapman,119.99,-11.168,220.05506,,,,,,,,,,,,
TRBAKER128F1495617,We Three Kings,The Roches,135.011,-13.209,329.45587,,,,,,,,,,,,
TRBAKJC128F93399FB,Sleepy Man Blues,Bukka White,96.002,-22.507,159.00689,,,,,,,,,,,,
TRBAKMK12903CB5791,I Go to the Rock,The Rambos,128.867,-11.172,226.2722,,,,,,,,,,,,
TRBAKNI128F4263626,It's Personal,Lennie Tristano,119.092,-22.226,463.38567,,,,,,,,,,,,
TRBAKRM128F4248228,The End. [Live In Mexico],My Chemical Romance,92.645,-9.097,154.30485,,,,,,,,,,,,
TRBAKRU128F9339497,Plaisance-Fox,Emile Vacher,227.236,-9.594,173.21751,,,,,,,,,,,,
TRBALAF128F426A779,Magali,Gloria Lasso,94.351,-10.589,200.64608,,,,,,,,,,,,
TRBALBV128F426DEBF,The Story Goes On,The Steeles,49.146,-10.734,261.04118,,,,,,,,,,,,
TRBALEH128E078B419,Night Terrors (Album Version),Static-X,120.539,-3.294,189.09995,,,,,,,,,,,,
TRBALIJ128F14884B5,Main Street Eyes,Iggy Pop,131.813,-11.278,221.43955,,,,,,,,,,,,
TRBALJE128F9310DCE,You Never Wash Up After Yourself (Live),Radiohead,87.279,-21.343,102.45179,,,,,,,,,,,,
TRBALLT128F4297655,Tu Mejor Amigo,David Summers,142.431,-3.238,213.26322,,,,,,,,,,,,
TRBALQE128E0787FB9,Piracy,Tanya Chua,154.976,-4.227,210.85995,,,,,,,,,,,,
TRBALRR128F429625D,Can't Make You Love Me,Britney Spears,107.969,-3.693,196.80608,,,,,,,,,,,,
TRBALSF128F146AED0,So Danco Samba (Jazz 'N' Samba) (1997 Digital Remaster),Wanda De Sah,182.974,-17.665,133.45914,,,,,,,,,,,,
TRBALVT128F145B6CB,Misty Blue,Billie Jo Spears,101.626,-15.342,159.81669,,,,,,,,,,,,
TRBALYE128F93537E7,East to West,Starski and Clutch,151.864,-6.397,290.95138,,,,,,,,,,,,
TRBAMES128F14947D4,Nothing's The Same (2002 Digital Remaster),Gary Moore,86.429,-18.389,306.72934,,,,,,,,,,,,
TRBAMEV128F148C814,I Don't Like It Like This,The Radio Department,142.953,-9.024,248.24118,,,,,,,,,,,,
TRBAMFR128F4287A3C,Facedown,Matt Redman,155.889,-9.515,336.92689,,,,,,,,,,,,
TRBAMFU128F932DB49,I'm A Tomorrow,Ec8or,100.006,-4.652,123.61098,,,,,,,,,,,,
TRBAMHJ128F425AAF4,I Believe In You (More Than A Story Album Version),Go Fish,115.931,-9.794,344.92036,,,,,,,,,,,,
TRBAMHJ128F9302A08,She Will Be Loved,Maroon 5,102.143,-5.743,261.61587,,,,,,,,,,,,
TRBAMIO128F935AA21,Valkyria,YGGDRASIL,165.204,-4.757,242.78159,,,,,,,,,,,,
TRBAMLH128F9324758,Side Steppin',Paul Brown,114.017,-8.283,214.69995,,,,,,,,,,,,
TRBAMLS128F92ED810,I Don't Wanna be A Star,Corona,132.965,-6.191,243.43465,,,,,,,,,,,,
TRBAMLU128F146F6B2,Que Si_ Que No,Jody Bernal,135.058,-5.679,192.28689,,,,,,,,,,,,
TRBAMXF128F1470AD6,Hard To Concentrate (Album Version),Red Hot Chili Peppers,105.294,-7.95,241.84118,,,,,,,,,,,,
TRBAMZX128F146179E,Senegal Son,Renee Rosnes,105.045,-14.604,363.78077,,,,,,,,,,,,
TRBANAN128F933B4AF,Nobody But Me - Original,Dee Clark,130.848,-24.35,138.762,,,,,,,,,,,,
TRBANAZ12903CCFE35,Manzenera,Adam Ant,136.176,-11.594,203.54567,,,,,,,,,,,,
TRBANBC128F147E363,Dinosaur Bones,Showbread,112.734,-4.789,264.01914,,,,,,,,,,,,
TRBANCJ128F42812AE,We Made It [Instrumental],Busta Rhymes feat. Linkin Park,92.344,-6.892,238.21016,,,,,,,,,,,,
TRBANDP12903CE9EAC,Lost In Translation,Pitch Black,120.004,-10.19,398.602,,,,,,,,,,,,
TRBANHO128F425A477,I Wanna Sing (Autobiography Album Version),Scott Krippayne,122.1,-7.355,234.91873,,,,,,,,,,,,
TRBANHO128F93466AF,Les Tous Petits Details,Julien Clerc,202.999,-10.607,146.23302,,,,,,,,,,,,
TRBANHU128EF35EB62,Cunoasterea Tacuta,Negura Bunget,130.84,-5.27,431.72526,,,,,,,,,,,,
TRBANKK12903CDA071,La Blonde de Pékin,Annie Philippe,109.1,-7.779,167.73179,,,,,,,,,,,,
TRBANPN128F148CC45,Hard Not 2 Kill (Explicit),Fat Joe,77.56,-5.716,174.65424,,,,,,,,,,,,
TRBANRL128F92F29EC,Restless Spirits (World),R. Carlos Nakai,203.737,-21.307,170.762,,,,,,,,,,,,
TRBANZN12903CA2CE7,Ett Norrskensdåd,Finntroll,95.035,-5.061,214.30812,,,,,,,,,,,,
TRBANZZ128F149EA4C,Downtown (Album Version),Crazy Horse,146.473,-11.531,195.36934,,,,,,,,,,,,
TRBAOBK128F930558C,The Child Deirdre,Mychael Danna & Jeff Danna,121.186,-15.226,244.55791,,,,,,,,,,,,
TRBAOBM12903CDD085,Locaccmaccam,Marc Perrone,207.152,-17.317,142.88934,,,,,,,,,,,,
TRBAOBO128F1456D66,Too Many Choices,Bad Azz,96.042,-6.671,285.93587,,,,,,,,,,,,
TRBAODV128F146C606,All Time Low (Album Version),Grey Area,127.221,-5.729,189.33506,,,,,,,,,,,,
TRBAODV12903CDC484,Byal ravnec,Lot Lorien,160.212,-8.684,368.16934,,,,,,,,,,,,
TRBAOEO12903CC5BD3,I'm On Your Tail,Paul Carrack,99.961,-11.38,374.96118,,,,,,,,,,,,
TRBAOEQ128F92E1C6E,Jiggle Once And Wait (Album Version),Dan Cummins,80.929,-13.645,169.09016,,,,,,,,,,,,
TRBAOFA12903C9C7C6,You'll Never Find,The Impressions,122.507,-11.769,281.65179,,,,,,,,,,,,
TRBAOHM128F427EB66,2 Late 4 Goodbyes,Jeff Scott Soto,124.845,-4.799,302.00118,,,,,,,,,,,,
TRBAOIA128F932195E,Sense,Beherit,111.125,-20.665,625.57995,,,,,,,,,,,,
TRBAOJU128F42621E6,Ask The Angels,The Distillers,140.823,-4.802,190.95465,,,,,,,,,,,,
TRBAOKR128F4235EA9,Harmony Of The Forest,Kitaro,98.763,-18.179,382.51057,,,,,,,,,,,,
TRBAOPX12903CD7393,Slut [Live at Lafayette's Music Room_ Memphis_ TN_ January 1973],Big Star,122.548,-7.862,214.09914,,,,,,,,,,,,
TRBAOQY12903CDBC76,It Took A Good Woman [Edited Demo],Tiny Tim,88.858,-15.234,140.12036,,,,,,,,,,,,
TRBAORU128F92F8C48,Hundre År Gammal,Khold,89.063,-3.018,207.93424,,,,,,,,,,,,
TRBAOTY128F9327A9C,Still,Jennifer Lopez,95.648,-5.046,220.55138,,,,,,,,,,,,
TRBAOUJ128F425B6DD,Stick Out,Melt Banana,107.447,-8.352,42.34404,,,,,,,,,,,,
TRBAOVA128F92F4355,House Of Pain,Van Halen,200.52,-12.063,199.10485,,,,,,,,,,,,
TRBAOXY128F933D3C8,Vacation Rain (Album),Sister Hazel,100.029,-7.128,231.36608,,,,,,,,,,,,
TRBAPBU128F9304E1B,The Carrying Arms,The Antlers,150.314,-17.624,107.98975,,,,,,,,,,,,
TRBAPCS128F422C38B,Vida De Mi Vida,Banda La Bocana,106.689,-6.61,207.04608,,,,,,,,,,,,
TRBAPMY128F42578B1,Medley: Safe To The Rock / Hiding In Thee,George Hamilton IV,187.045,-16.853,323.16036,,,,,,,,,,,,
TRBAPPF128F4243DA5,We Blame Love,Heaven 17,133.057,-10.025,287.39873,,,,,,,,,,,,
TRBAPQD128F92CC02E,I got A Woman,Eddie Boyd,110.14,-15.918,291.76118,,,,,,,,,,,,
TRBAPVL128F428CD92,Jam-Master Jammin',RUN-DMC,99.948,-14.283,259.97016,,,,,,,,,,,,
TRBAPZQ128F4240B93,Love Don't Love Me (Justin Timberlake) (Amended Version),Justin Timberlake,86.964,-7.761,261.27628,,,,,,,,,,,,
TRBAQCD12903CFD63C,The Moon Was Yellow,Russ Morgan,116.587,-10.503,212.63628,,,,,,,,,,,,
TRBAQSH128F4262B12,Boda de Oro,Orquesta America,110.326,-11.711,353.69751,,,,,,,,,,,,
TRBAQWN128F42539EA,Over the Rainbow,The Golden Age Orchestra_ Paul Summer ,133.471,-15.631,168.75057,,,,,,,,,,,,
TRBARCH128F92FB2A9,Don't Be Afraid (World),Sharon Burch,85.319,-14.16,183.30077,,,,,,,,,,,,
TRBARCU12903CCC289,Minner,Mons Leidvin Takle,66.22,-15.893,287.26812,,,,,,,,,,,,
TRBARGH128F932F75D,Sample Track 14,Simon Harris,105.948,-14.276,184.47628,,,,,,,,,,,,
TRBARHH128E078EDE9,Janie's Got A Gun,Aerosmith,115.106,-6.658,329.69098,,,,,,,,,,,,
TRBARJK128F9313126,Talking To Trees,The Cat's Miaow,92.966,-15.828,103.00036,,,,,,,,,,,,
TRBARKS12903CBE12C,30 Grad,Pyranja,117.991,-7.522,181.49832,,,,,,,,,,,,
TRBARSX12903D03AE5,Morning Bird,Sade,87.553,-17.279,234.26567,,,,,,,,,,,,
TRBARXD12903CA796A,Feelin` Alone,2-Gether feat. Sarinah,85.291,-6.074,190.82404,,,,,,,,,,,,
TRBASBX128F933F55C,Please Jesus_ Send Me Someone To Fuck,All Leather,145.859,-7.327,121.05098,,,,,,,,,,,,
TRBASDY128F9327DB8,Big Girl Blues,Danny Barnes,83.277,-12.427,169.482,,,,,,,,,,,,
TRBASEK128F9338E0F,Tracy,Goldfish,104.031,-8.209,172.61669,,,,,,,,,,,,
TRBASEQ128F93155D2,All I Really Want,Premiums,120.177,-3.593,173.58322,,,,,,,,,,,,
TRBASFU128F933BBF0,Flute,Les Ogres De Barback,71.084,-11.61,247.32689,,,,,,,,,,,,
TRBASGH128F4276439,Hot Wire [Live Version],Kix,196.865,-13.878,366.57587,,,,,,,,,,,,
TRBASHV128F92E5A7A,Ain't Gone 'N' Give Up On Love,Stevie Ray Vaughan And Double Trouble,150.582,-12.077,368.63955,,,,,,,,,,,,
TRBASJQ12903CFC0DA,North American Ballads: No. 2 - Which Side Are You On?,David Jalbert,151.715,-21.166,554.9971,,,,,,,,,,,,
TRBASKE128F92C4661,I Get My Paper,Cassidy featuring Swizz Beatz,104.091,-4.954,280.71138,,,,,,,,,,,,
TRBASRW128F9348BFD,The New Girl,Javier Navarrete,98.077,-26.845,78.10567,,,,,,,,,,,,
TRBASRX12903C9FDA8,Savin' Me,Nickelback,164.025,-4.278,217.62567,,,,,,,,,,,,
TRBASWK128F42830F2,Trio in G minor for piano_ violin_ and 'cello Op. 17: Andante,Double Image,135.092,-25.205,348.42077,,,,,,,,,,,,
TRBASXY12903CB069F,Turn It Around,Tony Matterhorn,135.005,-7.889,207.01995,,,,,,,,,,,,
TRBATEB128F4258804,Gracieusette,Gus Viseur,225.812,-13.963,157.51791,,,,,,,,,,,,
TRBATEY128F4285370,Why Baby Why,Hank Locklin,150.439,-11.366,143.82975,,,,,,,,,,,,
TRBATFM128F423640E,Adios_ Amigos! (2003 Digital Remaster),J. Karjalainen & Mustat Lasit,70.802,-12.37,169.74322,,,,,,,,,,,,
TRBATGR128F14AD2FA,Phillippe,James Newton Howard,141.233,-32.238,89.10322,,,,,,,,,,,,
TRBATJY128F4248894,Peace Dance,Terry Riley,95.074,-16.387,349.20444,,,,,,,,,,,,
TRBATKI128F4284D54,Between You And Me,Joy Enriquez,96.087,-3.941,260.96281,,,,,,,,,,,,
TRBATNQ128F4227DD7,Sad Girl (Single Mix),The Stems,147.847,-12.968,200.51546,,,,,,,,,,,,
TRBATOI12903CEFF3A,Ongoing Plague,Malefaction,137.795,-4.65,139.17995,,,,,,,,,,,,
TRBATOU128F4236287,La Chola Caderona,Sonora Carruseles,76.799,-3.934,295.31383,,,,,,,,,,,,
TRBATRO128F4225566,10000 Km,La Portuaria,96.001,-4.691,250.43546,,,,,,,,,,,,
TRBATSC128F427D709,Angel,Julio Iglesias Jr,150.071,-7.233,252.13342,,,,,,,,,,,,
TRBATUH128F92E6BBC,Comfortubly Numb,Big One,128.505,-6.264,499.69587,,,,,,,,,,,,
TRBATVW128E078530F,The Christmas Song  (LP Version),Nicole Mullen,94.012,-14.419,194.95138,,,,,,,,,,,,
TRBAUAB128F92FB27F,Outubro,Irtio,100.022,-11.31,333.73995,,,,,,,,,,,,
TRBAUBI128F424142E,Skin Ticket (Live version) (Album Version),Slipknot,146.577,-3.347,363.7024,,,,,,,,,,,,
TRBAUDE128F428E913,Damn those eyes,Kane,192.476,-11.59,422.73914,,,,,,,,,,,,
TRBAUFL128F429CD53,Bliv Du Till Gran (If You Became A Spruce),Groupa,85.548,-10.681,229.56363,,,,,,,,,,,,
TRBAUFY128F4260113,Lawyer Clark Blues,Sleepy John Estes,85.193,-19.297,190.27546,,,,,,,,,,,,
TRBAUHT128F92F0657,If Today Was Your Last Day (Album Version),Nickelback,89.958,-4.157,248.05832,,,,,,,,,,,,
TRBAUKZ128F92D95F2,Enchanted Garden,Paul Taylor,66.407,-4.247,275.46077,,,,,,,,,,,,
TRBAULO128F93300AE,You've Got A Friend,Kathy Troccoli,88.55,-14.014,282.20036,,,,,,,,,,,,
TRBAUPE128F9305DC7,Jesus Is Gonna Make Up My Dying Bed,Josh White,90.031,-20.847,180.97587,,,,,,,,,,,,
TRBAUSS128F9358456,Half As Much,Gene Autry,142.858,-17.065,148.1922,,,,,,,,,,,,
TRBAUVN128F932FEF8,Oops!...I Did It Again,Britney Spears,95.066,-5.205,211.01669,,,,,,,,,,,,
TRBAUXT128F147DF5A,Final Straw (Album Version),R.E.M.,107.55,-7.534,246.17751,,,,,,,,,,,,
TRBAVBD128F9347725,Har vi råd att i dagens läge ha kvar våra vänner i socialgrupp 3?,Gösta Ekman / Tage Danielsson,79.416,-21.491,220.78649,,,,,,,,,,,,
TRBAVCU12903CFDEFD,Marbles,Spunk,118.721,-14.107,139.2322,,,,,,,,,,,,
TRBAVGE128F429A827,Leskiäidin tyttäret,The Avengers,185.255,-11.013,121.96526,,,,,,,,,,,,
TRBAVLT128F428F147,Knowing You'll Be There,Gaither Vocal Band,85.103,-9.889,276.74077,,,,,,,,,,,,
TRBAVMF12903CEA4FB,Rock Steady,Bad Company,97.701,-7.844,249.83465,,,,,,,,,,,,
TRBAVNM128F9307245,Turn Your Eyes Upon Jesus,Kathy Troccoli,92.204,-20.729,194.0371,,,,,,,,,,,,
TRBAVNX128F930C861,For All We Know,Ann Hampton Callaway,206.978,-16.657,304.71791,,,,,,,,,,,,
TRBAVQR12903CBFAE2,Cielito lindo,Mariachi Silvestre Vargas,88.457,-12.881,186.09587,,,,,,,,,,,,
TRBAVTS12903CE75E6,Game Night (Album Version),Bill Engvall,94.501,-9.606,170.52689,,,,,,,,,,,,
TRBAVVM128F4250938,So(u)l Invictus,Nightfall,105.061,-4.67,190.87628,,,,,,,,,,,,
TRBAVWG128F1495881,Fat Albert's Car,Bill Cosby,70.535,-17.315,498.33751,,,,,,,,,,,,
TRBAWCO128F14A3060,Yo Yo Man (Garter Belt),Tony Joe White,127.102,-11.512,332.32934,,,,,,,,,,,,
TRBAWHU128EF3563C5,Murder In The Graveyard,Screaming Lord Sutch,144.104,-11.588,184.05832,,,,,,,,,,,,
TRBAWKB128F931BAEE,On The Wing,Owl City,115.02,-6.445,301.16526,,,,,,,,,,,,
TRBAWLE128F42919E2,Un Gran Vacio,Michael Salgado,155.126,-7.938,174.602,,,,,,,,,,,,
TRBAWQK128F42743A9,The Door,Keb' Mo',104.204,-11,236.48608,,,,,,,,,,,,
TRBAWSG128F14ADD48,Remember (The Beauty Of Simplicity Album Version),Telecast,96.005,-6.083,224.96608,,,,,,,,,,,,
TRBAWWJ128F931318A,Pills (Dub) (Dub),Cedric Gervais feat. Second Sun,124.063,-7.501,392.9073,,,,,,,,,,,,
TRBAXCB128F931C8AF,On Probation,Youves,142.001,-7.012,235.20608,,,,,,,,,,,,
TRBAXCV12903CA4067,Let It Be Me,Dionne Warwick,87.447,-18.063,226.58567,,,,,,,,,,,,
TRBAXDP12903CD1922,Darling_ I Want To Destroy You,AFI,157.944,-4.346,223.29424,,,,,,,,,,,,
TRBAXOL12903CDF117,Unworthy of His Love,Oak Ridge Boys,90.726,-19.365,116.21832,,,,,,,,,,,,
TRBAXSM128F427B26E,Armageddon's Raid,Belphegor,116.897,-2.027,308.76689,,,,,,,,,,,,
TRBAXUW128F933BBD9,De rien,Les Ogres De Barback,99.839,-10.82,189.85751,,,,,,,,,,,,
TRBAYDA12903CD157D,Me quedo sin ti,Julio Iglesias Jr.,100.518,-4.824,244.50567,,,,,,,,,,,,
TRBAYDT128F9339F5F,Lo Decidio,Orquesta Aragon,116.683,-9.807,160.54812,,,,,,,,,,,,
TRBAYEM12903CAC072,Here We Are,Dallas Holm,167.461,-15.784,270.00118,,,,,,,,,,,,
TRBAYER128F933D3B7,Guns And The Young,Mighty Mighty Bosstones,143.257,-7.982,142.73261,,,,,,,,,,,,
TRBAYFW128F933781F,Bonjour,Jacques Douai,120.56,-18.497,42.4224,,,,,,,,,,,,
TRBAYJH128F427CA64,Judgement Begins With The House Of God,STEVE CAMP,110.061,-17.916,223.4771,,,,,,,,,,,,
TRBAYOQ128F14A8744,Jesus Loves Me (Now More Than Ever),Russ Taff,146.622,-9.412,158.71955,,,,,,,,,,,,
TRBAZCS128F422CD34,Somebody Has Stolen My Girl,Cornel Campbell,80.862,-15.431,178.59873,,,,,,,,,,,,
TRBAZEN128F42A3A31,Ho Capito Che Ti Amo,Brazilian Tropical Orchestra,89.737,-15.541,126.22322,,,,,,,,,,,,
TRBAZEZ128F426B796,I Do (Chris The Greek Remix),Tina Ann,134.017,-5.447,237.53098,,,,,,,,,,,,
TRBAZFD12903CB641D,Hold Up My Heart,Brooke White,89.665,-8.023,233.79546,,,,,,,,,,,,
TRBAZHZ128F93576F2,A Sailboat In The Moonlight,Arthur Tracy,58.69,-19.404,173.89669,,,,,,,,,,,,
TRBAZKT128F931F671,Ciudad desierta,Alex Ubago,135.016,-5.274,186.09587,,,,,,,,,,,,
TRBAZMR128F423395F,Directions to my special place,themselves,95.779,-13.275,274.1024,,,,,,,,,,,,
TRBAZRP128F934BC71,Eoarchaean,The Ocean,140.174,-4.348,285.90975,,,,,,,,,,,,
TRBAZVL128F425D303,Mesmerized,Miguel Migs,125.005,-4.594,342.59546,,,,,,,,,,,,
TRBAZYH128F4288198,See The Light,The Jeff Healey Band,111.865,-4.732,267.33669,,,,,,,,,,,,
TRBAZYW128F427EB23,Situations,Bravehearts featuring Nas and Jully Black,92.962,-7.602,221.04771,,,,,,,,,,,,
TRBBAAD128F42B0C9D,Love & Romance,Willie Barcena,72.188,-17.813,163.76118,,,,,,,,,,,,
TRBBAAZ12903CAEA6D,Flame It Up,DJ Rashad,106.446,-6.36,186.69669,,,,,,,,,,,,
TRBBACZ128F9339B90,Prosperity In The U.S.A.,Yuppie Pricks,160.039,-4.433,168.6722,,,,,,,,,,,,
TRBBADO12903CEE832,Boulevard St. Germain,Bloomfield,179.976,-6.718,353.69751,,,,,,,,,,,,
TRBBADQ128F933698F,Hun Qian De Nu Ren,Hacken Lee,132.174,-12.838,481.54077,,,,,,,,,,,,
TRBBAHD128F428E0FE,Burning Skies,Tones On Tail,95.425,-11.705,387.16036,,,,,,,,,,,,
TRBBAIC12903D11771,Greener,ARRESTED DEVELOPMENT,97.955,-7.607,338.96444,,,,,,,,,,,,
TRBBAKH128F92FA339,Secret Handshakes,The Ataris,174.468,-4.317,222.9024,,,,,,,,,,,,
TRBBAKQ128F92F0A8E,Your Love Takes Good Care Of Me,The Jordanaires,114.346,-16.176,123.74159,,,,,,,,,,,,
TRBBALB12903CAC0B5,Shrinking,Dictafone,129.983,-6.632,254.17098,,,,,,,,,,,,
TRBBANR128F4277C5B,40,U2,146.826,-8.539,406.85669,,,,,,,,,,,,
TRBBANU128F422B87B,Only You,Ayo,57.639,-11.471,288.49587,,,,,,,,,,,,
TRBBAQJ128F92F1336,One Step Forward_ Two Steps Back,John Sebastian,101.971,-12.983,276.45342,,,,,,,,,,,,
TRBBARP128F9306CBE,Let It Bang,X-ecutioners featuring M.O.P.,185.498,-4.33,210.07628,,,,,,,,,,,,
TRBBASV128F427680E,Baños De Budapest (Extended Remix),Hevia,124.006,-4.769,331.88526,,,,,,,,,,,,
TRBBBEA128F93391BA,Sleepy Lad,Maximilian Hecker,77.006,-14.689,174.23628,,,,,,,,,,,,
TRBBBFO128F931535D,My Plastic Heart (Plastic Operator Remix),Frost,126.946,-12.624,336.24771,,,,,,,,,,,,
TRBBBKS12903CDFCF4,Sea of Green,Slackbaba,88.644,-7.016,465.6322,,,,,,,,,,,,
TRBBBLA128F424E963,Exodus,Sunscreem,130.201,-8.955,232.4371,,,,,,,,,,,,
TRBBBMT128F42A0A4E,True Fuschnick,FU-Schnickens,101.871,-9.093,237.92281,,,,,,,,,,,,
TRBBBOA128F42624DA,Sickness,Agnostic Front,151.184,-3.565,92.18567,,,,,,,,,,,,
TRBBBUG128F148D65B,Inertiatic Esp,The Mars Volta,112.486,-3.952,266.47465,,,,,,,,,,,,
TRBBBVC128F429AB66,Mother_ Mother_ Mother_ Pin A Rose On Me,Kitty Kallen,121.56,-14.281,161.38404,,,,,,,,,,,,
TRBBCBT12903CB0497,Heartless,Hoods,60.308,-4.507,175.3073,,,,,,,,,,,,
TRBBCCM128F932D71A,Yi Ba Xiang Shui Yin,Leon Lai,86.005,-4.824,210.9122,,,,,,,,,,,,
TRBBCFY128F9301C63,Breaking Of Day (Album Version),The Winans,106.515,-10.961,288.26077,,,,,,,,,,,,
TRBBCJH128F930C970,U Don't Have To Call,Streetwize,101.311,-7.819,302.13179,,,,,,,,,,,,
TRBBCOM128F92F1208,Foolish Little Girl,The Shirelles,116.764,-11.49,132.33587,,,,,,,,,,,,
TRBBCPJ12903CC529A,Get Up (Diplo Mix),Bingo Players,128.013,-5.788,171.49342,,,,,,,,,,,,
TRBBCUA128E078FA50,Inaudible Melodies,Jack Johnson,147.602,-15.218,207.09832,,,,,,,,,,,,
TRBBCVJ128F425BE2C,A Veces Vuelvo,Catupecu Machu,126.992,-4.768,266.1873,,,,,,,,,,,,
TRBBCXH128E0790ACB,Leroy Bown,Dee Clark,148.341,-12.995,170.65751,,,,,,,,,,,,
TRBBCZA128F146587F,Isle Of Inishmore - Part 1 (Air),Kathy Mattea,79.091,-14.479,124.83873,,,,,,,,,,,,
TRBBDAH128F92E625E,What Would You Do?,City High,191.548,-6.567,174.91546,,,,,,,,,,,,
TRBBDBV12903D00668,Anti fashion victime,Théophil,77.827,-10.275,213.9424,,,,,,,,,,,,
TRBBDDG128F14743AE,Mambo Bacan,Line Renaud,121.852,-11.051,157.93587,,,,,,,,,,,,
TRBBDFG128F4229DE2,For Free,Hal Russell,126.71,-18.986,397.16526,,,,,,,,,,,,
TRBBDIU128F1496C52,Gamble Calypso,Mau Mau,89.672,-8.714,232.12363,,,,,,,,,,,,
TRBBDJI12903CF10AB,Wings Of Love,Zagar feat. Underground Divas,115.029,-5.967,277.21098,,,,,,,,,,,,
TRBBDLG128F9308703,Sugar Bush,Bert Kaempfert,161.804,-18.994,201.42975,,,,,,,,,,,,
TRBBDPA12903CCCA06,Haughtiness And Puerile Dreams,Autumnblaze,159.886,-5.903,277.75955,,,,,,,,,,,,
TRBBDSZ128F4273088,To My_ Niechciani,Molesta Ewenement,185.592,-7.7,269.37424,,,,,,,,,,,,
TRBBDXO128F14A4737,Gettin' Together,Tommy James And The Shondells,142.963,-11.298,136.12363,,,,,,,,,,,,
TRBBDZF128F424BE45,Feriado,Chico Cesar,163.99,-7.083,238.23628,,,,,,,,,,,,
TRBBEAE128F429E371,Piano E Viola,Pery Ribeiro,87.61,-11.131,195.68281,,,,,,,,,,,,
TRBBECU128F931E67C,Soul,Pedro Luis e a Parede,159.134,-6.032,229.45914,,,,,,,,,,,,
TRBBEEP128F147F1BF,Entonces,Fran Perea,90.645,-3.39,173.08689,,,,,,,,,,,,
TRBBEGG128F9314BAA,Heart Trouble,Martina McBride,175.954,-7.958,198.42567,,,,,,,,,,,,
TRBBEHB128E0784F71,6 Yrs (Album Version ),Reach 454,95.953,-2.76,237.19138,,,,,,,,,,,,
TRBBEJC128F4281471,Good Rocking Tonight,Roy Brown,157.087,-15.525,227.082,,,,,,,,,,,,
TRBBEQY128F42373AF,Save Me (Rolling Stone Original Version),Unwritten Law,80.472,-12.256,199.67955,,,,,,,,,,,,
TRBBEYU128F4235623,Unemployed Black Astronaut,Busdriver,123.998,-5.281,240.71791,,,,,,,,,,,,
TRBBFBZ128F42493ED,Tell The Truth (Album Version),Jude Cole,159.673,-8.858,327.26159,,,,,,,,,,,,
TRBBFFE128F9347D66,Contigo Si,La 5A Estacion,100.266,-8.278,131.3171,,,,,,,,,,,,
TRBBFHG128F932B9D6,Autumn's Ablaze (Live),Primordial,186.12,-13.383,484.10077,,,,,,,,,,,,
TRBBFLM128F14AD269,Main Title,Christophe Beck,131.487,-26.631,91.21914,,,,,,,,,,,,
TRBBFMN128F421AF38,Trumpet Blues And Cantabile,Mike Vax,107.411,-10.418,154.06975,,,,,,,,,,,,
TRBBFOT12903CBCB4F,Raggy Road,Capleton,161.737,-8.834,86.88281,,,,,,,,,,,,
TRBBFRR128F426CD17,You'll Need Somebody On Your Bond,Blind Willie Johnson,80.16,-17.389,187.16689,,,,,,,,,,,,
TRBBFTS12903CDC3D9,Concerto In A Minor_ Op 54: First Movement - Allegro Affettuoso - Andante Espressivo - Tempo I - Cadenza - Allegro Molto,Solomon,199.792,-22.875,834.24608,,,,,,,,,,,,
TRBBFUA128F933AB95,La Calle Del Gato Que Pesca,María Elena Walsh,104.272,-14.627,156.83873,,,,,,,,,,,,
TRBBGDK128F427D450,My Maria (LP Version),Martin Sexton,86.805,-10.218,244.4273,,,,,,,,,,,,
TRBBGEG128F425CEDD,Cross Currents,Richard Souther,88.796,-14.299,273.05751,,,,,,,,,,,,
TRBBGFR128F427B5BD,No. 6 The Coombe,The Chieftains,105.539,-13.855,231.1571,,,,,,,,,,,,
TRBBGMD128F4229F92,Virgen De La Nieve - 14-String Guitar Solo,Stephan Micus,85.816,-26.688,336.09098,,,,,,,,,,,,
TRBBGMS128F424C656,Frankie & Sue,Darden Smith,153.974,-10.052,207.41179,,,,,,,,,,,,
TRBBGMX128F932B156,Don't Speak,Kinky,124.995,-10.003,306.05016,,,,,,,,,,,,
TRBBGOG128EF33EDCA,Death Song,The Last Days Of Jesus,145.185,-8.232,292.57098,,,,,,,,,,,,
TRBBGQN128F9310CBE,You (Demo),Radiohead,111.629,-13.708,204.06812,,,,,,,,,,,,
TRBBGUV128F92DFA21,Everyday Stranger,Dub Pistols feat. TK & Ashley Slater,111.997,-6.841,328.48934,,,,,,,,,,,,
TRBBHFE12903CA5EEB,Hip Replacement,Paris_ Texas,100.532,-6.737,225.67138,,,,,,,,,,,,
TRBBHHP128EF365DA0,Every Breath I Take,Gene Pitney,93.301,-6.832,166.3473,,,,,,,,,,,,
TRBBHLO128F9302EA4,Here I Am,FFH,138.504,-6.315,263.83628,,,,,,,,,,,,
TRBBHPQ128F145A7F8,Down And Out In Paradise,John Mellencamp,134.929,-8.698,216.86812,,,,,,,,,,,,
TRBBHQJ128F92CC610,Chalifot (Suits) (Live) (ft. Lioara Itzchak),Hadag Nahash,167.831,-5.296,338.9122,,,,,,,,,,,,
TRBBHQO128F9341FC8,El Chorro,Los Auténticos Decadentes,140.823,-5.79,153.57342,,,,,,,,,,,,
TRBBHUR128F92FDBE2,Sugar Blues,Bob Willis,121.923,-13.559,172.09424,,,,,,,,,,,,
TRBBHUW128F429476F,Zornig!,Dynamite Deluxe,87.844,-8.315,148.29669,,,,,,,,,,,,
TRBBHWG128F4249F32,Bomba Camara,Richie Ray & Bobby Cruz,219.131,-8.036,370.75546,,,,,,,,,,,,
TRBBHZV128F429A392,Who Do You Roll With?  (LP Version),New Direction,56.703,-6.611,265.24689,,,,,,,,,,,,
TRBBIBE128F4226E29,Kill Your Darlings,Soulwax,111.223,-8.146,201.24689,,,,,,,,,,,,
TRBBICL128F42ADFD3,Here I Am,Phantom Planet,105.902,-9.628,120.65914,,,,,,,,,,,,
TRBBIGE128F1491C45,The Trial_ Were You Scared? [The Lost Interview Tapes - Volume Two] (LP Version),The Doors,66.155,-27.685,298.39628,,,,,,,,,,,,
TRBBIHP128F92E40CA,Be my Lover,Hysterie,131.986,-7.224,379.402,,,,,,,,,,,,
TRBBIJM12903C9AB35,Blue [Da Ba Dee] [Gabry Ponte vs. HiFi Blueprint Remix],Eiffel 65,130.039,-5.286,390.00771,,,,,,,,,,,,
TRBBILK128F14A2FD6,The Coloness Of The Chain,Tony Joe White,139.905,-17.816,329.35138,,,,,,,,,,,,
TRBBILZ12903CB422C,This Very Moment,Set Your Goals,131.639,-6.754,153.23383,,,,,,,,,,,,
TRBBIPG128F92FA94D,La Otra,Marisela,134.192,-9.467,221.20444,,,,,,,,,,,,
TRBBISD12903CF8B3E,Feeling,Jaco & Mixxmaster,136.981,-5.639,441.99138,,,,,,,,,,,,
TRBBIYI128F92E13CC,Gotta Cut Out,Jimmy McCracklin,101.241,-8.441,147.64363,,,,,,,,,,,,
TRBBIYX128F1497FF2,"Rinaldo : Act 1 ""Cor ingrato_ ti rammembri"" [Rinaldo]",Marilyn Horne,47.97,-23.593,282.14812,,,,,,,,,,,,
TRBBJAJ128F425DA40,True Nature,Jane's Addiction,92.099,-3.782,229.61587,,,,,,,,,,,,
TRBBJBO128F92EB2C5,Your Touch Versus Death,Every Time I Die,187.401,-9.171,215.43138,,,,,,,,,,,,
TRBBJFM128F427ADEC,Foreign Prince Of Tokyo,Vodka Collins,120.253,-6.872,249.96526,,,,,,,,,,,,
TRBBJFO12903D074EE,King Tee Production,King Tee,108.301,-14.122,153.57342,,,,,,,,,,,,
TRBBJFZ12903D114AF,Lusco,Berrogüetto,105.101,-17.876,115.17342,,,,,,,,,,,,
TRBBJJI128F4299711,Blessed Assurance (I Love To Tell The Story Album Version),Mark Lowry,106.549,-6.124,261.82485,,,,,,,,,,,,
TRBBJKY128F931FB24,It's So Fine,Jackie Wilson,136.749,-9.936,128.93995,,,,,,,,,,,,
TRBBJLK128F427FCDE,Rumpu lyö,Solistiyhtye Suomi,192.297,-14.254,148.71465,,,,,,,,,,,,
TRBBJPY128F92F31E0,Skinned Strings,Chico Hamilton Quintet,165.476,-27.336,316.73424,,,,,,,,,,,,
TRBBJST12903CEC7DC,The Bull Frog,Edmundo Ros,232.436,-15.79,152.05832,,,,,,,,,,,,
TRBBJTX12903CFC111,House Music,Save As,125.032,-6.466,337.81506,,,,,,,,,,,,
TRBBJUQ128F92D5776,Danser seule 2,Klimperei,157.376,-4.358,12.85179,,,,,,,,,,,,
TRBBJVD128E07826F3,Deus Ex Machina,William Orbit,152.084,-35.277,339.80036,,,,,,,,,,,,
TRBBJVE128F9303F10,A White Demon Love Song (Soundtrack Album Version),The Killers,86.958,-9.041,213.96853,,,,,,,,,,,,
TRBBKAI128F4251AEF,Animal Crimes,Mad Are Sane_ The,196.196,-8.999,228.8322,,,,,,,,,,,,
TRBBKAJ128F92D6072,La Nativité Du Seigneur (1935) - 9 Méditations : I La Vierge Et L'enfant,Olivier Messiaen,85.599,-26.309,315.08853,,,,,,,,,,,,
TRBBKIH128F9343FD4,Flight of the Elephant,Workhorse,60.15,-8.816,370.85995,,,,,,,,,,,,
TRBBKLD128F424ABF5,No Quarter,Crowbar,189.288,-8.6,270.73261,,,,,,,,,,,,
TRBBKMZ128F93539F4,Storm,The Pharcyde,97.594,-4.163,217.88689,,,,,,,,,,,,
TRBBKTG128E0785461,Freedom (LP Version),Wayne Watson,114.528,-10.366,304.19546,,,,,,,,,,,,
TRBBKTZ128F1456D67,How We Get Down,Bad Azz,102.922,-5.204,270.39302,,,,,,,,,,,,
TRBBKUZ128F92C9D49,Canal de jonage,Michèle Bernard,234.361,-12.166,230.24281,,,,,,,,,,,,
TRBBKXZ128F4215C88,Ramène Moi,Lara Fabian,109.965,-7.387,273.13587,,,,,,,,,,,,
TRBBLAN128F93183E6,Hello Hello,Abrar - Ul - Haq,89.077,-11.362,301.16526,,,,,,,,,,,,
TRBBLBI128F92EEF0F,Another Last Shot (Album Version),Vivian,145.021,-5.08,283.79383,,,,,,,,,,,,
TRBBLCU128F423C5DA,Prayer For The Dying (Live In Paris),Seal,133.193,-6.373,304.14322,,,,,,,,,,,,
TRBBLDK128F93443C0,Hunted,Scott Glasgow,16.258,-26.765,154.5922,,,,,,,,,,,,
TRBBLFA12903CDC496,I'll Be Yours,Faron Young,74.894,-13.601,168.72444,,,,,,,,,,,,
TRBBLGX128F92D46B8,Sarankégni,Djelimady Tounkara,145.93,-9.777,487.33995,,,,,,,,,,,,
TRBBLNE128F4256D3F,Subliminal ohne Naturgeraeusche,Kurt Tepperwein,113.487,-22.016,1203.53914,,,,,,,,,,,,
TRBBLNS12903CE5265,Eurydice! ombre chère!,Juan Diego Flórez / Orquesta Sinfónica de Madrid / Jesús López-Cobos,36.624,-21.523,87.32689,,,,,,,,,,,,
TRBBLOQ128F930C9DE,Isle of St. Helena,Mary Black & General Humbert,99.237,-10.273,303.75138,,,,,,,,,,,,
TRBBLTE128F42558EF,Safety Net (Album Version),Moros Eros,90.291,-5.879,224.41751,,,,,,,,,,,,
TRBBLTV12903CC3C00,Marcel,Pierre Perret,111.682,-10.416,277.21098,,,,,,,,,,,,
TRBBLUO12903CEDBD2,A Talk With Dad,Speech,73.11,-22.033,160.93995,,,,,,,,,,,,
TRBBLUS128F4276631,C'Etait Bien,Jean Corti,163.567,-11.765,183.19628,,,,,,,,,,,,
TRBBLXX128F92C3D8C,Turandot (2008 Digital Remaster)_ Act III - Scene I: Nessum dorma!,Maria Callas/Eugenio Fernandi/Elisabeth Schwarzkopf/Giuseppe Nessi/Nicola Zaccaria/Mario Borriello/Renato Ercolani/Piero de Palma/Giulio Mauri/Elisabetta Fusco/Pinuccia Perotti/Coro del Teatro alla Scala_ Milano/Orchestra del Teatro alla Scala_ Milano/Tul,109.721,-13.963,172.90404,,,,,,,,,,,,
TRBBLYZ128F4269606,Whip Fight,Harry Gregson-Williams,145.971,-14.798,95.9473,,,,,,,,,,,,
TRBBMAL128F146B288,Atrapados En La Red,Tam Tam Go!,130.402,-4.811,405.41995,,,,,,,,,,,,
TRBBMAM128F4290E48,Des Helden Widersacher,David Zinman,131.917,-25.613,227.082,,,,,,,,,,,,
TRBBMDA12903CB688E,V,Zeromancer,120.072,-6.707,280.08444,,,,,,,,,,,,
TRBBMHE128EF341D09,Push It,Salt-N-Pepa,127.597,-5.668,207.62077,,,,,,,,,,,,
TRBBMIF12903CA1EB0,Little Bit of Inner Air,Atomic Rooster,124.714,-9.079,159.60771,,,,,,,,,,,,
TRBBMIR128F933DF44,"Los De Aragón: ""Los De Aragón",Alfredo Kraus,110.034,-15.734,322.29832,,,,,,,,,,,,
TRBBMLR128F1466822,On Tomorrow,Captain Beefheart & The Magic Band,186.23,-15.794,206.57587,,,,,,,,,,,,
TRBBMPH128F1469775,Seeing Is Believing,Mike And The Mechanics,132.167,-5.24,193.56689,,,,,,,,,,,,
TRBBMQN128EF35F995,Through With You,Maroon 5,145.999,-5.622,181.52444,,,,,,,,,,,,
TRBBMQO128F425559F,Red Apple Juice (LP Version),The Tarriers,148.294,-14.523,118.5171,,,,,,,,,,,,
TRBBMTJ128F1477785,Sweeter Than You,The Four Pennies,101.295,-9.242,156.57751,,,,,,,,,,,,
TRBBMTZ128F4260C61,Sweet Defeat,The Flesh,86.09,-3.861,227.00363,,,,,,,,,,,,
TRBBMVE128F92DA833,A World In Fast Forward,Michael Whalen,112.706,-20.523,436.53179,,,,,,,,,,,,
TRBBMXI128F428CCD1,The Lost Name of God,Amorphis,122.483,-7.107,332.06812,,,,,,,,,,,,
TRBBMXP128F9325219,Marseille (Live On Tour_ 1984),Thomas Dolby,114.595,-12.032,281.05098,,,,,,,,,,,,
TRBBMYD12903CC2638,Bülent & Mompfreed: Mompfreedonium,Bülent Ceylan,78.437,-18.446,54.15138,,,,,,,,,,,,
TRBBNCE128F4295D5E,Some Kind of Record,Rockit,103.015,-6.898,217.10322,,,,,,,,,,,,
TRBBNCR128F930B340,Prayer Walk,Kris Gruen,105.217,-10.777,185.28608,,,,,,,,,,,,
TRBBNDS12903CBF924,Dead End Sign,Bonita,104.035,-7.29,217.88689,,,,,,,,,,,,
TRBBNGV128F147EAFC,Felicidade,Moraes Moreira,128.544,-11.906,194.87302,,,,,,,,,,,,
TRBBNHZ128F423E599,Forever,Orbital,87.982,-13.27,478.45832,,,,,,,,,,,,
TRBBNIV12903CD4755,I Never Did No Hitler,20/20,119.446,-8.168,221.72689,,,,,,,,,,,,
TRBBNKD128F92F251E,New War,4 Skins,82.98,-8.214,250.48771,,,,,,,,,,,,
TRBBNML12903CBD2B3,God Gave Me You (Single/LP Version),Bryan White,151.528,-7.92,245.81179,,,,,,,,,,,,
TRBBNNS128F931C83D,C'est pas ma faute,Betika_ Daouda,179.999,-10.224,286.77179,,,,,,,,,,,,
TRBBNPX12903CA5375,Only Just Begun,John Holt,171.597,-8.839,209.29261,,,,,,,,,,,,
TRBBNRP128F92EDD9D,Caroline (LP Version),Billy Pilgrim,137.296,-7.152,220.26404,,,,,,,,,,,,
TRBBNTP128F92D934C,It's A Secret,Mungo Jerry,88.58,-9.984,193.90649,,,,,,,,,,,,
TRBBOBO128F425FDFC,Jericho  (Straight On Album Version),DeGarmo & Key,132.786,-9.799,275.74812,,,,,,,,,,,,
TRBBOBQ12903CC5186,Talk To Your Daughter (Album Version),Robben Ford,137.23,-12.685,250.53995,,,,,,,,,,,,
TRBBOFH128F14A2A46,You Better Stop,Curtis Mayfield,237.466,-9.633,411.92444,,,,,,,,,,,,
TRBBOJM12903CD1BDD,I Got Rhythm,Oscar Peterson Trio,138.256,-13.207,185.70404,,,,,,,,,,,,
TRBBOKQ128F933AE7C,Didn't Know Yet What I'd Know When I Was Bleedin',Dax Riggs,75.452,-6.34,157.36118,,,,,,,,,,,,
TRBBOME12903CC3862,100 Ways ( LP Version ),Porno For Pyros,194.691,-7.858,222.77179,,,,,,,,,,,,
TRBBOPV12903CFB50F,Born To Be Together,The Ronettes,114.047,-9.54,177.81506,,,,,,,,,,,,
TRBBOPX12903D106F7,Leo_ Are You Still Jumping Out Of Windows In Expensive Clothes?,My Little Airport,92.975,-9.361,125.70077,,,,,,,,,,,,
TRBBOTI12903CD9CBB,Soleil rouge,Josélito,116.618,-12.538,205.45261,,,,,,,,,,,,
TRBBOUN128F425A4E6,Hopelessly,Rick Astley,150.112,-10.612,215.09179,,,,,,,,,,,,
TRBBOUO128F92D246B,Creation,The James Taylor Quartet,106.552,-14.334,315.14077,,,,,,,,,,,,
TRBBPGL128F933E34C,Ernestine,Joe Bataan,87.467,-11.574,311.19628,,,,,,,,,,,,
TRBBPGU12903CF7C25,Firewater,Joe Grushecky,136.326,-5.747,294.19057,,,,,,,,,,,,
TRBBPPB128F14AB242,No Soy Uno Más,Jose Luis Perales,136.478,-6.025,191.21587,,,,,,,,,,,,
TRBBPPQ128F426C3D5,Overture/Blue Tahitian Moon,Angelo Badalamenti / Keira Knightley,123.797,-10.462,63.29424,,,,,,,,,,,,
TRBBPSX128F93332EE,Cancion De Amor Eterno,Carlos Vives,132.358,-17.548,112.90077,,,,,,,,,,,,
TRBBPXP128F148511C,Loving By Heart,Jeff And Sheri Easter,119.983,-4.881,183.19628,,,,,,,,,,,,
TRBBPYO128F426DF2A,I'll Meet You By The River (Southern Convention Songs Version),Bill & Gloria Gaither,42.797,-12.098,194.82077,,,,,,,,,,,,
TRBBQAV128F92E2000,Du machst mich irgendwann verrückt,Markus,130.023,-4.771,176.97914,,,,,,,,,,,,
TRBBQFV128F4252EFF,Adrift,Jack Johnson,241.818,-15.967,236.19873,,,,,,,,,,,,
TRBBQGV12903CB5CD3,Only Human,Usher Featuring The Nu Beginning,118.099,-11.215,338.75546,,,,,,,,,,,,
TRBBQHG12903CB5AD2,My Last Date (With You),Skeeter Davis,102.117,-12.439,146.28526,,,,,,,,,,,,
TRBBQJZ128F92C5AF2,Fools Like You,Blue Rodeo,126.1,-6.033,280.65914,,,,,,,,,,,,
TRBBQMY128F9320AF7,See The Big Man Cry,Charlie Louvin,130.231,-13.816,138.55302,,,,,,,,,,,,
TRBBQPP128F92EE611,Three Little Birds,Bob Marley & The Wailers,148.684,-8.959,320.15628,,,,,,,,,,,,
TRBBQVL128F93421CA,Sunday Cream,Juan Farcik,124.969,-8.16,295.02649,,,,,,,,,,,,
TRBBQYU128F4269447,Anna Bolena (1997 Digital Remaster): Alcun potria ascoltarti,Maria Callas/Gianni Raimondi/Gabriella Carturan/Plinio Clabassi/Nicola Rossi-Lemeni/Coro del Teatro alla Scala_ Milano/Noberto Mola/Orchestra del Teatro alla Scala_ Milano/Gianandrea Gavazzeni,111.643,-14.447,102.68689,,,,,,,,,,,,
TRBBREF128F933CCDD,If you Seek Amy,Hoodfellas,130.011,-4.872,227.082,,,,,,,,,,,,
TRBBRFQ12903CE2997,Ali Baba,Jackie Edwards,157.177,-6.543,179.09506,,,,,,,,,,,,
TRBBRIQ128F9353B5C,Paloma Consentida,Carmen Y Laura,125.45,-11.536,160.60036,,,,,,,,,,,,
TRBBRJN128F425C040,L'Aventurier,Jacques Dutronc,98.733,-7.246,151.09179,,,,,,,,,,,,
TRBBRME128F4276C73,Yi Xiao Shi Chong Yin,Edmond Leung,137.686,-11.349,230.37342,,,,,,,,,,,,
TRBBRQE12903C9E587,Trash (live Paris),New York Dolls,110.056,-12.153,210.85995,,,,,,,,,,,,
TRBBRRS128F4256EEF,No Loafting,Junior Reid,165.469,-8.141,199.75791,,,,,,,,,,,,
TRBBRTY128F4260973,Talk About Me,Screamin' Jay Hawkins,63.263,-11.316,150.56934,,,,,,,,,,,,
TRBBRVT128F428EA7A,The 23rd Psalm,Steve Erquiaga,141.706,-21.763,220.70812,,,,,,,,,,,,
TRBBRXA12903CAB6C0,Leave Me Be,The Shirrows,123.491,-7.461,130.76853,,,,,,,,,,,,
TRBBRXN12903CBAE27,Cheshire Grin,Charlie Khan,140.197,-4.431,202.29179,,,,,,,,,,,,
TRBBRYI128F42370F5,Wishy Washy Woman,Mighty Joe Young,119.52,-11.213,253.51791,,,,,,,,,,,,
TRBBSBF128F14687A4,Sound Clash (featuring Beenie Man) - FattaSly Extended Mix,Dream Warriors,106.821,-8.164,414.24934,,,,,,,,,,,,
TRBBSFL128F931798C,(Prayer Is The Key To Heaven) Faith Unlocks The Door,Don Gibson,81.832,-15.854,151.09179,,,,,,,,,,,,
TRBBSGI128F9309855,America's Suitehearts,Fall Out Boy,160.109,-4.469,214.33424,,,,,,,,,,,,
TRBBSKC128F1496C4E,Finisterre (Live),Mau Mau,107.983,-13.297,745.40363,,,,,,,,,,,,
TRBBSSU128F4265E16,Tsai Me Lemoni (2005 Digital Remaster),Dakis,109.08,-5.554,224.07791,,,,,,,,,,,,
TRBBSXW12903CEB61D,Natural Light (Subliminal Self-Help),Steven Halpern,134.538,-31.346,248.63302,,,,,,,,,,,,
TRBBSZN128F930E4E7,The One Who Lives Inside Your Heart,Lari White,137.002,-13.805,239.90812,,,,,,,,,,,,
TRBBTDV128F934F6B1,If I'M Dreaming just Let Me Dream,Brenda Lee,124.291,-11.761,173.06077,,,,,,,,,,,,
TRBBTFO128EF345397,The Hills Of Old Wyomin',Roy Rogers,100.451,-18.421,185.0771,,,,,,,,,,,,
TRBBTJG12903CD5B47,Distant Cousin,George Schuller,103.022,-13.132,409.0771,,,,,,,,,,,,
TRBBTJH128F1476BC7,Apoliome Re Giorgi (Feat. Etsi De),IMISKOUBRIA featuring Etsi De,100.003,-5.717,245.26322,,,,,,,,,,,,
TRBBTLA128F4226907,Désolé Pour La Poussière,Miossec,89.013,-7.254,225.90649,,,,,,,,,,,,
TRBBTOM128F42309C2,Love,Opals,155.611,-9.271,136.77669,,,,,,,,,,,,
TRBBTQB128F92FAB03,Rotate,Capone-N-Noreaga feat. Busta Rhymes and Ron Browz,201.494,-3.163,256.1824,,,,,,,,,,,,
TRBBTSI128E0790E7B,Got To Tell The People,Cornell Campbell,141.257,-15.726,184.99873,,,,,,,,,,,,
TRBBTUD128F42A10A3,Here And Beyond,Behemoth,114.929,-4.46,206.44526,,,,,,,,,,,,
TRBBTUV128F933D382,Gigantor,Dickies,70.183,-10.223,179.59138,,,,,,,,,,,,
TRBBTZW12903CE7495,Better Days (Album Version),Faith Hill,141.705,-7.132,207.80363,,,,,,,,,,,,
TRBBUBC128F148CBAA,If They Want It,DJ Clue / Fabolous Sport,193.919,-8.649,242.75546,,,,,,,,,,,,
TRBBUCK128F42AFAD6,Death Blow,Kool Moe Dee,107.022,-8.74,397.5571,,,,,,,,,,,,
TRBBUHZ128F428F001,4 Minutes [Featuring Justin Timberlake And Timbaland] [Junkie XL Remix Edit],Madonna,127.999,-3.629,277.99465,,,,,,,,,,,,
TRBBULA128F146E122,Turn The Heat Up,Bobaflex,93.033,-3.124,147.43465,,,,,,,,,,,,
TRBBUOJ128F92FC6F2,Cursed Angel Of Doom (Previously Unreleased&Re-Recorded Track),Behemoth,139.115,-4.905,188.08118,,,,,,,,,,,,
TRBBUPS12903CFC938,The Future,Benga,87.468,-8.525,277.55057,,,,,,,,,,,,
TRBBVAH128F4270300,40 OZ Quartet Part I,Tha Liks,160.267,-6.929,108.2771,,,,,,,,,,,,
TRBBVBM128F4276D82,I Don't Know,Teenage Fanclub,116.239,-15.838,274.70322,,,,,,,,,,,,
TRBBVBM128F92D07F1,Xue Hua Chao,Hins Cheung,149.765,-6.339,238.21016,,,,,,,,,,,,
TRBBVDP128F92F28CF,Chaos (Live - Bridgehouse Tapes),4 Skins,90.787,-6.014,126.14485,,,,,,,,,,,,
TRBBVDW128F932262A,Over The Rainbow,Anita Kerr,94.771,-14.355,156.52526,,,,,,,,,,,,
TRBBVFB128F1461507,Year 3_000 Blues (2002 Digital Remaster),Ten Years After,106.145,-10.124,145.00526,,,,,,,,,,,,
TRBBVFT128F42ABB02,3 + 3,Vangelis,149.423,-17.058,575.58159,,,,,,,,,,,,
TRBBVNR128E078E1E4,Tell Your Momma Come,Black Eyed Peas,204.304,-5.065,196.362,,,,,,,,,,,,
TRBBVPM12903CDB094,Kiss the Sky,Danielle Bollinger,129.986,-4.518,223.52934,,,,,,,,,,,,
TRBBVSO128F9341C12,Anything's Better Than Feelin' The Blues,Martina McBride,40.384,-7.914,181.86404,,,,,,,,,,,,
TRBBVTH128F92F3B6F,Mary Had A Little Lamb,Dora The Explorer,141.961,-3.215,169.09016,,,,,,,,,,,,
TRBBVXL128F427C3F2,Fleetwood,Jim Bryson,97.431,-7.101,276.21832,,,,,,,,,,,,
TRBBVYI128F4291603,Anarchy in the UK (Sex Pistols) (Bonus Track),Adrenalin O.D.,106.002,-5.235,142.65424,,,,,,,,,,,,
TRBBVYO128F146AEDC,Witchcraft (1997 Digital Remaster),Joe Graves & The Diggers,88.947,-13.435,261.32853,,,,,,,,,,,,
TRBBWCP128F935F6DB,Go And Wash (Those Dirty Feet),Johnny Horton,104.284,-16.059,138.86649,,,,,,,,,,,,
TRBBWDJ128F42595D5,October,U2,94.838,-14.05,142.23628,,,,,,,,,,,,
TRBBWIP128F4287400,Pode Me Chamar,Eddie,160.089,-11.996,243.17342,,,,,,,,,,,,
TRBBWKF128F934E709,Gateway,Dean Evenson,98.442,-19.454,203.93751,,,,,,,,,,,,
TRBBWKS128F424E84A,Souffle 2,Vincent Bruley,134.028,-16.676,920.76363,,,,,,,,,,,,
TRBBWNS128F426F760,Comin' Home,ZO2,88.344,-5.802,346.51383,,,,,,,,,,,,
TRBBWSE128F9313963,One About Heaven,Brent Lamb,142.978,-6.177,237.16526,,,,,,,,,,,,
TRBBXEG128F424EC2C,Babes In Arms,April Wine,127.463,-13.613,200.9073,,,,,,,,,,,,
TRBBXGU12903CCC870,The Christmas Song,Mannheim Steamroller,96.002,-11.949,199.83628,,,,,,,,,,,,
TRBBXLI128F931BC58,20 horas de nada,Alex Ubago,121.687,-7.91,216.58077,,,,,,,,,,,,
TRBBXLS128F9323D9B,Kyana,Arctique,130.004,-8.214,468.00934,,,,,,,,,,,,
TRBBXMC128F422C330,Cum,Eric Burdon,149.527,-7.207,168.30649,,,,,,,,,,,,
TRBBXML128F4256DFF,Ur Själslig Död,Månegarm,147.91,-3.779,264.6722,,,,,,,,,,,,
TRBBXPL128F9321D39,Madeleine (feat. Thomas Fersen),Jean Corti,86.686,-6.505,174.81098,,,,,,,,,,,,
TRBBXSE128F42798F6,Honey,Mariah Carey,95.929,-7.488,301.19138,,,,,,,,,,,,
TRBBXTY128F427EA62,Rescue And Breakout,James Horner,95.543,-16.487,203.54567,,,,,,,,,,,,
TRBBXWG128F148B444,Zhui Zhong,Jacky Cheung,169.898,-12.175,226.37669,,,,,,,,,,,,
TRBBXWQ128F93418EB,Silver Bells,Lacy J. Dalton,96.616,-16.508,186.8273,,,,,,,,,,,,
TRBBXXC128F427044F,Round 7:  2138,Cassius Clay,97.065,-15.02,246.96118,,,,,,,,,,,,
TRBBYDT128F14805B4,You Can't Hurry Love (Live),Phil Collins,206.941,-9.79,174.23628,,,,,,,,,,,,
TRBBYFJ128F42A22D4,Jingle Bells,Jim Reeves,95.264,-13.323,108.19873,,,,,,,,,,,,
TRBBYGX12903CEF0BC,This Side Of Paradise,Nestor Torres,195.995,-8.034,280.2673,,,,,,,,,,,,
TRBBYKP128F92D60F0,Howells Delight,The Baltimore Consort,123.784,-17.271,240.40444,,,,,,,,,,,,
TRBBYOI128F4256732,Out Of This World,Black Flag,207.238,-13.77,133.25016,,,,,,,,,,,,
TRBBYQM128F1468524,Petite Fleur (Instrumental) (1996 Digital Remaster),Henri Rene And His Orchestra,112.911,-16.797,168.54159,,,,,,,,,,,,
TRBBYST12903CE82DB,Keys To The Whip (Straight Pimpin' Mix),Disco D feat. Lola Damone & Helluva,152.34,-7.765,226.61179,,,,,,,,,,,,
TRBBYWM128F9324A8B,Hey Little Girl (1949),Professor Longhair,113.445,-10.333,179.93098,,,,,,,,,,,,
TRBBYYL128F4236EBC,I Changed My Mind (DJ Spinna Remix),Lyrics Born,98.927,-3.528,313.15546,,,,,,,,,,,,
TRBBZAE128F92FDC05,Ride On Time (Original Version),Black Box,118.834,-9.159,272.14322,,,,,,,,,,,,
TRBBZCM12903CDDDA5,Mutter Erde,Monika_ Wolfgang,117.674,-5.362,178.78159,,,,,,,,,,,,
TRBBZFO128F932CD27,2StepN,North Mississippi Allstars,124.996,-8.235,166.21669,,,,,,,,,,,,
TRBBZJP128F4287992,Seize the day,Time Factory,160.017,-9.015,244.45342,,,,,,,,,,,,
TRBBZJW12903CF71A6,Warung Beach,John Digweed,127.995,-5.988,405.10649,,,,,,,,,,,,
TRBBZOG128F422B02B,You Can Do Better Than Me (Album Version),Death Cab for Cutie,101.306,-10.775,119.40526,,,,,,,,,,,,
TRBBZQM128F931A529,Song Sung Blue,Neil Diamond,164.359,-8.351,194.40281,,,,,,,,,,,,
TRBBZRF128F9321407,Ain't That Something,High Strung_ The,120.944,-2.694,165.3024,,,,,,,,,,,,
TRBBZSO128F4257B30,Ombre Et Lumière,Vincent Bruley,150.867,-14.037,498.38975,,,,,,,,,,,,
TRBBZTM12903CB84F3,Bad Reputation (Originally Performed by Thin Lizzy),The Meatmen,130.164,-5.681,170.4224,,,,,,,,,,,,
TRBBZWC128F93172DA,I've got Vilking in Me,Four Tet,70.296,-17.977,136.202,,,,,,,,,,,,
TRBBZXJ12903CD3E8D,That Girl,Gary Morris,130.72,-9.636,305.10975,,,,,,,,,,,,
TRBCABP128F426AA57,Hornpipes: The First of May / the New Century,Dale Russ / Finn MacGinty,190.605,-7.812,169.16853,,,,,,,,,,,,
TRBCACB128F424C829,Restcure,Marygold,93.908,-3.869,204.90404,,,,,,,,,,,,
TRBCACR128F425E727,Midnight  (LP Version),Axe,157.614,-7.465,211.53914,,,,,,,,,,,,
TRBCADG128F14AB245,Samaritanas Del Amor,Jose Luis Perales,92.686,-7.392,199.94077,,,,,,,,,,,,
TRBCAJY128F932C54E,Sunshower,Dave Valentin,82.763,-12.183,277.21098,,,,,,,,,,,,
TRBCALG128F1483839,Breakin',Milk Inc.,130.008,-6.704,206.75873,,,,,,,,,,,,
TRBCANP128F92FA6B9,Good Enough,Evanescence,91.371,-12.527,331.36281,,,,,,,,,,,,
TRBCASG128F92E5514,Sahnu bhul ke Maha,Naseebo Lal,144.076,-12.797,436.27057,,,,,,,,,,,,
TRBCAXP12903CC0C6E,The Friendly Visit / The Stack of Wheat / The Gypsy Hornpipe,Joe Derrane_ Frankie Gavin_ Brian McGrath,176.945,-14.094,281.39057,,,,,,,,,,,,
TRBCAXZ12903D11FD1,Adios Pampa Mia,Los Iracundos,121.878,-8.972,198.50404,,,,,,,,,,,,
TRBCAYI128F148B3E8,Fen Shou Zong Yao Zai Yu Tian,Jacky Cheung,91.999,-13.632,287.4771,,,,,,,,,,,,
TRBCAYP128F9304BA9,Bailando,Casual,92.783,-13.173,203.02322,,,,,,,,,,,,
TRBCBAM128F92E3044,Traffic,Truckfighters,148.363,-4.935,270.44526,,,,,,,,,,,,
TRBCBBN128F428A232,Just One Time,Connie Smith,121.162,-10.182,148.63628,,,,,,,,,,,,
TRBCBBR12903CA2FA7,His Love Says (Album),Mark Lowry,99.309,-12.228,203.28444,,,,,,,,,,,,
TRBCBFV128E0795B94,Headless Heroes (LP Version),Eugene McDaniels,136.492,-10.959,213.15873,,,,,,,,,,,,
TRBCBLN128F932BC9D,Within My Blood,Skeletonwitch,206.936,-5.131,252.08118,,,,,,,,,,,,
TRBCBLV128F14ADF31,More Power To Ya,Petra,131.634,-13.943,219.08853,,,,,,,,,,,,
TRBCBMG12903CDE2A4,Mr. Wonderful,Peggy Lee,120.716,-13.269,200.6722,,,,,,,,,,,,
TRBCBMO128F92C77B9,Same Game,Leigh Jones,103.465,-7.076,200.51546,,,,,,,,,,,,
TRBCBOY12903CC66C6,Danger! She's A Stranger,The Five Stairsteps,93.847,-8.701,165.74649,,,,,,,,,,,,
TRBCBQT128F426B79A,Decima Del Tiempo De Antes,Roberto Torres,161.345,-7.196,276.00934,,,,,,,,,,,,
TRBCBRN128F42A1372,Rider 4 Real,G Unit ft. 50 Cent_ Lloyd Banks & Tony Yayo,94.918,-6.176,202.10893,,,,,,,,,,,,
TRBCBSK12903CA2DD3,Eight (Album Version),Onesidezero,151.746,-6.765,281.12934,,,,,,,,,,,,
TRBCBSX128F42663F2,Distractions,Dictafone,101.375,-7.929,307.98322,,,,,,,,,,,,
TRBCBVI128F429F994,Boar Hog Blues,Jazz Gillum,140.144,-15.08,170.9971,,,,,,,,,,,,
TRBCBVO128F92D4299,Where We Are From,Lexie Mountain Boys,80.002,-24.19,247.11791,,,,,,,,,,,,
TRBCBVY128F933A195,El Jorobadito,Los Auténticos Decadentes,88.505,-7.364,223.97342,,,,,,,,,,,,
TRBCBXZ128F14628C3,Ocean Drive,Lighthouse Family,90.703,-8.03,241.8673,,,,,,,,,,,,
TRBCBYQ128F42981F1,Five Long Years,Freddie King,148.627,-11.832,263.65342,,,,,,,,,,,,
TRBCCAJ128F148CBBB,Check 1_2,EPMD,200.265,-7.481,196.91057,,,,,,,,,,,,
TRBCCAP12903CDE877,Thug Love,X-Raided featuring Teddy Bear_ Big Pook_ T-Nutty,130.421,-7.545,260.44036,,,,,,,,,,,,
TRBCCEG128F9321406,Show a Sign of Life,High Strung_ The,155.524,-4.399,123.8722,,,,,,,,,,,,
TRBCCJV128F92F23B0,Everyone (LP Version),Socialburn,91.231,-5.134,241.84118,,,,,,,,,,,,
TRBCCLU12903CDBAC4,My Pillow,Roger Miller,37.965,-8.473,133.27628,,,,,,,,,,,,
TRBCCQR128F92FA11A,Start Moving,Sal Mineo,161.47,-6.244,149.9424,,,,,,,,,,,,
TRBCCWW128F933F246,Mean Old World Blues,T-Bone Walker,87.056,-15.852,174.96771,,,,,,,,,,,,
TRBCCYW12903CEC282,Ville Eyolf,Black Debbath,84.157,-5.812,276.21832,,,,,,,,,,,,
TRBCDCF12903CE2E16,Macht hoch die Tür,Thomas Battenstein,98.401,-21.056,126.74567,,,,,,,,,,,,
TRBCDCS128F422F0CF,Mark My Words (Album Version),Hatebreed,202.65,-5.665,111.22893,,,,,,,,,,,,
TRBCDEW12903CA9142,C Day (Maxi Club Version),Confetti's,119.955,-5.671,312.45016,,,,,,,,,,,,
TRBCDGL128F424C47D,Grace And Mercy Part II,Dorothy Norwood,101.111,-10.111,254.24934,,,,,,,,,,,,
TRBCDHQ128F92F9AE8,Itchycoo Park,Small Faces,123.381,-8.643,172.72118,,,,,,,,,,,,
TRBCDNH128F93492A6,Life,Vinylbase,142.972,-3.633,361.79546,,,,,,,,,,,,
TRBCDRM128F428FCCB,Les Noirs Marchant (Rudy Van Gelder 24Bit Mastering) (2002 Digital Remaster),Bobby Hutcherson,151.391,-12.321,399.51628,,,,,,,,,,,,
TRBCEAB12903CA10FC,Blueberry Hill,Gene Autry,107.718,-15.971,155.53261,,,,,,,,,,,,
TRBCEDG128F9309254,Please Belive It,Mr. De',112.962,-8.536,334.54975,,,,,,,,,,,,
TRBCEDT128F4260EC5,Mass No. 19 in D minor_ 'Requiem' K626: Lacrimosa,Patrizia Pace/Waltraud Meier/Frank Lopardo/James Morris/Swedish Radio Choir/Stockholm Chamber Choir/Berliner Philharmoniker/Riccardo Muti,37.42,-20.274,212.4273,,,,,,,,,,,,
TRBCEDV128F14AE898,I Walked Today Where Jesus Walked,Bill & Gloria Gaither,152.606,-14.492,290.06322,,,,,,,,,,,,
TRBCENO128F146C85B,I Constantly Thank God For Esteban (Album Version),Panic! At The Disco,167.011,-5.72,210.25914,,,,,,,,,,,,
TRBCEOA128F93090D6,Con Alma,The Fureys,120.083,-14.28,398.10567,,,,,,,,,,,,
TRBCEON12903CEF0C9,Spanish Grease,Nestor Torres,122.985,-5.132,201.482,,,,,,,,,,,,
TRBCEOS128F42A0474,Queen Street Rag (144826),Birmingham Jubilee Singers,108.049,-14.043,188.3424,,,,,,,,,,,,
TRBCEST128F9327FBF,Ju Ju,Poncho Sanchez,213.718,-9.428,427.07546,,,,,,,,,,,,
TRBCEVJ128F428E090,Song Of The Valley,John Cale,134.258,-14.399,307.22567,,,,,,,,,,,,
TRBCEYG128F1478610,Estudio,Eduardo Fernandez,127.949,-28.547,120.89424,,,,,,,,,,,,
TRBCFDY128F934D6CF,Orgullo,Los Cisnes,101.308,-13.008,182.72608,,,,,,,,,,,,
TRBCFEF128F92F0A99,You Gave Me A Mountain,The Jordanaires,100.327,-15.315,239.35955,,,,,,,,,,,,
TRBCFFD128F92D912E,Shadow After Dark,Ana Popovic,177.362,-5.212,263.83628,,,,,,,,,,,,
TRBCFIY128F9361E08,Fauché,Les Hou-Lops,96.177,-7.03,120.08444,,,,,,,,,,,,
TRBCFLI128F429F370,Xtra Thump (Featuring Tash from Tha Alkaholiks),Defari,80.891,-5.132,178.72934,,,,,,,,,,,,
TRBCFNZ128F4241704,Cellular Phone,Bounty Killer,159.798,-5.758,205.29587,,,,,,,,,,,,
TRBCFPP128E0781D6F,Stop Breaking Down (1994 Digital Remaster),The Rolling Stones,104.503,-8.899,274.18077,,,,,,,,,,,,
TRBCFUS128F92C90DD,Limbo Rock,Dora The Explorer,105.019,-6.014,159.29424,,,,,,,,,,,,
TRBCFUZ128F932F797,I Never Shall Forget That Day (Reunion Album Version),Bill & Gloria Gaither,145.907,-9.456,235.78077,,,,,,,,,,,,
TRBCGET128F9315E90,What Are You Fighting For,Gyptian,147.436,-10.837,219.76771,,,,,,,,,,,,
TRBCGHP128F933878A,Bald Head,Professor Longhair,156.803,-15.572,153.49506,,,,,,,,,,,,
TRBCGHZ128F423B81F,Sun Shower - Cadence Weapon Remix (Cd),Busdriver,129.993,-7.64,316.21179,,,,,,,,,,,,
TRBCGKB12903CC0031,Some Guys Have All The Luck,Robert Palmer,126.513,-8.105,184.34567,,,,,,,,,,,,
TRBCGKB12903CFF680,Why Did You All Lie to Me?,Dario Marianelli,162.487,-25.369,262.94812,,,,,,,,,,,,
TRBCGKN128F4269BD4,Heft*,Fastway,134.819,-14.612,318.9024,,,,,,,,,,,,
TRBCGLJ128F933277D,L'Homme au trapèze volant,Alain Turban,116.086,-10.32,186.51383,,,,,,,,,,,,
TRBCGNI128F426C330,Cold Youth,Cut Copy,128.006,-2.846,289.04444,,,,,,,,,,,,
TRBCGRI128F93355E9,It's All In My Mind,Teenage Fanclub,122.002,-7.603,221.41342,,,,,,,,,,,,
TRBCGVY128E07853E2,Bi Thus A Mo Shuile (LP Version),Maire Brennan,67.76,-19.195,113.55383,,,,,,,,,,,,
TRBCGXG128F9322DBB,14 Botellas,2 Minutos,103.54,-14.089,52.32281,,,,,,,,,,,,
TRBCGXN128F148C0CD,Move On,Paul Stanley,140.172,-7.196,191.55546,,,,,,,,,,,,
TRBCHAG128F428CEAC,Only Love,Daryl Hall & John Oates,118.427,-12.086,276.6624,,,,,,,,,,,,
TRBCHBA12903CE8F85,Aurèle et Céline,Georges Delerue,130.221,-10.7,85.91628,,,,,,,,,,,,
TRBCHEE128F92F82D0,Romeo's Exile,Liam O'Flynn,122.425,-9.148,234.10893,,,,,,,,,,,,
TRBCHFG128F9353D72,Times Up,DJ Spinn,240.5,-12.369,193.69751,,,,,,,,,,,,
TRBCHGD128F421754A,Lake Charles Two-Step,The California Cajun Orchestra,201.578,-12.141,172.48608,,,,,,,,,,,,
TRBCHIL128F4281434,What's Gonna Happen On the 8th Day,Screamin' Jay Hawkins,116.01,-7.401,301.13914,,,,,,,,,,,,
TRBCHOY12903CD9688,Assassin,Floor,156.179,-7.24,117.02812,,,,,,,,,,,,
TRBCHRA128F9357174,Well Oh Well,Tiny Bradshaw,106.565,-6.627,158.82404,,,,,,,,,,,,
TRBCHRQ128F932F5EE,Sample Track 17,Simon Harris,92.046,-15.759,176.97914,,,,,,,,,,,,
TRBCHSH128F93304E1,Playstation Generation,Smut Peddlers,116.638,-5.988,167.60118,,,,,,,,,,,,
TRBCHWH128F92F7E9B,Get Your Head Stuck On Your Neck,Soul Mekanik,125.584,-11.106,447.08526,,,,,,,,,,,,
TRBCIBA128F934E298,Gail Wakes Up,Michael Whalen,163.12,-11.568,77.29587,,,,,,,,,,,,
TRBCICD12903CF2BA9,Stand (Album Version),Kiss,126.418,-6.558,290.84689,,,,,,,,,,,,
TRBCIDR128F92D36B2,The Preacher & the Funeral,LaWanda Page,105.395,-15.233,187.76771,,,,,,,,,,,,
TRBCIDU12903CA2F54,Blues Again,Rory Block,85.981,-16.037,111.46404,,,,,,,,,,,,
TRBCIDX128F422F215,I Am Fred Astaire (Album Version),Taking Back Sunday,147.745,-4.495,223.39873,,,,,,,,,,,,
TRBCIEV12903CE60F1,Memphis Jug,Memphis Jug Band,141.185,-17.186,187.53261,,,,,,,,,,,,
TRBCIGC128F4249CE6,I Could Use Another You (Digital Re-Recording),Eddy Raven,118.704,-14.264,164.64934,,,,,,,,,,,,
TRBCIJF12903CF15F3,N'ayez crainte mesdames,Fred Merpol,101.954,-14.855,345.10322,,,,,,,,,,,,
TRBCIQL128F427C0AD,Honey,Mariah Carey Featuring Da Brat & JD,95.138,-10.728,314.122,,,,,,,,,,,,
TRBCIRO128F42B0277,Beautiful,Christina Aguilera,139.99,-3.924,236.95628,,,,,,,,,,,,
TRBCISZ128F92E9CEF,Aftertaste,X-tv,141.946,-10.372,332.79955,,,,,,,,,,,,
TRBCIUW128F92F6F3D,We All Need Love,Irma Thomas,131,-11.975,190.9024,,,,,,,,,,,,
TRBCIVP12903CF9688,Tredveårsfurua På Askøy,Black Debbath,128.646,-6.979,257.82812,,,,,,,,,,,,
TRBCIXP128F14A3016,What Woman Really Wear To Bed,Steve Harvey,71.229,-9.965,268.45995,,,,,,,,,,,,
TRBCIXV128F4261F09,Reminisce For A While (Sung With Raul Malo),Neil Diamond,91.302,-9.413,267.57179,,,,,,,,,,,,
TRBCJBG128F92F39AD,Min Tou Milate Tou Pediou,Antonis Remos,116.828,-9.406,94.51057,,,,,,,,,,,,
TRBCJDC128EF35DF44,The Fourth Wish,Bruno Sanfilippo,179.547,-16.864,398.602,,,,,,,,,,,,
TRBCJIX128F424F99E,Mädchen mit Plan,2raumwohnung,124.023,-9.846,272.95302,,,,,,,,,,,,
TRBCJKE12903CE3A8B,National Fencibles March,Henry Mancini,118.719,-11.088,187.74159,,,,,,,,,,,,
TRBCJQH128F1497A7B,I Will Be Free (LP Version),Cindy Morgan,94.315,-10.602,295.10485,,,,,,,,,,,,
TRBCJQH128F93143A6,Obsession,Rainforest Trio,107.965,-16.246,291.39546,,,,,,,,,,,,
TRBCJQW128F4253E5F,Soy De Oaxaca,Los Originales De San Juan,123.335,-6.641,199.07873,,,,,,,,,,,,
TRBCJRW12903CD02BC,Goin' To Hell On A Sled,John D. Loudermilk,177.098,-8.039,124.39465,,,,,,,,,,,,
TRBCJSZ128E07969B5,The World Turned Upside Down,Coldplay,136.82,-6.294,269.34812,,,,,,,,,,,,
TRBCJTN128F42A23C2,I Want To Live (Smash Club Mix),Deepface,124.05,-4.577,362.68363,,,,,,,,,,,,
TRBCJUF128F93190C2,Everyone's At It,Lily Allen,116.957,-6.399,277.83791,,,,,,,,,,,,
TRBCJVF128F14A8A16,Slow Ride [Live Version],Foghat,114.831,-9.817,501.2371,,,,,,,,,,,,
TRBCKEE12903CB853A,We Didn't Kill Each Other (But Didn't We Try) [Originally Performed by Dallas Wayne],The Meatmen,193.361,-6.439,216.81587,,,,,,,,,,,,
TRBCKEI128F92FE542,Meu Bem Meu Mal (Mi Bien Mi Mal),Gal Costa,145.099,-25.63,242.9122,,,,,,,,,,,,
TRBCKFA128F9336580,Don't Do That,Pinchers,92.01,-13.229,229.01506,,,,,,,,,,,,
TRBCKNC128F4282300,Why U Mad At Me (Explicit Screwed Version),T.I.,148.877,-5.81,258.92526,,,,,,,,,,,,
TRBCKNP128F4222D54,Over And Out [Album Version],Britny Fox,149.01,-12.159,285.02159,,,,,,,,,,,,
TRBCKPU128F92D9B79,Chuckanut Drive,Power Pill Fist,138.387,0.566,291.42159,,,,,,,,,,,,
TRBCKRF128F9320920,Enervé,Olivia Ruiz,104,-5.106,230.24281,,,,,,,,,,,,
TRBCKSF128F932FA70,(Coffee's For Closers),Fall Out Boy,155.038,-3.214,275.3824,,,,,,,,,,,,
TRBCKWQ12903CC81E0,The Legend of Yellow Boobie,Year of Desolation,223.323,-5.623,337.76281,,,,,,,,,,,,
TRBCKXX128F92FD505,You're Not Alone,Olive,135.111,-10.616,211.35628,,,,,,,,,,,,
TRBCKYU12903CB5D10,White Girl Who Can Dance,HardNox,144.038,-5.675,228.80608,,,,,,,,,,,,
TRBCLFF128F92F09CB,Protect You,Tim Hornsby,150.655,-17.51,89.62567,,,,,,,,,,,,
TRBCLFK128F931A46E,Have Thine Own Way,Michael Bloomfield,121.218,-12.963,137.69098,,,,,,,,,,,,
TRBCLGH12903CCA1D0,Woman Shy,Jerry Reed,121.371,-13.941,135.18322,,,,,,,,,,,,
TRBCLIO128F426E4B8,Frankie And Johnny,Gene Autry,81.829,-17.123,163.52608,,,,,,,,,,,,
TRBCLUS128F92EA61B,"Take The ""A"" Train",Les Brown,140.97,-12.903,203.7024,,,,,,,,,,,,
TRBCMDH128F92FA444,Big Boss Man,John Hammond,95.434,-11.726,162.71628,,,,,,,,,,,,
TRBCMFZ128F14AFD69,Machinenfunk,1. Futurologischer Congress,146.036,-10.644,204.93016,,,,,,,,,,,,
TRBCMHI128F148B17F,The Christmas Song,David Banner / Sky / Marcus,87.033,-5.29,253.67465,,,,,,,,,,,,
TRBCMJT128F14B12CC,Korea (LP Version),Deftones,178.339,-3.145,203.59791,,,,,,,,,,,,
TRBCMNK128F42622BF,Kenourgios Erotas,POLINA,182.153,-9.335,193.59302,,,,,,,,,,,,
TRBCMNO128F92D58E5,Thats What I Like About a Country Song,Aaron Watson,138.471,-9.909,170.84036,,,,,,,,,,,,
TRBCMSO128F92E6AE5,(I Used To Couldn't Dance) Tight Pants,Eagles Of Death Metal,237.831,-4.462,215.64036,,,,,,,,,,,,
TRBCMWI128F933D625,I'm Going All The Way (Album),Ann Nesby,107.466,-9.884,230.79138,,,,,,,,,,,,
TRBCMYM128F92E42BA,Too Late,Peter Hunningale,165.898,-10.003,226.87302,,,,,,,,,,,,
TRBCNAJ128F934266F,Merry Christmas Baby,The Continentals,111.199,-12.55,179.06893,,,,,,,,,,,,
TRBCNGI128F42597B4,Slave Song,Sade,118.023,-10.007,252.47302,,,,,,,,,,,,
TRBCNQN128F425AC27,Mighty Lak' a Rose,Marilyn Horne,59.863,-25.677,164.62322,,,,,,,,,,,,
TRBCNRB128F9331CDD,Hot Girls,Kiprich,101.214,-6.504,186.17424,,,,,,,,,,,,
TRBCNSM128F933D958,Can't Stop Cocoa Tea,Cocoa Tea,146.474,-17.422,162.35057,,,,,,,,,,,,
TRBCNTP128F93530CF,Mark Practices,Rolfe Kent,69.986,-26.128,48.69179,,,,,,,,,,,,
TRBCNUB12903CA79C7,Crave and Wonder,Arc Angels,120.032,-5.521,320.31302,,,,,,,,,,,,
TRBCNUH12903CC27A5,Junko partner,Mike Bloomfield,167.553,-12.727,284.1073,,,,,,,,,,,,
TRBCNVH128F149DCC1,The Windmills Of Your Mind,Toots Thielemans,121.971,-18.006,181.55057,,,,,,,,,,,,
TRBCNWM128F92D50EC,U Not Like Me,50 Cent,92.649,-3.084,255.63383,,,,,,,,,,,,
TRBCOBZ128F428005D,Is It The Skin I'm In?,Lyrics Born,151.051,-5.755,233.32526,,,,,,,,,,,,
TRBCOEQ12903CAA1BF,Ain't That Loving You Baby,John Hammond,130.99,-13.129,198.29506,,,,,,,,,,,,
TRBCOIT128F933E906,Requiem Blaster,Pumpkin Buzzard,111.004,-18.682,120.00608,,,,,,,,,,,,
TRBCOJB128F92D0199,The Man From U.N.C.L.E.,The London Theatre Orchestra,166.925,-4.959,159.21587,,,,,,,,,,,,
TRBCOJM12903D0136F,Préliminaires_ par Philippe Pagès (feat. Philippe Pagès),Nicolas Bacchus,83.574,-18.463,65.61914,,,,,,,,,,,,
TRBCOKA128F4280D91,Problems,Mikey Dread,137.746,-6.46,289.64526,,,,,,,,,,,,
TRBCOMF12903CE7B2A,Crustaceans As Castanets,Pagan Wanderer Lu,140.247,-4.952,117.28934,,,,,,,,,,,,
TRBCORE12903CD6FA0,Josephine (French Edit),Chris Rea,110.1,-7.186,236.35546,,,,,,,,,,,,
TRBCORX128F4275BEB,That you fool ed me,Wilks,94.997,-6.736,257.04444,,,,,,,,,,,,
TRBCPIP12903CB81D4,Don't You Think It's Time To Go,The Del McCoury Band,106.218,-11.197,134.68689,,,,,,,,,,,,
TRBCPKL128F42A97A4,Frieda,David Benoit,152.077,-10.03,274.1024,,,,,,,,,,,,
TRBCPTO12903CBBFD9,He Never Changes,4Him,150.049,-10.925,269.06077,,,,,,,,,,,,
TRBCPXR128F42AC544,Pick Me Up On Your Way Down,Martina McBride,131.074,-6.94,160.62649,,,,,,,,,,,,
TRBCQDI128EF342954,Yhteinen koti,Irwin Goodman,189.997,-12.374,194.32444,,,,,,,,,,,,
TRBCQDO128F9314C76,Aljarafe,Lole y Manuel,85.472,-16.465,141.66159,,,,,,,,,,,,
TRBCQIK128F9342FD8,24 Hours from Tulsa (Bonus Track),Claire Hamill,124.942,-8.226,257.01832,,,,,,,,,,,,
TRBCQLB128F9332CF4,Way Beyond,32 Leaves,137.951,-6.446,233.66485,,,,,,,,,,,,
TRBCQQC128F4253DCD,You Still Believe in Me,Rockabye Baby!,74.619,-10.348,203.54567,,,,,,,,,,,,
TRBCQQH128E0791D0E,Don't Knock Love,Barbara Carr,89.157,-7.8,147.66975,,,,,,,,,,,,
TRBCQRZ128F1477E75,Oprah (Album Version),Kathleen Madigan,87.392,-12.884,92.00281,,,,,,,,,,,,
TRBCQWN12903CDA7EC,It's Not What You Say,Louie Ramirez,125.028,-8.192,174.10567,,,,,,,,,,,,
TRBCQXJ128F9341051,Destiny Ft: Lesk One,Ol' Dirty Bastard,90.473,-3.949,180.45342,,,,,,,,,,,,
TRBCRCU12903CD3E19,Bata 6/8,Tito Puenté,112.566,-25.499,362.50077,,,,,,,,,,,,
TRBCRCV128F933860B,It Is No Secret (What God Can Do),Tammy Wynette,76.907,-13.18,148.00934,,,,,,,,,,,,
TRBCRDS128F426018C,El Perro,Juana Molina,124.754,-14.129,401.65832,,,,,,,,,,,,
TRBCRDW128F422D8BA,As Mist Lay Silent Beneath,Keep Of Kalessin,127.585,-5.298,340.4273,,,,,,,,,,,,
TRBCRFK128F935E655,Act One: Rise and Fall - From the Ashes (I. Chapter One / II. Chapter Two),Orenda,100.244,-5.823,514.0371,,,,,,,,,,,,
TRBCRIM128F1496280,Kumal & Sangha,Nick Ingman,133.369,-20.678,110.15791,,,,,,,,,,,,
TRBCRJJ128F145D998,Shy Boy (1999 Digital Remaster),Tomorrow,127.188,-10.164,146.57261,,,,,,,,,,,,
TRBCRKF128F14AD398,Henrys Death,BT,150.082,-7.652,214.54322,,,,,,,,,,,,
TRBCRKZ128F4241B9E,Your Love,Mikey Dread,162.009,-15.011,246.02077,,,,,,,,,,,,
TRBCRLW128F425AC34,Nana,Marilyn Horne,109.257,-22.417,109.37424,,,,,,,,,,,,
TRBCRMX128F92EBE1F,Eres Tu,Mongo Santamaria,142.198,-12.272,198.5824,,,,,,,,,,,,
TRBCRNO128F92E2AA2,Give It All You Got,DJ Primo,201.532,-10.608,243.06893,,,,,,,,,,,,
TRBCRRZ12903CEBAC1,Back On My New S*** (feat. Tre Williams),Styles P,98.299,-5.587,229.14567,,,,,,,,,,,,
TRBCRSH128F9327458,Ducktails - Moon,The Advantage,184.283,-8.096,99.00363,,,,,,,,,,,,
TRBCRUH128F930DB67,The Way Love Is,Captain Hollywood Project,150.014,-8.67,338.36363,,,,,,,,,,,,
TRBCRVT128F4264E2A,Mallorca_ Op.202 - transcr. Marc Switzer,Pepe Romero,132.053,-30.478,397.06077,,,,,,,,,,,,
TRBCRVT128F93073E7,Never My Love,Kathy Troccoli,79.744,-10.851,251.29751,,,,,,,,,,,,
TRBCSAV128F933A8F8,Akhm Nakon,Saman,174.108,-9.163,339.06893,,,,,,,,,,,,
TRBCSBO128F9332822,You Lasses and Lads,The Baltimore Consort,69.489,-19.572,201.50812,,,,,,,,,,,,
TRBCSDW128F424D686,You Left Me,The Maine,130.031,-4.92,209.00526,,,,,,,,,,,,
TRBCSHV12903CC5297,Keep It Going Louder (Tom Stephan Harder Mix),Major Lazer,127.873,-5.929,352.02567,,,,,,,,,,,,
TRBCSLC128F421BD25,February Song [Live],Josh Groban,140,-9.55,311.14404,,,,,,,,,,,,
TRBCSLF128E0795524,Million Teardrops,Jimmy Cliff,83.712,-11.675,216.45016,,,,,,,,,,,,
TRBCSLT128F92C8260,You Should Be Free,Bruce Rowland,85.774,-27.011,93.09995,,,,,,,,,,,,
TRBCSMH128F146A146,2HB (1999 Digital Remaster),Bryan Ferry,149.435,-8.903,194.61179,,,,,,,,,,,,
TRBCSMO128F9342B20,Steppin' Out Tonight,The Jets,97.243,-14.022,164.54485,,,,,,,,,,,,
TRBCSPV128F4262DD7,Don't Cha Know,Jimmie Vaughan,128.713,-9.508,260.72771,,,,,,,,,,,,
TRBCSSE12903CBE261,Take Her Out,Alice In Chains,96.941,-4.994,239.35955,,,,,,,,,,,,
TRBCSSP128F933B1D2,Happy Valentine's,Toby Love,90.681,-3.723,202.26567,,,,,,,,,,,,
TRBCSTN12903D13548,'57 Chevrolet,Billie Jo Spears,185.583,-12.957,173.68771,,,,,,,,,,,,
TRBCSVE12903D13D5C,The Battle Of New Orleans,Johnny Horton,179.311,-8.601,148.79302,,,,,,,,,,,,
TRBCSYN128F92F4B62,Lover In Demand,Delbert McClinton,112.053,-11.187,105.35138,,,,,,,,,,,,
TRBCSZQ128F92F9043,Speed Of Sound (Emergency Broadcast Album Version),White Heart,104.52,-9.579,184.68526,,,,,,,,,,,,
TRBCTBG128F42B7E1B,Evergreen,Rubyhorse,129.909,-6.404,266.03057,,,,,,,,,,,,
TRBCTBL128F931FF29,Transamazonia (Deep Dish No Doze Mix),Shamen,83.497,-7.512,600.37179,,,,,,,,,,,,
TRBCTCQ128F427DE9A,Italian Concerto in F_ BWV 971 - Allegro,Camerata Brasil,179.803,-15.189,282.3571,,,,,,,,,,,,
TRBCTEE128F42438DC,Unbreak My Heart,Alexander O'Neal,109.991,-7.367,267.25832,,,,,,,,,,,,
TRBCTFW128F931FBE9,Wailing Sounds,Jimmy Page,184.456,-4.813,157.02159,,,,,,,,,,,,
TRBCTKV128F42222BD,Tuscan Chica,Soul Ballet,101.006,-6.947,462.07955,,,,,,,,,,,,
TRBCTRX128F4299237,Rebel Music,Wyclef Jean featuring Prodigy of Mobb Deep,196.04,-3.909,237.50485,,,,,,,,,,,,
TRBCTSB128F931D570,God Bird Change,Al DiMeola,141.508,-10.841,231.00036,,,,,,,,,,,,
TRBCUBD128F1456B1F,Spent,Darwin's Waiting Room,104.972,-6.407,204.79955,,,,,,,,,,,,
TRBCUBV128F145F7E9,It's All Understood,Jack Johnson,131.4,-15.901,215.87546,,,,,,,,,,,,
TRBCUIV128F9309077,The Sun is here for you,Jane Winther,90.556,-15.782,278.83057,,,,,,,,,,,,
TRBCULU128F931AABB,Cabaret,Mademoiselle Sane,121.797,-6.455,173.13914,,,,,,,,,,,,
TRBCULX128F92F5CB3,Al maestro,El Barrio,107.021,-9.341,306.31138,,,,,,,,,,,,
TRBCULZ128F426BC12,Venti scudi,Juan Diego Flórez / Mariusz Kwiecen / Orquestra de la Comunitat Valenciana / Daniel Oren,60.856,-15.469,497.89342,,,,,,,,,,,,
TRBCUMB128F14AD232,The Ball,Harry Gregson-Williams,93.104,-8.967,69.642,,,,,,,,,,,,
TRBCUPT128F1462B73,All That's Left,Thrice,182.977,-2.87,201.58649,,,,,,,,,,,,
TRBCURH12903CAD622,The Song Is You,Percy Faith,107.405,-13.921,143.67302,,,,,,,,,,,,
TRBCUST128F932CBA2,Idnnitkhtr,TAKARU,121.549,-6.1,128.33914,,,,,,,,,,,,
TRBCUUU128F425CA73,Looking Back,John Mayall & The Bluesbreakers,131.198,-13.454,157.20444,,,,,,,,,,,,
TRBCUWM128F92FDD7E,Golden Touch (LP Version),Shinehead,151.255,-23.202,242.6771,,,,,,,,,,,,
TRBCUYD128F930DC65,I Heard It Throught The Grapevine,Creedence Clearwater Revived,123.261,-8.491,610.01098,,,,,,,,,,,,
TRBCVBK128E07813EC,Rock The House (Radio Edit),Gorillaz,171.924,-7.173,183.53587,,,,,,,,,,,,
TRBCVFF128F4222C3C,Bystander (Album Version),unloco,145.717,-7.015,362.34404,,,,,,,,,,,,
TRBCVKB128F9331EC6,Old Man Rocking Chair,John Williams,67.458,-11.145,132.64934,,,,,,,,,,,,
TRBCVKD128F1473B98,Need To Belong To Someone,The Impressions,90.089,-8.671,236.69506,,,,,,,,,,,,
TRBCVKL128F92CE9EF,I Can't Stand It,Sam Baker,111.852,-14.849,144.74404,,,,,,,,,,,,
TRBCVOS128F92F037C,Fall River Legend: Conversation: Morton Gould/Agnes de Mille,Morton Gould,47.891,-32.874,1610.00444,,,,,,,,,,,,
TRBCVPA12903CEEB1F,One Little Baby,The Wilburns,117.492,-12.256,232.28036,,,,,,,,,,,,
TRBCVPD12903CECBE8,Bonnie Mae,Solas,140.09,-10.181,232.56771,,,,,,,,,,,,
TRBCVQL128F422572E,Light,Dann Huff,120.366,-13.716,160.73098,,,,,,,,,,,,
TRBCVVB128F92EB308,Les Femmes Des Autres,Jacques Dutronc,122.826,-8.669,189.85751,,,,,,,,,,,,
TRBCVWC128F4269F8B,Times Square,T Lavitz,118.183,-17.165,46.00118,,,,,,,,,,,,
TRBCVWC128F932F321,Macarena,Los Del Rio,206.376,-5.224,251.21914,,,,,,,,,,,,
TRBCVXB128F429C17A,Ain`t got nothing ( feat. David Banner & Eddy Soulo ),Samy Deluxe,111.253,-5.914,234.05669,,,,,,,,,,,,
TRBCWCQ128F92CDDA8,Conker The King,Robin Beanland/Dweezil Zappa/Nile Rodgers/Rabbit In The Moon,0,-14.707,131.65669,,,,,,,,,,,,
TRBCWCU12903CFB6A2,Why Can't You Be Mine,Jackie Wilson,180.054,-9.9,120.76363,,,,,,,,,,,,
TRBCWGM128F428D6FD,TRUE,Jim Reeves,91.632,-14.547,151.58812,,,,,,,,,,,,
TRBCWIA128F4220805,Sailing To The Edge Of The Earth,The Abominable Iron Sloth,66.275,-12.748,130.45506,,,,,,,,,,,,
TRBCWID12903CEDB3E,Butts n Stuff,Josh Mullins,89.093,-16.886,193.72363,,,,,,,,,,,,
TRBCWIN128F425ED85,Street Vibe,Jason Miles,84.623,-6.538,294.76526,,,,,,,,,,,,
TRBCWKZ128F42439D3,As The Terror Dances Your Way,The Capitol Years,114.95,-5.75,242.02404,,,,,,,,,,,,
TRBCWLD128F932AC6A,Believe,Danny Wright,149.682,-16.021,191.7122,,,,,,,,,,,,
TRBCWNH128F93103EE,Can You Hear Me,Enrique Iglesias,119.969,-4.704,234.81424,,,,,,,,,,,,
TRBCWOW128F1467692,Like A Dog,Long Beach Dub Allstars,93.317,-6.969,213.62893,,,,,,,,,,,,
TRBCWPC128F42438DF,Saturday Love,Alexander O'Neal,117.949,-8.326,301.45261,,,,,,,,,,,,
TRBCWQC12903CA45DE,How Can I,Jah Cure,160.655,-6.335,240.48281,,,,,,,,,,,,
TRBCWQL12903D01904,I'll Be Better,Cyndi Wang,131.981,-5.445,260.98893,,,,,,,,,,,,
TRBCWYB128F92E246A,Sweetest Maleficia (Album Version),Cradle Of Filth,160.102,-4.386,358.37342,,,,,,,,,,,,
TRBCWYJ128F93213A1,Easy To Lose Hope,Eleanor McEvoy,91.973,-8.192,353.04444,,,,,,,,,,,,
TRBCWZZ128F930EDB0,Jarabe De Pico,Pablo Montero,101.438,-8.622,202.34404,,,,,,,,,,,,
TRBCXDA128F426A86F,Etre Le Premier,Jean-Jacques Goldman,126,-8.069,237.50485,,,,,,,,,,,,
TRBCXDJ128F9310B9C,Road-Age at the Farmers Market,Population Reduction,127.151,-8.416,172.48608,,,,,,,,,,,,
TRBCXEL128F92D306F,L'antillais Donne,Francky Vincent,114.786,-6.6,261.74649,,,,,,,,,,,,
TRBCXHD128F4242055,Dayz Of Our Livez,Agency 1.9.9.4,90.216,-2.979,228.51873,,,,,,,,,,,,
TRBCXIX12903CE8449,It Ain't The Meat It's The Motion,Maria Muldaur,137.549,-5.959,180.87138,,,,,,,,,,,,
TRBCXLB128F4252906,Inner Chamber,Aeoliah,134.496,-25.163,233.45587,,,,,,,,,,,,
TRBCXLR12903CC1DC4,La Fluta Magica,Fajardo,121.423,-9.412,118.85669,,,,,,,,,,,,
TRBCXUS128F92C3B00,Hymne A L'Amour,Marcel Azzola,182.261,-16.301,285.41342,,,,,,,,,,,,
TRBCYAF12903CD6294,Aho,Meiway,92.979,-5.297,288.62649,,,,,,,,,,,,
TRBCYBP128F4244304,Problems,The Real Kids,156.645,-4.94,135.00036,,,,,,,,,,,,
TRBCYCI128F93417F5,I've Got The World On A String,Charlie Byrd Trio,108.998,-18.981,231.94077,,,,,,,,,,,,
TRBCYEC128F423A352,Performance (Remastered),Happy Mondays,109.205,-9.944,243.25179,,,,,,,,,,,,
TRBCYFO12903D11E5C,Rockin' At Midnight,Roy Brown,157.875,-9.107,163.83955,,,,,,,,,,,,
TRBCYFQ128F92F67DD,Know Thyself,Atom,137.903,-9.652,207.28118,,,,,,,,,,,,
TRBCYHR128EF36208A,Que Viva El Amor,Flor Silvestre,45.683,-9.15,122.06975,,,,,,,,,,,,
TRBCYIK12903CB93E7,The Last Song,The Fool'S Nose,85.762,-19.777,202.00444,,,,,,,,,,,,
TRBCYJG128F93283CB,Tocame,Gisselle,136.7,-3.628,243.61751,,,,,,,,,,,,
TRBCYJZ128F931426B,Anya,Marvin Hamlisch,76.738,-25.604,201.45587,,,,,,,,,,,,
TRBCYKH128F4241862,Grandma (Screwed & Chopped Version),Mike Jones,142.729,-7.932,364.77342,,,,,,,,,,,,
TRBCYNJ128F92C9707,Fairytale Land,Dora The Explorer,120.206,-4.367,65.82812,,,,,,,,,,,,
TRBCYNZ128F933ABF5,Heart it Races (Yacht's I Should Coco Mix),Architecture In Helsinki,220.181,-5.241,279.90159,,,,,,,,,,,,
TRBCYOI128F1455566,Crawlspace,Beastie Boys,108.013,-6.601,173.60934,,,,,,,,,,,,
TRBCYXD12903CC7609,Juno,Zuma,161.919,-7.662,735.60771,,,,,,,,,,,,
TRBCYXJ128F42873C3,Jolie Blon's Gone,Harry Choates,89.803,-11.87,177.78893,,,,,,,,,,,,
TRBCYYN128F4297CD5,En mis besos,Café Quijano,98.185,-10.41,215.2224,,,,,,,,,,,,
TRBCZBH128F93406DE,Centopéia,Hélio Ziskind,106.783,-12.418,110.78485,,,,,,,,,,,,
TRBCZJY12903CDA661,Dixième Commandement,Papa Wemba,123.157,-6.649,379.08853,,,,,,,,,,,,
TRBCZKX12903C9E64C,1969,Iggy And The Stooges,231.089,-8.943,220.78649,,,,,,,,,,,,
TRBCZXU128F424C431,Its Raining,Alternative TV,118.657,-10.905,229.92934,,,,,,,,,,,,
TRBDAID128F92E88C6,Bewitched_ Bothered & Bewildered,The Allies,72.777,-26.383,213.13261,,,,,,,,,,,,
TRBDANT128E0782452,Stumble,R.E.M.,153.833,-13.692,340.11383,,,,,,,,,,,,
TRBDAQB12903CBF3AE,Taking Over,Big Rich featuring Devo,86.612,-8.634,254.58893,,,,,,,,,,,,
TRBDAVU128F423814A,Till We Ain't Strangers Anymore,Bon Jovi,141.223,-6.182,318.09261,,,,,,,,,,,,
TRBDAVV128F426AA56,Reels: Old Joes / the Cliffs of Moher / the clips of mohair / the slightly less-well-informed maid,Dale Russ / Finn MacGinty,121.733,-5.617,261.85098,,,,,,,,,,,,
TRBDAXF128F92F6565,Die Slow,Sheek Louch,157.696,-4.592,64.65261,,,,,,,,,,,,
TRBDAYU128F9342A51,El Hombre De La Valija (Rock),Papp'os Blues,132.636,-15.713,418.45506,,,,,,,,,,,,
TRBDBDS128F4263E48,Please No More,The Cate Brothers,139.469,-11.992,287.11138,,,,,,,,,,,,
TRBDBDU128F424A04C,Armando,Renato Borghetti,170.732,-5.433,150.80444,,,,,,,,,,,,
TRBDBGX128F92F3BC9,Death Or Glory,The Clash,141.004,-13.083,227.57832,,,,,,,,,,,,
TRBDBIU128E0791595,Skit #2 (Kanye West/Late Registration),Kanye West,60.276,-12.352,31.37261,,,,,,,,,,,,
TRBDBJM128F1456D2D,Drum Machine Joy,MxPx,171.693,-5.316,215.24853,,,,,,,,,,,,
TRBDBJY128F93257C3,Walking The Cow (Hi How Are You),Daniel Johnston,95.385,-14.966,214.49098,,,,,,,,,,,,
TRBDBKZ128F425D023,The Wreckage Intro (Album Version),Throw The Fight,98.388,-16.853,23.87546,,,,,,,,,,,,
TRBDBOI128E07817D7,Queen Of The Hours (2001 Digital Remaster),Electric Light Orchestra,154.244,-10.782,205.40036,,,,,,,,,,,,
TRBDBRX128F92F6E19,I'm Just A Girl,Kofi,163.921,-7.278,177.21424,,,,,,,,,,,,
TRBDBUA128F42A0B01,Prijateljica,Donna Ares,87.006,-6.224,194.71628,,,,,,,,,,,,
TRBDBVM128F427BCC9,Phantoms In The Mirror,W.A.S.P.,116.815,-6.694,276.71465,,,,,,,,,,,,
TRBDBVP128F428EA51,Encouraged,John P. Kee,89.607,-3.842,301.26975,,,,,,,,,,,,
TRBDBWW128F426D386,Flat Earth Society (Album Version),Bad Religion,161.071,-6.393,141.19138,,,,,,,,,,,,
TRBDBXO128F42B3E45,Etre Une Femme,Nolwenn Leroy,81.689,-7.633,201.22077,,,,,,,,,,,,
TRBDCAB128F92F7EE4,Never Tell,The Primitives,99.752,-10.592,172.93016,,,,,,,,,,,,
TRBDCAH128EF362D31,Passin' Me By,The Pharcyde,69.573,-6.125,303.46404,,,,,,,,,,,,
TRBDCPM128F9331795,Chasing Monsters,John Wesley,147.932,-8.098,270.31465,,,,,,,,,,,,
TRBDCPY128F424C367,Night Beat,The Chico Hamilton Quintet,65.019,-17.169,140.19873,,,,,,,,,,,,
TRBDCRQ128F422C232,SPONT.AN,AUDIO.3,92.974,-10.03,241.44934,,,,,,,,,,,,
TRBDDCT12903CEF57E,Policias Y Ladrones,Pedro Garcia & His Del Prado Orchestra,125.802,-7.057,190.37995,,,,,,,,,,,,
TRBDDET12903CBD912,But You Are,Lauren Wood,119.057,-5.02,207.20281,,,,,,,,,,,,
TRBDDKF128F426BF7B,English House,Fleet Foxes,196.022,-10.67,281.18159,,,,,,,,,,,,
TRBDDMU128F9350474,Médium,Gustavo Cerati,196.429,-6.996,333.19138,,,,,,,,,,,,
TRBDDQF12903CB309A,Angeles,Elliot Smith,118.454,-14.832,175.82975,,,,,,,,,,,,
TRBDDRB12903D133C5,Hot Rod Lincoln,Asleep At The Wheel,123.401,-12.712,399.04608,,,,,,,,,,,,
TRBDDTD12903CA7AA9,My Tribute (to God Be The Glory),Andraé Crouch & Solid Gospel,107.371,-8.858,272.79628,,,,,,,,,,,,
TRBDDTT128F4291192,Pretty Smiles & Shattered Teeth,Soilent Green,175.781,-5.682,278.96118,,,,,,,,,,,,
TRBDEKV128F426BDAF,Kill Miss America (Album Version),Murderdolls,195.317,-4.063,147.51302,,,,,,,,,,,,
TRBDEMV12903CE48C6,Pa'lla pa'ca,Juan Carmona,91.479,-9.07,233.84771,,,,,,,,,,,,
TRBDENB128F42B7798,2 Glocks,Bone Thugs-N-Harmony,187.958,-5.827,266.05669,,,,,,,,,,,,
TRBDENV12903CC4FDA,Zavelow House (Album Version),Owsley,133.125,-4.23,221.77914,,,,,,,,,,,,
TRBDETQ128F14B0CDD,Gold Flames Of Angels,Human Disease,140.052,-6.066,190.79791,,,,,,,,,,,,
TRBDEXK128F9338916,Like A Star,Joe McBride,105.882,-13.896,309.39383,,,,,,,,,,,,
TRBDEXM128F4291A7F,Wanderlust,Baroness,162.019,-6.013,269.71383,,,,,,,,,,,,
TRBDFCT128F4285E05,Country Girl,Dottie West,87.192,-16.692,187.53261,,,,,,,,,,,,
TRBDFJX128F92C2847,The Murder Prologue,Steve Vai,169.654,-7.949,69.90322,,,,,,,,,,,,
TRBDFKG128F4263AAF,C.C. Ryder,Roy Buchanan,110.924,-8.701,365.71383,,,,,,,,,,,,
TRBDFLD128F92D076F,Ride On The Rhythm,Buckeye Politicians,123.69,-7.549,370.49424,,,,,,,,,,,,
TRBDFMM128F42A63D0,I.B.S. (Amended Album Version),Cam'Ron,189.294,-6.798,212.79302,,,,,,,,,,,,
TRBDFOR128F4275E16,Ay ! Mi Sombrero,Jo Privat,122.13,-7.417,122.72281,,,,,,,,,,,,
TRBDFPV128F42A072C,Moscow Nights,The Mustangs,85.538,-10.444,160.26077,,,,,,,,,,,,
TRBDFRL12903CFD5A1,Love Divine_ All Love Excelling,Russ Morgan,53.713,-18.339,138.03057,,,,,,,,,,,,
TRBDFUH128F14AE5E1,Prelude (Learing To Trust Album Version),David Meece,129.953,-23.637,34.08934,,,,,,,,,,,,
TRBDFUU128F92EF5BC,Execution,First Blood,160.589,-2.525,283.48036,,,,,,,,,,,,
TRBDFWV128F93027EE,Red is the Rose,Joe Heaney,35.604,-21.085,194.66404,,,,,,,,,,,,
TRBDGEW128F93333E0,Lonesome Road,Junior Kimbrough,92.32,-14.845,294.76526,,,,,,,,,,,,
TRBDGLL128F9343CD1,Electrasonic V,Los Fabulosos Cadillacs,118.776,-4.695,137.06404,,,,,,,,,,,,
TRBDGMD128F92DA76F,Shades Of Love,Tom Barabas,138.021,-13.25,336.66567,,,,,,,,,,,,
TRBDGMJ12903CCF69D,Finally (Album Version),T.G. Sheppard,118.198,-12.923,228.85832,,,,,,,,,,,,
TRBDGNU128E078A4AF,Que Vas A Hacer?,Daddy Yankee / May-Be,91.988,-6.331,199.47057,,,,,,,,,,,,
TRBDGOB12903CD8CB9,Slow Down,Carlton Livingston,90.59,-15.845,201.97832,,,,,,,,,,,,
TRBDGOX128F428E2B9,36 Grad (Paul van Dyk's Vandit Clubmix),2raumwohnung,134.033,-8.213,449.38404,,,,,,,,,,,,
TRBDGQU128F146607A,Born To Run,Suzi Quatro,131.568,-5.308,301.21751,,,,,,,,,,,,
TRBDGRE128F92EF768,This is My Year,Mac Dre,170.029,-10.882,256.83546,,,,,,,,,,,,
TRBDGRO12903CADCF8,Soleariyas,Juan Carmona,110.361,-13.486,338.96444,,,,,,,,,,,,
TRBDGRU128F934D684,Il a suffit d'une chanson d'amour,Christian adam,139.315,-11.667,163.5522,,,,,,,,,,,,
TRBDGSN128F4233EB8,Gamilia Patinada,Nikos Kalaintzis,154.099,-15.279,141.34812,,,,,,,,,,,,
TRBDGXH128F92E1661,I'm So Bored With The U.S.A.,The Clash,203.944,-8.331,140.77342,,,,,,,,,,,,
TRBDHCG128F4267BB6,Mi Ni Yu Wo,Denise Ho,147.97,-2.572,239.41179,,,,,,,,,,,,
TRBDHDP128F422931B,If Money Talks,Jason & The Scorchers,175.945,-3.471,154.8273,,,,,,,,,,,,
TRBDHEO128F4268697,Yi Ji Ji Zhong,Cookies,84.977,-7.759,200.41098,,,,,,,,,,,,
TRBDHKL128F426BE45,Good Girl Gone Bad,Rihanna,94.987,-6.146,213.26322,,,,,,,,,,,,
TRBDHMR128F92F24C3,Hard To Admit,Jessie Lee Miller,125.217,-15.344,142.21016,,,,,,,,,,,,
TRBDHQD128F421E9B0,I Must Tell Somebody,Daywind Studio Musicians,129.956,-12.911,219.48036,,,,,,,,,,,,
TRBDHQV128F4229B78,Laurie And Martin,Max Steiner,64.798,-15.993,51.48689,,,,,,,,,,,,
TRBDHSQ128F933E21F,Shine For Jesus,Sister Rosetta Tharpe,97.519,-21.623,116.45342,,,,,,,,,,,,
TRBDHSQ12903CDB3E8,Rollin' and Tumblin',R.L. Burnside,107.601,-10.426,196.88444,,,,,,,,,,,,
TRBDHUD128F934B032,He's Waitin',DMZ,156.616,-8.007,178.96444,,,,,,,,,,,,
TRBDHUE128F9317991,Evening Prayer,Don Gibson,95.389,-19.002,148.06159,,,,,,,,,,,,
TRBDHUR128F423EC48,Sweet Lover Hangover,Love and Rockets,97.036,-9.356,311.19628,,,,,,,,,,,,
TRBDHYG12903CE49CC,Gay Ranchero,The Mystic Moods Orchestra,124.508,-21.437,147.33016,,,,,,,,,,,,
TRBDHZE12903CAACBF,Thank You For Calling,Billy Walker,78.902,-32.887,133.56363,,,,,,,,,,,,
TRBDHZH128F932F55D,Sample Track 11,Simon Harris,114.169,-15.787,187.16689,,,,,,,,,,,,
TRBDIBC12903CE95C2,Christina The Astonishing (2010 Digital Remaster),Nick Cave & The Bad Seeds,109.857,-15.456,290.95138,,,,,,,,,,,,
TRBDIEV128F147097A,Hello,LL Cool J / Amil,184.15,-3.952,232.14975,,,,,,,,,,,,
TRBDIEV128F426639A,Ja Soc Aqui,Gato Perez,178.471,-11.961,274.85995,,,,,,,,,,,,
TRBDIKL128F42649B0,Nada De Ti,Eddie Palmieri,127.749,-11.876,392.85506,,,,,,,,,,,,
TRBDILQ128F4286CC3,Everything Good (Everything Good Version),Gaither Vocal Band,122.015,-5.564,200.14975,,,,,,,,,,,,
TRBDIMX128F147A307,Puzzle of Hearts,Sergio Mendes,103.177,-13.935,322.11546,,,,,,,,,,,,
TRBDIOP128EF35F99C,Sweetest Goodbye,Maroon 5,164.049,-6.247,270.70649,,,,,,,,,,,,
TRBDIPI128F4279185,Aunque Mañana No Estes,Juan Carlos Baglietto,99.352,-15.716,182.41261,,,,,,,,,,,,
TRBDISR128F423E194,Vodne stocne,Krystof,156.107,-7.546,252.57751,,,,,,,,,,,,
TRBDITJ128F145998C,Did Ya Say That,GZA/The Genius,104.013,-5.928,237.34812,,,,,,,,,,,,
TRBDITK128F931B9A7,Streets On Fire,Vivian,101.139,-6.859,229.61587,,,,,,,,,,,,
TRBDIZG12903CD68A3,After One Quarter Of A Revolution,Every Time I Die,114.638,-3.988,124.13342,,,,,,,,,,,,
TRBDJAE12903CAD5EC,Doctrines,Arthur Fiedler,95.234,-17.73,496.1171,,,,,,,,,,,,
TRBDJGV12903D0139B,Peter Pan (j'veux pas être jeune) [feat. Les Pistons Flingueurs],Nicolas Bacchus,143.061,-7.929,178.15465,,,,,,,,,,,,
TRBDJHF128EF35793D,Butterflies,Poptart Monkeys,119.991,-6.005,212.32281,,,,,,,,,,,,
TRBDJNF12903CE6967,The Key,Melissa Auf der Maur,121.983,-6.413,232.6722,,,,,,,,,,,,
TRBDJNN12903D05054,Dog Tagged,Kill The Client,138.207,-2.541,57.18159,,,,,,,,,,,,
TRBDJNO128F9308DA0,Wagoner's Lad,John Sebastian,158.429,-13.247,225.14893,,,,,,,,,,,,
TRBDJTR128F42A6A28,Baby Momma (Chopped & Screwed Version),Lil Boosie & Webbie,130.103,-10.069,354.16771,,,,,,,,,,,,
TRBDJUQ128F148C4A5,Games That Lovers Play,James Last,167.832,-13.382,260.12689,,,,,,,,,,,,
TRBDJUT128F9352FB1,5 Foot 1,Iggy Pop,87.679,-11.44,300.77342,,,,,,,,,,,,
TRBDJWK128F92F355D,Fang Bu Sheng Fang,Eason Chan,72.882,-12.034,275.59138,,,,,,,,,,,,
TRBDJWO128F427218D,Guajira Y Ven,Willie Colon,128.444,-7.818,250.06975,,,,,,,,,,,,
TRBDKBF128F92C7680,born again,Endres,127.985,-7.342,154.01751,,,,,,,,,,,,
TRBDKBK128EF353211,What a Friend We Have in Jesus,Bill Murk,117.858,-10.886,402.96444,,,,,,,,,,,,
TRBDKFP128F4243502,Love Goes Down (Part Deux),Annie Minogue Band,168.027,-10.962,217.88689,,,,,,,,,,,,
TRBDKOV128F4290943,Sally Can't Dance,Lou Reed,154.038,-10.906,211.66975,,,,,,,,,,,,
TRBDKQI128F1465028,Nothing To You,Milk Inc.,140.017,-7.597,202.10893,,,,,,,,,,,,
TRBDKQX12903CAE132,Lero Do Bolero,Nana Caymmi,110.411,-10.449,188.65587,,,,,,,,,,,,
TRBDKRV128F930C16C,Peigin is Peadar,Joe Heaney,102.649,-18.184,147.43465,,,,,,,,,,,,
TRBDKVO128F4225656,World Wind,J-MACK,180.253,-11.594,231.81016,,,,,,,,,,,,
TRBDLAT128F92CB320,Take Five - Live,Hound Dog Taylor and The Houserockers,176.121,-11.954,173.89669,,,,,,,,,,,,
TRBDLDS128F429C171,Sam und Bo_ N.E.O.,Samy Deluxe,114.072,-6.08,247.01342,,,,,,,,,,,,
TRBDLIB128F9338167,Kindhearted Woman Blues,Robert Lockwood_ Jr.,99.701,-13.158,162.45506,,,,,,,,,,,,
TRBDLLL128F9331D6E,Gun Shot,Akon,125.228,-10.796,175.20281,,,,,,,,,,,,
TRBDLRT128F4296B2F,Dying To Stay,Alias,111.67,-6.192,310.72608,,,,,,,,,,,,
TRBDLXE128F9310E95,"Beneath The Valley Of The Underdog (Album Version + Hidden Track ""Talkin' Randy Tate's..."")",Mudhoney,131.642,-6.591,519.13098,,,,,,,,,,,,
TRBDLXL128F4239ED3,Watchie Watchie,George Nooks,168.121,-9.118,211.66975,,,,,,,,,,,,
TRBDMAU128F935960B,Superman,Donna Fargo,202.358,-9.838,149.62893,,,,,,,,,,,,
TRBDMBY12903CE84AF,Fly Again (The Scumfrog Radio Edit),Kristine W.,131.909,-4.554,239.80363,,,,,,,,,,,,
TRBDMCC128F9358267,The Everclear Song,Roger Creager,115.304,-11.084,239.20281,,,,,,,,,,,,
TRBDMDS128F930B8F1,Streamline,System of a Down,130.867,-3.955,217.59955,,,,,,,,,,,,
TRBDMFL128F145F691,El Chico Del Apartamento 512,Selena,101.947,-4.8,207.93424,,,,,,,,,,,,
TRBDMIN128F147FCBB,One More Night,Phil Collins,136.32,-11.341,285.98812,,,,,,,,,,,,
TRBDMJK128F4221E31,Desperados,The Game,74.697,-4.762,264.09751,,,,,,,,,,,,
TRBDMJP128F146E512,Bang,Badmarsh & Shri,87.327,-6.715,263.31383,,,,,,,,,,,,
TRBDMNQ128F92DE877,Cumha Eoghain Rua Ui Neill (Lament For Owen Roe),Clannad,96.683,-18.969,249.5473,,,,,,,,,,,,
TRBDMRW128F933A391,Todas Las Cosas Que Ella Me Dió,Los Fabulosos Cadillacs,161.176,-10.768,219.68934,,,,,,,,,,,,
TRBDMVQ128F9327FBD,Going Back To New Orleans,Poncho Sanchez,198.855,-7.151,282.20036,,,,,,,,,,,,
TRBDMWS128F423A021,Coyotes (Album Version),Jason Mraz,133.3,-8.485,218.22649,,,,,,,,,,,,
TRBDMWS12903D11F36,No Se Lo Que Me Da,Los Iracundos,115.616,-6.856,159.08526,,,,,,,,,,,,
TRBDMZP128F93499E4,Ice Cream Man,Session Americana,141.872,-8.761,210.31138,,,,,,,,,,,,
TRBDNDG128E0782EDC,She Blinded Me With Science,Thomas Dolby,128.646,-10.826,223.45098,,,,,,,,,,,,
TRBDNDQ128F42515E6,Rock Me Baby,Freddie King,102.785,-13.19,304.50893,,,,,,,,,,,,
TRBDNDV12903CE9E28,Freak it all Night,DJ Guy,146.976,-8.202,237.08689,,,,,,,,,,,,
TRBDNDX128EF34C722,Bill Lynch,Jerry Lewis,145.333,-21.969,446.37995,,,,,,,,,,,,
TRBDNGV128EF3431B5,Watching You,Ayo,117.495,-15.606,232.28036,,,,,,,,,,,,
TRBDNGV128F42895AE,What's He Doin' In My World,Eddy Arnold,102.151,-11.863,128.96608,,,,,,,,,,,,
TRBDNHC128F933788E,La Rivière De Ton Dos,Jacques Douai,91.302,-17.944,115.51302,,,,,,,,,,,,
TRBDNIZ128E0781CCF,Seven Days Too Long,Dexy's Midnight Runners,151.123,-7.749,157.75302,,,,,,,,,,,,
TRBDNKA128F9306B3C,Coleman's No. 1 / Ton Double Fisel / Kiely Cotter's / How We Spent the Christmas,Moving Cloud,170.61,-14.466,251.92444,,,,,,,,,,,,
TRBDNNW12903CAFCE1,Speaker Problems,Johnny Vicious,131.525,-25.822,27.16689,,,,,,,,,,,,
TRBDNNY128F147C34C,Chain (Album Version),The Fire Theft,137.614,-6.137,223.37261,,,,,,,,,,,,
TRBDNQI128F42831EE,Hiekkaa (polvere),Tulipunaruusut,116.298,-7.337,224.46975,,,,,,,,,,,,
TRBDNSH12903C924BF,Let's Roll (Take 1),J.B.Lenoir,150.59,-15.647,169.22077,,,,,,,,,,,,
TRBDNWG12903CC3873,Satellite Of Love (Album Version),Porno For Pyros,151.741,-8.961,223.05914,,,,,,,,,,,,
TRBDNXF12903D07824,For Anything,Vanessa Daou,102.006,-13.949,179.93098,,,,,,,,,,,,
TRBDNZI128F14A9065,Zig-Zag Walk,Foghat,132.159,-7.792,208.66567,,,,,,,,,,,,
TRBDOAR128F42618B7,Mopao,Africando All Stars,167.677,-8.04,274.25914,,,,,,,,,,,,
TRBDOBL128F933B262,Peanuts (The Peanut Vendor),Fania All Stars,93.373,-9.183,294.55628,,,,,,,,,,,,
TRBDODQ128F423A780,Go Baby (feat GemStones) (Explicit Album Version),Lupe Fiasco feat. GemStones,200.114,-5.721,216.60689,,,,,,,,,,,,
TRBDOEI128F9329AE5,Cuento De La Buena Pipa,Las Niñas,115.584,-7.008,217.62567,,,,,,,,,,,,
TRBDOEW128F1452A7B,Angry Young Men (LP Version),Randy Stonehill,137.113,-13.538,215.2224,,,,,,,,,,,,
TRBDOFA128F427C09D,Anytime You Need A Friend,Mariah Carey,121.884,-7.863,652.40771,,,,,,,,,,,,
TRBDOGI128F4252243,Broderskapets ring,Dimmu Borgir,90.438,-4.747,331.04934,,,,,,,,,,,,
TRBDOGK128F42372FD,Rock And Roll (Could Never Hip Hop Like This) Part 2 featuring Lord Finesse_ Mike Shonoda_ Chester Bennington_ Rahzel_ Qbert_ Grand Wizard Theodore & Jazzy Jay (Instrumental),Handsome Boy Modeling School,118.241,-10.498,384.70485,,,,,,,,,,,,
TRBDOMM12903CA0A9B,Completeness,Minnie Riperton,109.474,-11.799,212.13995,,,,,,,,,,,,
TRBDOOA12903D06D87,"Perk trip - sleeping in ""tubes",Jeanne Robertson,58.47,-12.33,486.42567,,,,,,,,,,,,
TRBDOPG128F425EA69,Dasotmori Live,Megadrums,122.148,-26.514,136.30649,,,,,,,,,,,,
TRBDOQA12903CD9C2C,The Wickedness,Paul Glazby,147,-7.956,517.56363,,,,,,,,,,,,
TRBDOTZ128F422A961,Right here Waiting,Lightforce,140.026,-11.018,397.26975,,,,,,,,,,,,
TRBDOUZ128F427B43D,God Is The Answer (Footprints In The Sand Album Version),Cristy Lane,108.895,-10.644,99.10812,,,,,,,,,,,,
TRBDOUZ128F9331438,Si Lu,Candy Lo,111.28,-12.382,225.77587,,,,,,,,,,,,
TRBDOVF128E0795641,Baby Boy [feat. Beyonce],Sean Paul,91.099,-7.663,245.34159,,,,,,,,,,,,
TRBDOXZ128F93420F3,Ça c'est Paris,Jacques Ferchit,125.163,-8.511,157.09995,,,,,,,,,,,,
TRBDPAB12903C956A5,Watch This Sounds,Jimmy Riley,143.854,-6.295,239.90812,,,,,,,,,,,,
TRBDPAO12903CACA04,Min Aporis,Antonis Remos,127.814,-8.145,253.23057,,,,,,,,,,,,
TRBDPDP128F92E58C9,Teeny Weeny String Bikini,Gunther & the Sunshine Girls,131.991,-3.33,240.40444,,,,,,,,,,,,
TRBDPDV128F427A1E0,Sarambeque,Charlie Byrd / Carlos Barbosa-Lima / Carlos Barbosa-Lima,182.672,-15.872,152.34567,,,,,,,,,,,,
TRBDPHP128F92C2AE1,J'Suis Dans La Dêche,Patrick Bruel,48.385,-16.176,258.5073,,,,,,,,,,,,
TRBDPHY128F4218493,Resurrection,Eddie Turner,89.984,-5.804,146.1024,,,,,,,,,,,,
TRBDPOI128F42A9A72,Poema,André Verchuren,117.665,-15.167,167.02649,,,,,,,,,,,,
TRBDPRV128F9306A7E,Quítate La Ropa,Los Delinqüentes,146.64,-3.853,192.1824,,,,,,,,,,,,
TRBDPSN128F4283509,Mozart In Samba Motion,Laurindo Almeida,182.393,-20.767,234.16118,,,,,,,,,,,,
TRBDPSO128F930C771,Lock The Door / Get Up Old Woman And Shake Yourself / What Ail's You? - (single jig),Seamus Egan,91.691,-12.686,275.27791,,,,,,,,,,,,
TRBDQAX12903CFD642,Do You Ever Think Of Me,Russ Morgan,84.818,-11.658,149.002,,,,,,,,,,,,
TRBDQHA128F426EB28,Perfect Peace,Twila Paris,101.998,-11.051,202.70975,,,,,,,,,,,,
TRBDQIR12903CF0C9C,Half Ain't Been Told,Otis Spann,113.838,-15.029,283.29751,,,,,,,,,,,,
TRBDQLL128E078B757,Ten Days (Album Version),Missy Higgins,92.761,-7.041,225.14893,,,,,,,,,,,,
TRBDQUF128F42AE54C,Rang De Basanti,Daler Mehndi;Chitra,105.026,-7.403,363.80689,,,,,,,,,,,,
TRBDQUL128F14933F1,The Blinding Sun,Gustavo Santaolalla,90.463,-13.505,117.18485,,,,,,,,,,,,
TRBDQVN128F425CF6D,Machuca,Cabas,106.361,-6.359,284.31628,,,,,,,,,,,,
TRBDQYQ128F93214CB,Einmal reich,UKW,162.006,-7.066,249.57342,,,,,,,,,,,,
TRBDRBO128F9313A38,Love N' Gold,C.C. Adcock,162.016,-5.521,272.95302,,,,,,,,,,,,
TRBDRBR128F424D5B6,Where I Stood [Live],Missy Higgins,142.968,-6.923,255.34649,,,,,,,,,,,,
TRBDRCA128F9321DD9,Simon,Jericho,96.261,-12.532,223.92118,,,,,,,,,,,,
TRBDRCG12903CAEAEC,Juke It Down,DJ Rashad,160.05,-6.776,289.27955,,,,,,,,,,,,
TRBDRCK128F92F738B,Grial II,TYR,149.234,-6.342,293.38077,,,,,,,,,,,,
TRBDREO128F427F114,Over And Over,Heavenly,174.395,-11.429,206.18404,,,,,,,,,,,,
TRBDRFM128F9301DAD,The Question Is (Album Version),The Winans,110.123,-9.947,277.83791,,,,,,,,,,,,
TRBDRHL128F1474BBC,Army Of One,Cass Fox,89.481,-5.415,254.30159,,,,,,,,,,,,
TRBDRIN128F9308ABF,Todo A Pulmón,Alejandro Lerner,128.48,-11.947,267.31057,,,,,,,,,,,,
TRBDRIR128F4241358,Cosmic Forge (LP Version),Daath,123.033,-2.818,267.78077,,,,,,,,,,,,
TRBDRIT128F42929A1,Get A Hold,A Tribe Called Quest,95.192,-8.089,215.27465,,,,,,,,,,,,
TRBDROB128F93093CA,Bancate Ese Defecto,Charly García,89.095,-15.309,300.14649,,,,,,,,,,,,
TRBDRSG128F92D2583,From Ivory Towers Above The Control Grid,Kalibas,93.507,-6.035,164.20526,,,,,,,,,,,,
TRBDRTN12903D021D9,Lullaby For The Summer,Jimi Hendrix,86.104,-7.048,228.91057,,,,,,,,,,,,
TRBDRUE12903CD596D,Disposition (feat. Jest),Vex'd,142.212,-7.8,243.25179,,,,,,,,,,,,
TRBDSDF12903CAF042,Hood Figga Juke,DJ Rashad featuring DJ Chi Boogie,154.995,-1.827,150.7522,,,,,,,,,,,,
TRBDSFL128F4281D0B,Kurrajong,David Hudson,63.087,-15.279,137.89995,,,,,,,,,,,,
TRBDSFP128E07937B9,Hunger Strike,Temple Of The Dog,137.937,-10.847,243.9571,,,,,,,,,,,,
TRBDSGK128F92F2C59,In This Skin,Jessica Simpson,95.103,-4.964,258.76853,,,,,,,,,,,,
TRBDSLA128F4288246,Best Friend,Toni Braxton,123.755,-9.272,267.2322,,,,,,,,,,,,
TRBDSNM128F930A19E,M 14,Derek Bailey,61.305,-13.278,237.53098,,,,,,,,,,,,
TRBDSPH12903CA2967,Eric,The Monroes,145.941,-5.048,260.0224,,,,,,,,,,,,
TRBDSPX12903CFA94C,Sellotape Flowers,Geiom,119.901,-16.691,365.60934,,,,,,,,,,,,
TRBDSQE128E079325F,I Am The Walrus,Spooky Tooth / Mike Harrison,134.804,-9.947,384.7571,,,,,,,,,,,,
TRBDSQS128F930371C,I Wont Let You Back In,California Oranges,122.015,-7.192,216.58077,,,,,,,,,,,,
TRBDSUH128F9312296,Mari Mouri (Mary Has Died),Steve Riley & The Mamou Playboys,93.292,-9.124,241.65832,,,,,,,,,,,,
TRBDSWA128F92FE70A,On The Other Hand (Album Version),Randy Travis,95.866,-10.047,186.3571,,,,,,,,,,,,
TRBDSXN128F4293DA9,Pub Pusher,Republica,137.953,-3.653,264.22812,,,,,,,,,,,,
TRBDSXV128F92F5B43,I'm Walking,Donnie McClurkin,230.041,-4.996,318.82404,,,,,,,,,,,,
TRBDTEG128F4265CC9,Trouble,Bruce Robison,79.606,-14.32,184.05832,,,,,,,,,,,,
TRBDTFI12903CFC3F1,Desert Caravan,Oscar Lima,121.739,-10.6,230.3473,,,,,,,,,,,,
TRBDTGV128F934BD84,Born Again,The Freedom,108.634,-6.766,257.82812,,,,,,,,,,,,
TRBDTNY128F9327A10,Take The Time,Bad Company,131.564,-8.885,253.02159,,,,,,,,,,,,
TRBDTWR128F149E9B7,Les Forains,Richard Galliano,98.987,-12.7,190.74567,,,,,,,,,,,,
TRBDTXD12903CE7192,Sunset In Akkarai,Desert Dwellers,180.009,-9.457,194.76853,,,,,,,,,,,,
TRBDTZX128F92DFA66,Don't Stop,Jars Of Clay,127.969,-6.103,223.89506,,,,,,,,,,,,
TRBDUAQ128F427154D,Joaquin Torres Jr.,Los Originales De San Juan,103.02,-7.658,250.48771,,,,,,,,,,,,
TRBDUAZ128F92D718A,Flame On,Big Daddy Kane,98.011,-9.248,190.82404,,,,,,,,,,,,
TRBDUKK128F4241E90,Alchemy Index Vol 1  Water 1 of 6,Thrice,125.604,-11.607,224.28689,,,,,,,,,,,,
TRBDUMD128F9327534,C'est Toujours la Même Histoire,Martha Wainwright,82.124,-11.574,287.08526,,,,,,,,,,,,
TRBDUPX128F932C89B,Ricerca nell' isola,Piero Umiliani,88.49,-22.083,150.17751,,,,,,,,,,,,
TRBDUSM128F9339A13,Let Me Out,Maximilian Hecker,65.941,-12.397,295.60118,,,,,,,,,,,,
TRBDUUD128F930723F,Great Is Thy Faithfulness,Kathy Troccoli,90.854,-17.424,186.69669,,,,,,,,,,,,
TRBDUWE128EF3583EA,Cool People Make Me Tired,Williamson,140.003,-10.38,223.81669,,,,,,,,,,,,
TRBDUXD128F148328A,Velvet,Fergie,150.003,-6.229,293.19791,,,,,,,,,,,,
TRBDUXF128F4232689,Paragon Rag  (LP Version),Joshua Rifkin,158.569,-25.342,229.53751,,,,,,,,,,,,
TRBDUYE12903CB246F,Eagle Eye,Bottom Of The Hudson,74.481,-6.054,279.90159,,,,,,,,,,,,
TRBDVBK128F4263798,Voucher,Janitor Joe,66.932,-12.663,122.72281,,,,,,,,,,,,
TRBDVCW128F427C875,Intro,A-Mei,120.232,-12.015,71.88853,,,,,,,,,,,,
TRBDVFB128F9339FCC,Chowbay,Roy Buchanan,77.806,-14.84,179.93098,,,,,,,,,,,,
TRBDVJF128E078894B,Soot and Stars,The Smashing Pumpkins,66.41,-9.272,399.98649,,,,,,,,,,,,
TRBDVLN128E078C6FB,Future/Now (LP Version),MC5,171.944,-11.996,381.30893,,,,,,,,,,,,
TRBDVPR128F9313EF3,Piney Brown (K.C.),Joe Turner / Pee Wee Crayton / Sonny Stitt,105.142,-14.8,459.93751,,,,,,,,,,,,
TRBDVTP12903CD152B,Jah Keep Us There,Rising Lion,105.027,-11.599,258.2722,,,,,,,,,,,,
TRBDVVN128F4285CC6,Eimsbush bis 0711,Dynamite Deluxe,152.343,-7.132,152.92036,,,,,,,,,,,,
TRBDVVT128F4279D11,Carry The Weight,Xzibit,90.998,-11.672,252.99546,,,,,,,,,,,,
TRBDVWE128F92F930A,Cupareree or Graysinn,Les Witches,39.899,-19.345,162.61179,,,,,,,,,,,,
TRBDVZL128F92F579F,Pretty Please Me,Dickies,94,-9.181,216.94649,,,,,,,,,,,,
TRBDWBW128F932C973,Try And Stop Me,The Creation,134.021,-9.877,147.69587,,,,,,,,,,,,
TRBDWCU128F4223233,Las Muchachas,Sonora Carruseles,54.192,-5.579,297.79546,,,,,,,,,,,,
TRBDWDQ128F1455787,Here Without You,3 Doors Down,143.699,-6.348,232.07138,,,,,,,,,,,,
TRBDWEU128F42660FF,The Beginning of the Partnership,Nick Ingman;Gavyn Wright,137.465,-14.77,120.94649,,,,,,,,,,,,
TRBDWJW128F145B1C0,Umbrellas Of Cherbourg,Manuel & The Music Of The Mountains,130.422,-12.948,158.14485,,,,,,,,,,,,
TRBDWLE128F42B3112,This One's For You,Barry Manilow,123.438,-8.852,209.13587,,,,,,,,,,,,
TRBDWMK12903CED145,Passion,Paris Musette,222.916,-7.115,132.07465,,,,,,,,,,,,
TRBDWND128F9310537,Dans le calme de la nuit,Kali,120.406,-6.513,240.45669,,,,,,,,,,,,
TRBDWRY128F427991E,Tin Pan Alley (aka Roughest Place In Town),Stevie Ray Vaughan And Double Trouble,113.447,-17.293,551.91465,,,,,,,,,,,,
TRBDWTJ128F9358452,Cool Water,Gene Autry,114.805,-14.874,153.36444,,,,,,,,,,,,
TRBDWXK128F930E6DD,Dig Up,Cindy Morgan,108.941,-5.267,217.83465,,,,,,,,,,,,
TRBDXDO128F14A1CD1,The Big Stall,Theodore Shapiro,124.894,-15.409,82.31138,,,,,,,,,,,,
TRBDXIM128F427ABDA,Heaven Can Wait,Michael Jackson,117.362,-3.573,289.38404,,,,,,,,,,,,
TRBDXIX128F93256CB,Follow The Light (Radio Edit),Sub Focus,86.991,-7.016,214.83057,,,,,,,,,,,,
TRBDXKI128F9325211,Dissidents (The Search For Truth Part 1) (2009 Digital Remaster),Thomas Dolby,69.114,-12.948,437.31546,,,,,,,,,,,,
TRBDXLZ12903CC8988,Noises,Taal,219.569,-38.148,17.73669,,,,,,,,,,,,
TRBDXOD128F422C47B,Carta De Amor,Egberto Gismonti,0,-29.106,1.2273,,,,,,,,,,,,
TRBDXOG128F427031F,Yo Mouth (Skit),Tha Liks,156.021,-11.443,33.09669,,,,,,,,,,,,
TRBDXQL128F424392E,Sweet Suffering Christ,Margaret Becker,110.828,-16.69,242.12853,,,,,,,,,,,,
TRBDXVN128F42334DD,When Disaster Strikes (Explicit LP Version),Busta Rhymes,100.44,-8.165,205.00853,,,,,,,,,,,,
TRBDYAC128F4249498,Just Look At the Blessing,True Believers,97.979,-5.997,258.0371,,,,,,,,,,,,
TRBDYDF128F92DF9F2,Apisti,Christos Dantis,98.063,-12.908,168.51546,,,,,,,,,,,,
TRBDYEF128F423DC43,You Never Cry Like A Lover (LP Version),Eagles,90.719,-9.328,240.97914,,,,,,,,,,,,
TRBDYEJ128F9320633,Crazy Rhythm,Hank Penny,107.675,-15.812,117.75955,,,,,,,,,,,,
TRBDYFY128F93330AA,If That's True,Esperanza Spalding / Leo Genovese,106.187,-12.242,451.29098,,,,,,,,,,,,
TRBDYHX128F14ADE2B,Softly And Tenderly,Josh Turner,108.013,-14.292,215.61424,,,,,,,,,,,,
TRBDYIC128F92F1D17,CB4,Slum Village,94.653,-4.805,225.48853,,,,,,,,,,,,
TRBDYIF128F4294F19,Concerto No.3 In D: Allegro,Francis Lai,96.474,-13.921,155.16689,,,,,,,,,,,,
TRBDYKO128F423829E,Cero Codazos,Johnny Pacheco,116.045,-14.02,152.31955,,,,,,,,,,,,
TRBDYNW128F425E6BE,Rockout_ Whatever You Feel Like,Cactus,140.496,-5.7,240.3522,,,,,,,,,,,,
TRBDYOL128F4278838,The Rover (Takao Tajima Remix),Original Love,93.068,-9.423,345.7824,,,,,,,,,,,,
TRBDYTE128F931F2F0,Beachport,Click / Click_ M_Ferri,126.019,-10.665,451.49995,,,,,,,,,,,,
TRBDYYN128F92F383F,Got To Give It Up,James Taylor Quartet,84.186,-5.121,198.3473,,,,,,,,,,,,
TRBDZBH12903CE85E4,Winter In Finland,Moss,119.947,-7.736,206.57587,,,,,,,,,,,,
TRBDZES128F424080B,Azul Contente,Luciana Souza,161.191,-24.424,259.23873,,,,,,,,,,,,
TRBDZPG128F9355D41,Tras La Reja,Orquesta Sublime,118.656,-4.395,184.00608,,,,,,,,,,,,
TRBDZSK128F92F8E05,Work Hard,Luciano,75.017,-6.32,215.53587,,,,,,,,,,,,
TRBDZVP12903CC0089,Won't Be Long,Rakim feat. Tracey Horton,168,-6.342,291.97016,,,,,,,,,,,,
TRBEACH128EF341C45,So Not Over You (Motivo-Pop Lectro Mix),Simply Red,190.01,-8.589,302.49751,,,,,,,,,,,,
TRBEADA128F1455D45,Yodelling Mad (2002 Digital Remaster),Frank Ifield,123.825,-11.441,163.60444,,,,,,,,,,,,
TRBEAJB128F4214A06,Show Me The Way,Mix Mob,187.284,-7.347,194.7424,,,,,,,,,,,,
TRBEAMO128F425B75F,Cruz,Christina Aguilera,139.629,-5.426,229.53751,,,,,,,,,,,,
TRBEAOU128E0798350,Castillos Y Sueños,Las Niñas,112.006,-8.794,183.48363,,,,,,,,,,,,
TRBEARH128F422A535,Valium,Vincenzo,124.05,-15.037,439.17016,,,,,,,,,,,,
TRBEATE128E078F0D8,Only Lonely,Bon Jovi,120.72,-4.621,302.28853,,,,,,,,,,,,
TRBEATF128F9309E63,Afonsina y el mar,Triana Pura,221.796,-7.742,252.9171,,,,,,,,,,,,
TRBEAWP128F422B4D1,Happy Mother's Day,Casiotone For The Painfully Alone,72.685,-11.088,47.46404,,,,,,,,,,,,
TRBEAXM12903CC63F5,Lieder_ Die Uns Ein Leben Lang Begleiten,Maria & Margot Hellwig/Die Garmischer Alpenjäger,109.601,-7.753,202.52689,,,,,,,,,,,,
TRBEAXZ128F424347B,Take a Ride,Frost,91.988,-5.464,216.99873,,,,,,,,,,,,
TRBEAYH12903CBC75F,All The Lessons,Melanie And The Secret Army,110.459,-2.644,186.14812,,,,,,,,,,,,
TRBEAZN128F14858B3,C'est Toujours Le Matin,Cali,189.859,-10.893,210.18077,,,,,,,,,,,,
TRBEBAS128F92EAC23,People Never Give Up,Curtis Mayfield,106.507,-10.347,348.60363,,,,,,,,,,,,
TRBEBEZ128E0792F08,Let Him Fly,Patty Griffin,111.829,-9.316,191.39873,,,,,,,,,,,,
TRBEBFU128F14971BD,Roadhouse Blues (Live In Detroit) (LP Version),The Doors,131.013,-9.053,403.61751,,,,,,,,,,,,
TRBEBNV128F423783D,Going Down,The Germs,115.763,-8.889,111.49016,,,,,,,,,,,,
TRBEBTR128F932CD6B,The Cat Came Back,Laurie Berkner,139.628,-10.62,167.00036,,,,,,,,,,,,
TRBEBUU128F92C945D,Hiroshima,Utopia,106.307,-20.101,449.2273,,,,,,,,,,,,
TRBEBVZ128F425A660,The Bottom Line,Rick Astley,174.059,-14.989,317.83138,,,,,,,,,,,,
TRBEBWG128F93214A4,Outside,Mariah Carey,109.253,-8.204,286.30159,,,,,,,,,,,,
TRBEBWN128F933D21F,It'll All Come Around (Album Version),Back Door Slam,123.382,-5.564,236.87791,,,,,,,,,,,,
TRBEBYV128F14A0B65,Marrakech,ATB,132.998,-6.4,262.21669,,,,,,,,,,,,
TRBECAL128F4270F27,The Way,Saigon Kick,58.387,-12.157,368.1171,,,,,,,,,,,,
TRBECBM128F426AA34,She's All I Ever Had,Ricky Martin,161.868,-5.676,295.33995,,,,,,,,,,,,
TRBECBY128F148B6F3,You're A Big Boy Now (Album Version),John Sebastian,112.4,-23.086,170.762,,,,,,,,,,,,
TRBECDN128F4225717,Exception To The Rule,Dann Huff,155.815,-13.842,147.9571,,,,,,,,,,,,
TRBECGH12903CC2304,Dj,Markscheider Kunst,152.887,-7.427,239.0722,,,,,,,,,,,,
TRBECIP128F42515B1,Sensemilla,Mighty Diamonds,155.827,-7.268,253.57016,,,,,,,,,,,,
TRBECKU128F428B08A,I'm Hot,Erick Sermon,95.932,-6.923,228.44036,,,,,,,,,,,,
TRBECMV128F427614B,The Way You Do The Things You Do,Jerry Butler,124.253,-9.979,149.78567,,,,,,,,,,,,
TRBECNW128F426BE82,Touch My Body,Mariah Carey,129.991,-5.558,273.52771,,,,,,,,,,,,
TRBECNX128F92FA80F,God Rest Ye Merry Gentlemen (World),R. Carlos Nakai,136.778,-22.404,341.65506,,,,,,,,,,,,
TRBECRX128F423B50B,Täysikasvuinen mies,Yölintu,110.156,-5.766,220.08118,,,,,,,,,,,,
TRBECST12903CDC40B,Me Lo Dijo Adela,Tito Rodriguez,110.065,-9.315,174.81098,,,,,,,,,,,,
TRBECUJ128F14B0BA7,Just As I Am (Arr.)  (Different From Track One),Eden's Bridge,120.039,-20.32,163.7873,,,,,,,,,,,,
TRBECVD128F92F9E21,The Song from Moulin Rogue Where Is Your Heart,Percy Faith & Felicia Sanders,83.461,-16.686,198.39955,,,,,,,,,,,,
TRBEDBC128F145B134,What To Do,Alias,103.77,-10.983,257.95873,,,,,,,,,,,,
TRBEDHB12903CDB820,Girl Nation [Live],D.A.D.,152.462,-9.12,259.94404,,,,,,,,,,,,
TRBEDIR128F4250FBD,But Not For Me,Frank Vignola,149.689,-9.878,234.44853,,,,,,,,,,,,
TRBEDLE128F933039C,You Know It's True,The Cat's Miaow,116.257,-12.645,137.29914,,,,,,,,,,,,
TRBEDRW128F425F424,All Burned Out,Savoy Brown,150.95,-11.212,171.62404,,,,,,,,,,,,
TRBEDTM128F4255119,Edo Pou Ta Leme,Angela Dimitriou,90.063,-8.189,163.29098,,,,,,,,,,,,
TRBEDVH128F14599C7,Hey Sexy Lady,Shaggy / Brian & Tony Gold,101.786,-6.469,199.94077,,,,,,,,,,,,
TRBEDXK128F14A7EC0,RAMUKA,Tri Atma,110.651,-12.269,325.04118,,,,,,,,,,,,
TRBEDZL128F425A2E7,Change The Way (Highlands Album Version),White Heart,132.106,-8.212,287.9473,,,,,,,,,,,,
TRBEEAF128F92E6382,El troyano,Alfredo Gutiérrez,187.874,-5.394,153.88689,,,,,,,,,,,,
TRBEEDK128F424D995,Thriller,Fall Out Boy,178.518,-1.217,203.54567,,,,,,,,,,,,
TRBEEEP128F426C17D,The Plot To Bomb The Panhandle (Album Version),A Day To Remember,100.013,-4.301,245.96853,,,,,,,,,,,,
TRBEEJH128F92FAC0D,1000 Of Years Ago,Namatjira,128.991,-8.933,291.63057,,,,,,,,,,,,
TRBEEJS128F9340A8B,Megaton B-Boy 2000 (LP Version),Handsome Boy Modeling School,215.349,-6.454,297.66485,,,,,,,,,,,,
TRBEELS128F42B63A8,Sent By Angels,Arc Angels,167.753,-10.634,344.05832,,,,,,,,,,,,
TRBEEMB128F9320082,Wendy,Jesse Malin,178.531,-6.281,261.17179,,,,,,,,,,,,
TRBEEQF128F4283395,Fried Neck Bones And Some Home Fries,Santana,84.87,-14.057,433.37098,,,,,,,,,,,,
TRBEEQG128F42732AB,Crosses of crossed colors 3,Henri Pousseur,92.341,-20.226,446.24934,,,,,,,,,,,,
TRBEERY128F4231A2E,Eyes Of A Stranger (Album Version),P.O.D.,143.881,-6.137,255.73832,,,,,,,,,,,,
TRBEEWC128F9344A22,Qing Yi Shi,Leon Lai,103.995,-7.762,203.38893,,,,,,,,,,,,
TRBEEWS12903CD0B60,Getto Boys,Jack Orsen feat. Fumanschu_ Justus,100.078,-3.275,210.54649,,,,,,,,,,,,
TRBEFAS128F4262569,Superscout,Sensations,183.513,-8.645,165.19791,,,,,,,,,,,,
TRBEFDI12903CCF154,Le Fiacre,Gisele MacKenzie,91.517,-13.427,164.25751,,,,,,,,,,,,
TRBEFFA128F930F017,No Volveras A Mi,KALIMBA,133.994,-5.637,208.09098,,,,,,,,,,,,
TRBEFFG128E0793C24,Black Celebration,Monster Magnet,61.593,-6.076,260.17914,,,,,,,,,,,,
TRBEFJE128F932139E,Sophie,Eleanor McEvoy,100.02,-13.63,258.42893,,,,,,,,,,,,
TRBEFKV128F930114A,Another Land (World),Davol,151.997,-17.793,270.00118,,,,,,,,,,,,
TRBEFQB128F932138A,Please Heart_ You're Killing Me,Eleanor McEvoy,150.061,-7.625,280.0322,,,,,,,,,,,,
TRBEFQY128F932EE3F,Meeting Daisy,Alexandre Desplat,244.268,-23.465,81.71057,,,,,,,,,,,,
TRBEFUY12903C98485,Song Of Australia - Canto 6 (2009 Digital Remaster),Dame Edna Everage with Carl Davis conducting the London Symphony Orchestra and The New Antipodean Singers,134.828,-16.708,494.15791,,,,,,,,,,,,
TRBEFWM128F428EFA8,Ke T' Oniro Egine Efialtis,Despina Vandi,120.212,-5.539,244.08771,,,,,,,,,,,,
TRBEGAV12903D16172,Mr. Goose,The Charms,136.191,-5.601,42.68363,,,,,,,,,,,,
TRBEGHL128F92F76E8,Would?,Alice In Chains,100.404,-7.532,223.26812,,,,,,,,,,,,
TRBEGJR128F4275E2E,The White's Bedroom - Fire Escape,The Plasmatics,121.47,-13.399,121.73016,,,,,,,,,,,,
TRBEGKI12903CBD34C,The Yellow Rose Of Texas,Roy Rogers,94.513,-11.947,152.97261,,,,,,,,,,,,
TRBEGMG128F92FD7C4,The Line,The Small Knives,167.935,-5.896,208.16934,,,,,,,,,,,,
TRBEGMU128F9325473,Trapdoor,Chase & Status,87.527,-6.492,398.54975,,,,,,,,,,,,
TRBEGQC12903CAB228,Plastic People,Four Tet,124.043,-9.857,393.84771,,,,,,,,,,,,
TRBEGWL128F423F4F1,Revolution,Superchumbo,85.321,-4.28,443.37587,,,,,,,,,,,,
TRBEHAS128F933A549,So Nice - Original,Leroy Hutson,89.88,-15.969,324.25751,,,,,,,,,,,,
TRBEHBS128F4233471,Mientras me quieras,Tranzas,112.051,-7.754,213.7073,,,,,,,,,,,,
TRBEHDI128F930D7C2,Alpha River,Eclier,84.639,-5.815,322.19383,,,,,,,,,,,,
TRBEHEY128F92C2852,Salamanders In The Sun,Steve Vai,157.996,-7.34,305.94567,,,,,,,,,,,,
TRBEHFA128F145B3DA,Sister Seagull (Live),Be Bop Deluxe,121.615,-13.035,221.93587,,,,,,,,,,,,
TRBEHGH128E078DEDE,Act Won (Things Fall Apart),The Roots,85.875,-16.453,54.12526,,,,,,,,,,,,
TRBEHHL128F92E90F5,Wie ein Eisbär sein,Geier Sturzflug,120.985,-6.574,211.35628,,,,,,,,,,,,
TRBEHHY12903CF3AE8,Goodbye Broadway_ Hello France,Billy Murray,115.771,-17.59,176.5873,,,,,,,,,,,,
TRBEHKV128F92F93DF,Exit People,Fergie,126.966,-10.441,440.18893,,,,,,,,,,,,
TRBEHNT128E0792546,Down In The Jungle,Monster Magnet,89.296,-6.724,289.12281,,,,,,,,,,,,
TRBEHTC128F42150EB,Te Quiero Mamma,Sergio Dalma,80.039,-11.102,239.43791,,,,,,,,,,,,
TRBEHVM128F93506BD,Skymning,Groupa Med Lena Willemark,168.989,-12.147,227.89179,,,,,,,,,,,,
TRBEIAM12903CF4476,Don't Take Your Love Away From Me (Album Version),Randy Travis,112.613,-8.504,176.43057,,,,,,,,,,,,
TRBEIBI12903CBD2B6,Love Happens Just Like That (LP Version),Bryan White,107.669,-5.797,166.24281,,,,,,,,,,,,
TRBEIBI12903CC4C7B,Losing True (Album Version),The Roches,147.087,-12.512,295.13098,,,,,,,,,,,,
TRBEIKK128F14628D6,Run,Lighthouse Family,153.474,-8.077,241.24036,,,,,,,,,,,,
TRBEIKX12903CCAAE5,the tales of King Solitude 1:3,Clockwise,88.132,-8.45,404.68853,,,,,,,,,,,,
TRBEIRT128F42A6680,Teenage Queen (Album Version),Aiden,163.604,-5.653,206.8371,,,,,,,,,,,,
TRBEISL128F931B107,The Same Old Innocence,Architecture In Helsinki,126.294,-5.508,210.49424,,,,,,,,,,,,
TRBEISX128F9322F51,S*B*Y,An Cafe,131.059,-4.329,233.03791,,,,,,,,,,,,
TRBEIVC128F9320E95,It Doesn't Matter Where_ Just Drive,Snow Patrol,186.44,-10.786,217.57342,,,,,,,,,,,,
TRBEIYU128F92E88A9,The Golden Rocket,Johnny Horton,226.146,-15.419,123.402,,,,,,,,,,,,
TRBEJCS128F4249EA2,La Sitiera,Barbarito Diez,119.693,-8.714,170.23955,,,,,,,,,,,,
TRBEJDZ128F92D02F8,Speak Low,Charlie Byrd,94.223,-17.722,348.21179,,,,,,,,,,,,
TRBEJFD128F93222D8,Scelxenak,Orthrelm,164.216,-4.665,70.03383,,,,,,,,,,,,
TRBEJHM12903CBE801,Gross Throw-up Burp (Sonnerie_ Ringtone),Blingtones,73.531,-6.53,14.86322,,,,,,,,,,,,
TRBEJHQ128F421EFD2,You Don't See Into The Blues Like Me,Lonnie Johnson,96.859,-17.876,164.12689,,,,,,,,,,,,
TRBEJKS128F426D823,When A Man's In Love,The Chieftains,116.044,-19.769,217.25995,,,,,,,,,,,,
TRBEJKW128F92FCEED,Dirty Old Man,Len Barry,112.281,-11.708,293.95546,,,,,,,,,,,,
TRBEJVP128F429D21B,Sanity Fades,Steel Rain,138.311,-8.045,235.20608,,,,,,,,,,,,
TRBEJYW128F93018AF,Serenata,Orquesta Romantica de La Habana,137.835,-15.137,200.75057,,,,,,,,,,,,
TRBEKDE128F92E7486,Master_ Faster_ Sweet Desaster,Nightfall,101.994,-5.922,207.77751,,,,,,,,,,,,
TRBEKGF12903CBE1C6,My Man's Gone Now,Rhian Lois,88.04,-17.493,219.95057,,,,,,,,,,,,
TRBEKGR128F425DA44,Price I Pay,Jane's Addiction,138.657,-5.234,327.1571,,,,,,,,,,,,
TRBEKJN128F42891EE,"Silent Night (Featuring Geoffrey Jones_ Terrence ""T-Bone"" Frierson_ Billy Steele)",Sounds Of Blackness,152.017,-6.171,235.65016,,,,,,,,,,,,
TRBEKLP128F92FB2BD,Earth Child (World),Sharon Burch,128.578,-12.62,225.72363,,,,,,,,,,,,
TRBEKMX128F92D7B75,Sweet Child O' Mine,Guns N' Roses,134.188,-3.891,445.17832,,,,,,,,,,,,
TRBEKNV128F9326A8A,Never Again (Album Version),Killswitch Engage,149.998,-3.11,189.20444,,,,,,,,,,,,
TRBELAZ128F422B87F,Girls,Ayo,208.832,-9.932,463.59465,,,,,,,,,,,,
TRBELDP128F427EDD0,Thanks God I'm A Country Boy,Mr. Blue,133.898,-4.123,132.70159,,,,,,,,,,,,
TRBELIO128F428F322,Playboy Theme,Bob Wills,130.752,-9.282,90.69669,,,,,,,,,,,,
TRBELUA12903CB0371,Fritzy & Helen Hanft (Album),Mark Lowry,138.489,-16.174,128.91383,,,,,,,,,,,,
TRBELVP128F93263B8,Around The World,Parallel Sound,130.011,-10.252,556.69506,,,,,,,,,,,,
TRBELXO128F427CAFA,La Saint-Jean d'été,Jean Segurel,105.395,-9.815,131.36934,,,,,,,,,,,,
TRBELYI128F147E20B,Java Sparrow,Terry Callier,118.606,-12.93,315.08853,,,,,,,,,,,,
TRBEMAH128F424215B,Love Oh Love (Live in Chicago),Leroy Huston,113.837,-10.073,291.57832,,,,,,,,,,,,
TRBEMBM128F9324F2B,Four Days Late (Studio Track w/o Background Vocals),Karen Peck And New River,153.909,-12.266,262.84363,,,,,,,,,,,,
TRBEMDL128F424ABD6,Pleasure Zone Mix,Joy Kitikonti,130.103,-7.55,413.04771,,,,,,,,,,,,
TRBEMJC128F14A6E0D,The World In My Hands (We Are One),SNAP!,118.175,-10.1,315.03628,,,,,,,,,,,,
TRBEMMZ128F145C514,MONDAY_ MONDAY,Bobby Broom,137.51,-15.466,481.48853,,,,,,,,,,,,
TRBEMRD128F426DEC7,I Just Love Old People (Rocky Mountain Homecoming Version),Jake Hess,138.257,-24.385,154.61832,,,,,,,,,,,,
TRBEMTB128F14ACBDF,We're Out Of Gas,Alan Silvestri,82.556,-17.944,77.60934,,,,,,,,,,,,
TRBEMTF128F42660CA,Superstar,For Squirrels,162.909,-4.737,200.07138,,,,,,,,,,,,
TRBENBG12903CF94B4,Blues As Blues Can Get,Chris Farlowe,106.328,-13.585,395.93751,,,,,,,,,,,,
TRBENCK128F4232BB2,Gyere velem,Taboo,140.001,-6.669,213.002,,,,,,,,,,,,
TRBENDH128F1467D62,Be Stiff (Live),Devo,152.942,-11.951,175.25506,,,,,,,,,,,,
TRBENHU12903CB6830,Komm Computer,Frl.Menke,156.414,-10.685,229.51138,,,,,,,,,,,,
TRBENIG128F92F281E,Empty Bottles,The Hollywood Brats,89.483,-20.678,41.16853,,,,,,,,,,,,
TRBENNA12903D0411A,I Wonder Where You Are Tonight,Carl Smith,181.018,-13.425,141.06077,,,,,,,,,,,,
TRBENOX128F4243501,God Keeps A Candle,The Nelons,141.982,-6.564,236.5122,,,,,,,,,,,,
TRBENTT128E0781C26,The Gold It's In The ... (1996 Digital Remaster),Pink Floyd,117.634,-9.992,188.1073,,,,,,,,,,,,
TRBENWE128F424AE09,Bootleg Rum Dum Blues,Blind Blake,88.874,-19.819,220.26404,,,,,,,,,,,,
TRBENZA12903CBF40F,Tu Ex Amor,El Tiempo,97.08,-7.413,179.51302,,,,,,,,,,,,
TRBENZB128F429C5FD,She Spoke 2 Me ( Extended Remix LP Version),Prince,120.284,-5.021,500.29669,,,,,,,,,,,,
TRBENZL128F1455ECA,Husbands And Wives,Roger Miller,112.884,-13.261,146.23302,,,,,,,,,,,,
TRBEOCF128F426BFDC,Splendido Sundance,Al Di Meola,209.581,-13.739,291.02975,,,,,,,,,,,,
TRBEODT128F424AE26,Too Tight Blues No. 2,Blind Blake,104.001,-19.809,218.43546,,,,,,,,,,,,
TRBEOIU128F4296D36,Madeleine,Marcel Mouloudji,108.333,-15.788,129.77587,,,,,,,,,,,,
TRBEOMZ12903CBCD33,You Saved My Life,Kieran,155.757,-6.585,243.25179,,,,,,,,,,,,
TRBEONB128EF3405E6,Dekh Le,Sunidhi Chauhan / Anu Malik / Jatin Sharma,127.98,-9.63,319.32036,,,,,,,,,,,,
TRBEONX128E0788D2B,New Born Soul,The Blind Boys Of Alabama,86.366,-10.844,176.40444,,,,,,,,,,,,
TRBEOOD128E0795C84,El Oro De La Gallina De Los Huevos,Seguridad Social,169.663,-6.668,254.53669,,,,,,,,,,,,
TRBEORE128F92E8476,Prends-Moi La Main,Princess Lover,166.029,-8.436,262.45179,,,,,,,,,,,,
TRBEORW128F42A3A56,If You Leave Me Now,Brazilian Tropical Orchestra,99.397,-15.479,174.70649,,,,,,,,,,,,
TRBEOSC128F426AB23,War?,System of a Down,196.201,-4.173,160.49587,,,,,,,,,,,,
TRBEOUP12903CF652E,So Many Roads,Joe Bonamassa,66.366,-8.265,372.76689,,,,,,,,,,,,
TRBEOUT12903CD5981,Oceans,Vex'd,117.007,-11.596,295.49669,,,,,,,,,,,,
TRBEOYQ128F42955C3,Don't Look Back (Radio Edit),Antigone Rising,123.944,-5.098,213.55057,,,,,,,,,,,,
TRBEPAA128F4263E2E,Am I Losing You,The Cate Brothers,167.871,-8.875,330.63138,,,,,,,,,,,,
TRBEPAL128F932C21B,She's My Woman,Crusaders,98.293,-9.31,117.68118,,,,,,,,,,,,
TRBEPKI128F9353F14,Where Are You,Abbott & Chambers,135.993,-6.158,492.45995,,,,,,,,,,,,
TRBEPMK128F92D61AE,Con el chacacha del tren (Cancíon por Rumba),Triana Pura,150.418,-7.014,202.94485,,,,,,,,,,,,
TRBEPQG128F42547F6,Maria Betania,Quinteto Violado,139.806,-22.152,391.00036,,,,,,,,,,,,
TRBEPTD12903CDFD52,"Inrtoduction ""Hing Hye Srder",Karnig Sarkissian,67.886,-14.369,476.47302,,,,,,,,,,,,
TRBEPTI128F4266340,Master Mantrol (Dub / Instrumental Reggae Music),Mikey Dread,141.148,-18.679,261.79873,,,,,,,,,,,,
TRBEPVA128F932C6FE,Old Woman From Wexford,Tommy Makem;The Clancy Brothers,120.988,-14.43,117.02812,,,,,,,,,,,,
TRBEPWY12903CB1CBE,Love_ Respect & Loyalty (feat. Sophie & Cait La Lee),Proficy,111.116,-5.555,230.24281,,,,,,,,,,,,
TRBEQFT128F146BD6D,Moonlight Serenade,Klaus Badelt,138.54,-10.297,128.62649,,,,,,,,,,,,
TRBEQFT128F4238A28,Chi Chi Man,T.O.K.,100.002,-8.28,208.50893,,,,,,,,,,,,
TRBEQHL128F4272CBC,At the Fountain (Reprise) (Brian d'Arcy James & Ensemble),Marvin Hamlisch;John Lithgow;Jeffrey Huard,118.566,-11.404,99.70893,,,,,,,,,,,,
TRBEQNB128F9327242,Kinky Woman,Jimmie Vaughan,110.509,-9.483,207.09832,,,,,,,,,,,,
TRBEQNH12903CB087E,Passion_ Love & Pain (Feat. 25 Kids),Serpentine,88.566,-6.165,244.92363,,,,,,,,,,,,
TRBEQPB128F933D621,In My Arms (Live Auditorio Nacional 08),Aleks Syntek,127.969,-5.064,223.97342,,,,,,,,,,,,
TRBEQUV12903CBD17A,Say Something,Tony Tuff,149.844,-9.655,229.58975,,,,,,,,,,,,
TRBEQZJ128F9300B50,N.Y. Electric / Hunter Interlude,Aesop Rock,87.618,-10.311,310.80444,,,,,,,,,,,,
TRBERCZ128E0787D93,Expolodera (som dynamit),Caramell,137.954,-5.426,218.40934,,,,,,,,,,,,
TRBERGT128F42A009F,Sweet To Mama,Frank Stokes,149.056,-16.748,176.32608,,,,,,,,,,,,
TRBERHG128F933AC46,Common sense,Winston McAnuff_ The Bazbaz Orchestra,135.706,-7.983,225.04444,,,,,,,,,,,,
TRBERHS128F92FF079,Perro Faldero,Los Traileros Del Norte,189.682,-8.662,163.23873,,,,,,,,,,,,
TRBERIX12903CEF907,Throwdown At The Hoedown (LP Version),Bela Fleck And The Flecktones,75.699,-15.001,309.9424,,,,,,,,,,,,
TRBERJE128F425F098,Wisdom,Cedric Myton,132.084,-7.269,520.04526,,,,,,,,,,,,
TRBERJV128F1458463,I Can't Wait Until Tomorrow (Live),Gary Moore,112.47,-13.026,724.92363,,,,,,,,,,,,
TRBERKY128F42290CA,Raccolto,Stefano Battaglia_ Giovanni Maier_ Michele Rabbia,37.797,-22.999,343.50975,,,,,,,,,,,,
TRBERLZ12903CC4747,I Was a Human Bomb for the FBI,Zombina & The Skeletones,190.035,-7.336,210.93832,,,,,,,,,,,,
TRBEROX128F4270745,Im Club,Massive Töne,97.054,-5.839,220.78649,,,,,,,,,,,,
TRBERUM128F148AC93,Baiao Malandro,Egberto Gismonti,154.084,-9.2,236.7473,,,,,,,,,,,,
TRBESAQ12903CD9497,Wild Ride (From the album Steel And Fire),Mick Clarke,84.736,-8.291,165.72036,,,,,,,,,,,,
TRBESBZ12903CA0A95,Les Fleurs,Minnie Riperton,151.752,-10.321,197.69424,,,,,,,,,,,,
TRBESDU128F4277813,Sea_ Subsurface,Aisha Duo,132.888,-21.339,350.64118,,,,,,,,,,,,
TRBESDU128F92F3CE9,People = Sh*t (live) (Album Version),Slipknot,100.482,-3.398,234.05669,,,,,,,,,,,,
TRBESEX128F147BB13,Como Olvidar (Merengue Versión),Olga Tañón,129.962,-5.852,279.53587,,,,,,,,,,,,
TRBESGH128E0788912,New Morning (Live),Nick Cave & The Bad Seeds,70.759,-10.319,202.05669,,,,,,,,,,,,
TRBESVW128F92F6960,It's Alright Bruv,Cockney Rejects,163.393,-2.818,241.50159,,,,,,,,,,,,
TRBESWC128EF34B859,Svedomi,Krystof,88.024,-6.611,222.32771,,,,,,,,,,,,
TRBESWH128F14722F5,De Lai Bu Yi,Justin,99.914,-11.132,219.97669,,,,,,,,,,,,
TRBESXG128F4243BFB,Birak Yakami,Ebru Yasar,130.023,-9.183,214.96118,,,,,,,,,,,,
TRBETHV128F429722F,Hasta Los Huesos,Andy & Lucas,93.355,-7.042,208.92689,,,,,,,,,,,,
TRBETRA128F9327DC6,Cumberland Gap,Danny Barnes,189.782,-13.579,160.46975,,,,,,,,,,,,
TRBETSW12903CA6A6B,Mood Indigo,The Knightsbridge Strings,74.153,-16.271,185.93914,,,,,,,,,,,,
TRBETVK128F4288B49,Hesitation Blues,Hot Tuna,134.616,-13.562,304.45669,,,,,,,,,,,,
TRBEUDN128F14860CE,We Are The Reason - Medium key performance track w/o background vocals,Ultimate Tracks,129.99,-11.95,279.40526,,,,,,,,,,,,
TRBEUKI128F9318306,Monday Morning Blues,Mississippi John Hurt,174.23,-23.977,238.94159,,,,,,,,,,,,
TRBEUMG128F422305C,Class Act,James Hunter,101.664,-7.279,180.89751,,,,,,,,,,,,
TRBEUOY128F932B2D7,Side By Side,Xmilk,197.471,-4.644,141.16526,,,,,,,,,,,,
TRBEUQH128F93152E8,Meteorito,Chacho,102.572,-9.66,460.69506,,,,,,,,,,,,
TRBEUSV128F42A5F43,The Ballad Of St. Anne's Reel,Ronnie Drew,117.939,-10.098,194.97751,,,,,,,,,,,,
TRBEUVP128F427831E,Somebody Stop Me,Emilio,94.895,-9.618,191.55546,,,,,,,,,,,,
TRBEUWA12903CB5CDE,Mother's Luv,Usher Featuring The Nu Beginning,152.879,-10.627,313.7824,,,,,,,,,,,,
TRBEVII12903CA1A06,John the Revelator,Blind Willie Johnson,125.692,-15.855,198.00771,,,,,,,,,,,,
TRBEVJC12903CCE75B,I'll Never Be Able (To Tell It All) (High Key-Studio Track w/o Background Vocals),Karen Peck And New River,148.03,-8.335,177.76281,,,,,,,,,,,,
TRBEVND128F93429DD,The Kangaroo Theory,Edelweiss,173.903,-12.396,201.42975,,,,,,,,,,,,
TRBEVSH128F92D5CFC,Mélodie d'Amour,Edmundo Ros & His Orchestra,161.996,-16.262,183.14404,,,,,,,,,,,,
TRBEVTM128F92FE2B2,More,The Crystal Method,114.313,-10.851,357.642,,,,,,,,,,,,
TRBEVZN128F9330A0D,Venite Pa' Maracaibo,Guaco,169.131,-10.312,265.29914,,,,,,,,,,,,
TRBEWCS128F428BA34,Bath Of Least Resistance,NOFX,198.201,-4.926,108.12036,,,,,,,,,,,,
TRBEWHE128F425E528,Nocturne For Piano No. 8 In D Flat Major_ Op. 84 No. 8 (also in Huit pièces brèves_ Op. 84/8),David Jalbert,44.407,-30.925,153.33832,,,,,,,,,,,,
TRBEWTR12903CBF252,Reunited,Louisa Mark feat. Kevin Henry,151.728,-16.359,267.10159,,,,,,,,,,,,
TRBEWTY12903CB4779,I Swear the Visine is for my Allergies,Salt The Wound,179.629,-8.452,218.80118,,,,,,,,,,,,
TRBEXHF128F4266092,Shifter,Timo Maas featuring MC Chikaboo,130.026,-7.135,333.87057,,,,,,,,,,,,
TRBEXHU128F93390C5,Monologue With the Sky,Havok,98.9,-20.519,238.07955,,,,,,,,,,,,
TRBEXIO128F9300E56,Corre_ Corre (Keep On Running),Los Salvajes,137.049,-5.701,229.14567,,,,,,,,,,,,
TRBEXJN128F42B18D6,After I Made Love To You,BMX Bandits,127.434,-10.223,208.40444,,,,,,,,,,,,
TRBEXNJ128F92F6DD6,It's The Three Of Us Left,Rustless,122.089,-11.991,119.53587,,,,,,,,,,,,
TRBEXPZ128F42302F2,Freed From Desire (Alternate Mix),Flame,127.974,-9.073,259.18649,,,,,,,,,,,,
TRBEXRS128F4269FAA,1900's Madness #1,Ennio Morricone,140.148,-13.491,134.37342,,,,,,,,,,,,
TRBEXRY128F14661D0,Intro. (The Plan Album Version),Raze,92.403,-20.74,25.88689,,,,,,,,,,,,
TRBEXUF128F92DF175,Love Like This,Natasha Bedingfield,162.329,-8.652,341.41995,,,,,,,,,,,,
TRBEYAK128F9334433,Lion Paw,Fyah Blaze,208.299,-5.095,217.25995,,,,,,,,,,,,
TRBEYDS128F148C563,Erick Sermon,Erick Sermon,97.812,-9.384,198.63465,,,,,,,,,,,,
TRBEYEO128F9308A8D,Canta Una Canción De Amor,Alejandro Lerner,129.233,-17.181,232.48934,,,,,,,,,,,,
TRBEYFC128F4286D0A,Half Way Out The Door (Live),Elvin Bishop,105.486,-4.775,316.3424,,,,,,,,,,,,
TRBEYIB12903CD273F,Soundtracks and Come Backs (radio mix),Goldfish,125.04,-9.28,208.79628,,,,,,,,,,,,
TRBEYJR128F4292651,Tell Me,Toni Braxton,84.797,-6.297,249.18159,,,,,,,,,,,,
TRBEYLQ128F42AA7AF,Den S'Adiko,Natassa Theodoridou,116.228,-10.263,212.06159,,,,,,,,,,,,
TRBEYOL128F4222488,Where You From,DJ Godfather,174.211,-8.521,33.14893,,,,,,,,,,,,
TRBEYPA128F933197C,Honey Fingers,Richard Galliano,106.153,-15.062,196.25751,,,,,,,,,,,,
TRBEYPF128F92EA5E8,Gloria,Julissa,100.005,-8.133,262.73914,,,,,,,,,,,,
TRBEYTH128F9309622,Love You Again,Marc Dorsey,137.953,-7.006,301.50485,,,,,,,,,,,,
TRBEYTT12903CA0A8E,Die Zeit,Oesch's die Dritten,96.447,-8.079,168.28036,,,,,,,,,,,,
TRBEYVD12903CE3DE9,Point And Shoot (Demo),Pepper,165.171,-7.762,264.59383,,,,,,,,,,,,
TRBEYXK128F427E125,The Michael Vick Song,Tim Wilson,122.061,-4.97,166.84363,,,,,,,,,,,,
TRBEYYM128F1493C56,Believe (Album Version),Josh Groban,83.195,-8.647,258.40281,,,,,,,,,,,,
TRBEYYO12903D0DBB1,Subida y entrada al cante,Varios,129.756,-10.458,321.67138,,,,,,,,,,,,
TRBEZBD128F92CE0EE,Goor,Plaza,125.181,-11.398,188.39465,,,,,,,,,,,,
TRBEZEI12903CA7445,Angel [2004],Neema,162.575,-7.86,209.44934,,,,,,,,,,,,
TRBEZEL128E079116D,O Come_ O Come Emmanuel,Margaret Becker,148.8,-14.979,292.10077,,,,,,,,,,,,
TRBEZEM128F92F135A,Burn 'Em Down (LP Version),Sick Of It All,96.703,-7.497,175.41179,,,,,,,,,,,,
TRBEZFS128F92E40DD,Cuatro Veinte,Gonzalo Rubalcaba,62.008,-21.052,586.29179,,,,,,,,,,,,
TRBEZGW128F9337413,Tout bizwen (feat. Milca_ Synn'Tya_ Shaolin),Leila Chicot,90,-6.396,236.19873,,,,,,,,,,,,
TRBEZHU128F9306C1C,Funny How Time Slips Away,Roy Drusky,104.416,-20.106,192.10404,,,,,,,,,,,,
TRBEZOR128F14A4E31,Music By Numbers (2001 Digital Remaster),Penguin Café Orchestra,116.933,-15.776,281.28608,,,,,,,,,,,,
TRBEZQO128F4287E04,Dont Push Me Away,Jim Jones / Chink Santana,122.038,-6.937,289.74975,,,,,,,,,,,,
TRBEZTX128F4271207,Run And Tell,The Perrys,96.024,-8.392,213.60281,,,,,,,,,,,,
TRBEZUP128F9331747,Cuttin' the Tree,John Wesley,169.193,-9.113,246.69995,,,,,,,,,,,,
TRBEZYJ12903CAC89F,Klaio Gia Sena (Niagaras),Giorgos Marinis,100.079,-5.955,286.37995,,,,,,,,,,,,
TRBFAFH128F92D5762,Sauer,Klimperei,88.138,-6.748,99.29098,,,,,,,,,,,,
TRBFAGW12903CC81E2,L.S.M.,Year of Desolation,98.638,-5.284,259.02975,,,,,,,,,,,,
TRBFAHF128F42A1F03,Cycle Time,Liars,130.48,-5.492,136.17587,,,,,,,,,,,,
TRBFAHS128F42804D6,Llorando Por Amor,Flor Silvestre,98.713,-7.8,161.93261,,,,,,,,,,,,
TRBFAKP128F148B600,Heart's Grown Cold (LP Version),Blackfoot,146.186,-11.774,204.09424,,,,,,,,,,,,
TRBFALE128EF341C77,To Sir With Love,Lady Saw,164.069,-13.606,180.81914,,,,,,,,,,,,
TRBFAMG128F9309CF7,New Milk Cow Blues,Moon Mullican,80.583,-19.273,175.0722,,,,,,,,,,,,
TRBFAMN128F42367B5,Deep Blue,Dave Eggar,149.895,-27.019,225.25342,,,,,,,,,,,,
TRBFAMR128F9306CC5,Genius Of Love 2002 (featuring Tom Tom Club & Biz Markie),X-ecutioners featuring Tom Tom Club & Biz Markie,102.643,-5.438,236.43383,,,,,,,,,,,,
TRBFANQ12903CB8F48,High On the Mountain,The Del McCoury Band,180.521,-14.668,183.17016,,,,,,,,,,,,
TRBFANX128F42934C3,Is It Love,3 of Hearts,101.684,-8.811,224.07791,,,,,,,,,,,,
TRBFAON128F9313C62,Falling Apart,Dario Marianelli,60.404,-24.651,70.05995,,,,,,,,,,,,
TRBFAPA128F9353136,Signs Can Hear All,Ciaran Byrne,73.314,-14.305,150.282,,,,,,,,,,,,
TRBFASC128F424D427,I Will Turn Your Money Green (Take 1),Furry Lewis,102.248,-19.233,193.20118,,,,,,,,,,,,
TRBFATS128F9319AEB,Beauty Supply And Demand,Busdriver,242.7,-7.117,125.77914,,,,,,,,,,,,
TRBFAWM128E0785A59,Transmission (Album Version),Static-X,85.466,-3.805,98.89914,,,,,,,,,,,,
TRBFAWS12903CF8E2E,Superstar (feat. J-Noxx),Hollowtip,174.984,-7.284,265.82159,,,,,,,,,,,,
TRBFAWU12903CEC528,Baila Cariño,Pete Bamboo,156.078,-4.502,290.37669,,,,,,,,,,,,
TRBFBAB128F4227B85,Strip The Soul (album version),Porcupine Tree,154.24,-5.94,441.88689,,,,,,,,,,,,
TRBFBCH128F92FAA04,Sangria (Nomadbrothers Remix feat. Rio),Tania Maria,124.021,-10.503,233.7171,,,,,,,,,,,,
TRBFBLS12903CBBABB,Come Dance With Me,The Token,124.283,-6.515,128.1824,,,,,,,,,,,,
TRBFBMD128F4270DA5,Te Quiero Mas,The Party Group,86.666,-17.608,255.4771,,,,,,,,,,,,
TRBFBOG128F9356C6E,Head Banger,EPMD,180.469,-3.349,291.16036,,,,,,,,,,,,
TRBFBQG128F9313C6D,The Lord's Prayer,Dario Marianelli,90.845,-17.27,192.86159,,,,,,,,,,,,
TRBFBQO12903CE7ACD,Raw Power,Iggy And The Stooges,165.81,-8.502,347.53261,,,,,,,,,,,,
TRBFBRX128F148C4F1,I'm Chillin,Kurtis Blow,107.373,-12.637,220.83873,,,,,,,,,,,,
TRBFBSN128F9312468,La Blessure,Eric Demarsan,82.491,-18.352,107.7024,,,,,,,,,,,,
TRBFBUO128F42A3DED,Alla Mot Alla,Kent,143.908,-8.505,240.97914,,,,,,,,,,,,
TRBFBYF12903CFB6B4,One Moment With You,Jackie Wilson,67.56,-12.007,182.49098,,,,,,,,,,,,
TRBFBYS128F92F261C,Nuestras Sevillanas 1,Los Del Rio,60.025,-8.235,202.29179,,,,,,,,,,,,
TRBFCJQ128F427086F,Parabolics Studies 6,Henri Pousseur,89.467,-8.473,1266.41587,,,,,,,,,,,,
TRBFCKD128F92E87E2,Feverish,Spitfire,139.02,-11.286,109.26975,,,,,,,,,,,,
TRBFCKE12903CFA9DB,COLD MORNING,Portobello,129.699,-7.486,304.84853,,,,,,,,,,,,
TRBFCKI128F4250666,Syrup Sipping (Banner Beat Break),David Banner,167.018,-11.576,72.4371,,,,,,,,,,,,
TRBFCKU12903D0054F,Party Favours (Dee Dee's Flukey Remix),Bionikworld,125.997,-7.801,413.51791,,,,,,,,,,,,
TRBFCPS12903CEEB26,Keep Walking,The Wilburns,148.024,-9.156,182.22975,,,,,,,,,,,,
TRBFCSV128F92EF7B9,4 Words (To Choke Upon),Bullet For My Valentine,185.012,-2.839,223.76444,,,,,,,,,,,,
TRBFCVQ128F93240DC,The Carnival  feat. Japjit Kaur,Niraj Chag,179.004,-4.994,293.40689,,,,,,,,,,,,
TRBFCWC128F1484CF0,Is It Wrong,Warner mack,98.612,-10.261,160.20853,,,,,,,,,,,,
TRBFCWN128F92D5E03,learn (Album Version),One Be Lo,58.407,-5.239,164.85832,,,,,,,,,,,,
TRBFCZL128F42915B0,Xenophobic Hate Machine,Bodies In the Gears of the Apparatus,88.053,-6.551,126.17098,,,,,,,,,,,,
TRBFDGT128E0786A25,Lay All Your Love On Me (LP Version),Information Society,128.137,-11.881,221.6224,,,,,,,,,,,,
TRBFDHN128F4242963,Ella Speed,Rick Ross,114.066,-11.807,158.22322,,,,,,,,,,,,
TRBFDOH128F933797E,Chatma,Tinariwen,105.981,-12.328,336.32608,,,,,,,,,,,,
TRBFDRD128F92F79D5,The way to Peace,Uman,84.949,-14.964,412.02893,,,,,,,,,,,,
TRBFDVW128F92ED2D6,How It Begins,Ice & Breeze,145.011,-5.543,521.19465,,,,,,,,,,,,
TRBFEGL128F9318DF4,Chanson D'Amour,Jean-Jacques Goldman;Edith Lefel;Malavoi,68.242,-8.931,238.44526,,,,,,,,,,,,
TRBFEHX128F932D632,My Love,Irish Tenors,69.487,-15.391,269.47873,,,,,,,,,,,,
TRBFEID128F42368AC,The Cool (Amended Album Version),Lupe Fiasco,188.018,-5.303,226.66404,,,,,,,,,,,,
TRBFEIX128F426A5F8,Roses,Silverchair,153.785,-5.945,209.00526,,,,,,,,,,,,
TRBFERE128F93332CF,Le Droit Des Pères (Live Electrique),Cali,89.709,-7.405,299.49342,,,,,,,,,,,,
TRBFEYR128F427230E,Long Way From Home,The Vaughan Brothers;Stevie Ray Vaughan;Jimmy Vaughan,114.088,-7.827,196.57098,,,,,,,,,,,,
TRBFFFU128F4264642,He Was Here,Scott Krippayne,88.537,-12.883,192.60036,,,,,,,,,,,,
TRBFFIF128F4233A62,Love & Understanding,Lady Saw,67.137,-11.496,218.40934,,,,,,,,,,,,
TRBFFKC128F92F67B0,Cry Of My Heart,Wayne Watson,99.093,-8.781,226.24608,,,,,,,,,,,,
TRBFFKN128F422F3CC,In Hell (Album Version),A Perfect Murder,239.407,-5.118,229.79873,,,,,,,,,,,,
TRBFFMO128F92CB1EF,Up Jumped The Devil - Live,Clarence Gatemouth Brown,153.021,-9.476,192.83546,,,,,,,,,,,,
TRBFFNE128F92F6001,We Are The Ones (Lounge Version),Zombie Girl,123.004,-7.184,273.34485,,,,,,,,,,,,
TRBFFQY128F1481E79,We're Not Gonna Bow,Jeff And Sheri Easter,121.944,-5.825,222.92853,,,,,,,,,,,,
TRBFFSG128F42907C1,Mefistofele/Spunta... l'aurora pallida...,Michèle Crider;Vincenzo La Scola;Samuel Ramey;Riccardo Muti,85.184,-24.009,216.68526,,,,,,,,,,,,
TRBFFSS128F932F5D4,Ralph's Rhapsody,Ray Lynch,122.895,-16.715,283.74159,,,,,,,,,,,,
TRBFFSW128F931DF21,Va Por Usted,Rocio Jurado,99.882,-4.523,359.65342,,,,,,,,,,,,
TRBFFVX128F426D1A4,The last havoc,Necrodaemon,210.124,-3.883,225.59302,,,,,,,,,,,,
TRBFFZN12903D08332,Stand By Me,Atomic Rooster,104.796,-6.958,203.31057,,,,,,,,,,,,
TRBFGDW128F4261FA6,Brooklyn On A Saturday Night,Neil Diamond,139.487,-15.849,224.57424,,,,,,,,,,,,
TRBFGDX128F1452E74,Le Bug (Live 2005),M,119.992,-6.699,259.83955,,,,,,,,,,,,
TRBFGDY128F933AB85,El Gato Confite,María Elena Walsh,107.288,-13.827,164.54485,,,,,,,,,,,,
TRBFGFF12903CF4183,Volvere,OV7,105.976,-6.231,164.33587,,,,,,,,,,,,
TRBFGFT12903CD2720,Lost in Marrakesh with Entropik (Pathaan's Mirage Mix),Ancient Astronauts,170.04,-8.1,331.59791,,,,,,,,,,,,
TRBFGZZ128F426DE40,Estimate,Slum Village,93.352,-12.75,84.47955,,,,,,,,,,,,
TRBFHBZ128F9339BA6,Suburban Living,Yuppie Pricks,155.127,-6.72,161.38404,,,,,,,,,,,,
TRBFHCP128F4265101,Badrock City,Big Audio Dynamite,125.038,-16.6,424.22812,,,,,,,,,,,,
TRBFHFG128F930B5F9,The Lakes Of Pontchartrain,Planxty,45.199,-22.715,345.70404,,,,,,,,,,,,
TRBFHGB128F92EE3FF,Fly Away (Instrumental),HardNox,118.026,-6.117,212.89751,,,,,,,,,,,,
TRBFHQG128F93092E5,Psalm 27,Donnie McClurkin,150.117,-8.004,302.36689,,,,,,,,,,,,
TRBFHRA128F424D28A,Chicago Bound Blues,Bessie Smith,70.746,-19.27,187.03628,,,,,,,,,,,,
TRBFHSA128F4286685,Herz an herz (Live Version),Paso Doble,147.002,-8.259,330.37016,,,,,,,,,,,,
TRBFHSR128F1472A36,Papa Legba (2005 Digital Remaster),Talking Heads,113.142,-9.306,355.73506,,,,,,,,,,,,
TRBFHUS128F932F7BE,I Know Where I Am Now,Jake Hess,99.958,-15.102,298.89261,,,,,,,,,,,,
TRBFHWD128F148D15D,Liquid Mercury,Jimmy Page,149.981,-10.939,184.78975,,,,,,,,,,,,
TRBFHYL12903CB0652,Falling Stars,Desert Dwellers,97.014,-14.66,489.58649,,,,,,,,,,,,
TRBFHZG128F9310D3C,Waitin' For The Wind,Spooky Tooth,96.645,-14.736,222.14485,,,,,,,,,,,,
TRBFIAK128E07823AA,Your Revolution Is A Joke,Funeral For A Friend,148.045,-10.897,164.54485,,,,,,,,,,,,
TRBFIBL128F423AC68,Q Loop,Basic Channel,107.709,-22.184,329.01179,,,,,,,,,,,,
TRBFICL12903C9CE02,Neon Psychedelia,Sweet,120.18,-4.707,295.36608,,,,,,,,,,,,
TRBFIHF12903CF0573,CrossBreed,Sound Field,137.971,-6.709,564.37506,,,,,,,,,,,,
TRBFIHG128F4289CF9,Make It Last,The Ataris,228.637,-5.301,99.49995,,,,,,,,,,,,
TRBFISG128F1473A72,I'm Blue (LP Version),The Rascals,111.418,-11.573,231.99302,,,,,,,,,,,,
TRBFIUJ12903CFEB7C,Origins And Endings,Winds Of Plague,126.182,-3.225,270.13179,,,,,,,,,,,,
TRBFIYC128F93373FE,Sincérité (feat. Ludo),Leila Chicot,163.992,-6.3,248.58077,,,,,,,,,,,,
TRBFJBK128EF357C81,Stainless Steel Gamelan,John Cale,101.37,-12.161,624.66567,,,,,,,,,,,,
TRBFJDL128F1461579,50_000 Miles Beneath My Brain (Live),Ten Years After,128.239,-10.76,598.41261,,,,,,,,,,,,
TRBFJFD128F92F6CEA,Baby Mama,Camp Lo,101.867,-13.767,233.35138,,,,,,,,,,,,
TRBFJGB128F42612B1,American Girl,Brooke Valentine,130.495,-5.806,218.64444,,,,,,,,,,,,
TRBFJGD128F933E85A,Red Castle,Pumpkin Buzzard,105.115,-12.319,41.24689,,,,,,,,,,,,
TRBFJJT128F4228826,Liian vähän aikaa,Fredi,115.082,-11.71,228.362,,,,,,,,,,,,
TRBFJKU12903CEDB0C,22 Going On 23,Butthole Surfers,146.01,-10.981,263.70567,,,,,,,,,,,,
TRBFJMI128F92E535C,Private Dancer,Heavy D,153.058,-6.791,212.24444,,,,,,,,,,,,
TRBFJMR128F930B3A6,DJs Are The New Rockstars-Live Mashup Mix 7,DJ Godfather,117.236,-4.197,333.00853,,,,,,,,,,,,
TRBFJNF128F1462488,Lappi Pt IV Etiäinen,Nightwish,131.248,-9.326,153.44281,,,,,,,,,,,,
TRBFJOE128F9326B03,Michael Nobody aka Poetic Death,Snowgoons,80.505,-6.006,197.85098,,,,,,,,,,,,
TRBFJPO128F4295BE3,Estoy Aquí,Shakira,123.448,-7.098,366.70649,,,,,,,,,,,,
TRBFJVT128F428F3B8,Mirame A La Cara (Version Salsa),Andy & Lucas,91.341,-7.964,274.93832,,,,,,,,,,,,
TRBFJWV128F935366B,Shake That Thang,DJ Omega,151.401,-7.834,227.73506,,,,,,,,,,,,
TRBFKAT12903CA42E2,Free,Darwin Hobbs,140.085,-7.487,311.95383,,,,,,,,,,,,
TRBFKHT128F427215E,I Want You,Sophie B. Hawkins,98.406,-11.76,316.76036,,,,,,,,,,,,
TRBFKMN128F4286D1B,Malice,Behemoth,126.154,-5.497,146.46812,,,,,,,,,,,,
TRBFKNM128F425E89C,Why Don't You Do Right (Album Version),Jim Kweskin with Samoa Wilson,110.837,-12.437,265.01179,,,,,,,,,,,,
TRBFKNY128F92E0FF2,It Ain't No Use,Jimmy McCracklin,104.358,-10.015,201.97832,,,,,,,,,,,,
TRBFKOK128F42662E6,Red Gun,The Forms,108.888,-9.098,145.08363,,,,,,,,,,,,
TRBFKON128F4296A52,Ride Out Dip,Crucial Conflict,147.99,-5.79,230.5824,,,,,,,,,,,,
TRBFKSL128F934AF61,Tuck That Sh*t,Messy Marv,63.198,-5.347,163.10812,,,,,,,,,,,,
TRBFKVH128F4262579,Arco Arena,Cake,157.992,-9.558,91.32363,,,,,,,,,,,,
TRBFLER128F148C52B,Pictures To Prove It,The Mighty Mighty Bosstones,160.138,-7.467,196.10077,,,,,,,,,,,,
TRBFLFI128F427F374,Stop The World,RIDDLIN' KIDS,144.721,-3.044,195.65669,,,,,,,,,,,,
TRBFLHH128F429FDEA,Baby Please Don't,Tampa Red,72.177,-13.939,181.08036,,,,,,,,,,,,
TRBFLIP128E07897B4,Things I Don't Understand,Coldplay,137.008,-6.473,295.67955,,,,,,,,,,,,
TRBFLIS128F9306558,Mi Gitana (feat. The Dey),Los Del Rio_ The D.E.Y.,103.928,-8.22,206.68036,,,,,,,,,,,,
TRBFLJY128F4289291,Hold On (Album Version),The Rance Allen Group,140.283,-6.465,296.6722,,,,,,,,,,,,
TRBFLOA128E078FA6A,I Can't Rest,Fontella Bass,124.826,-6.754,175.38567,,,,,,,,,,,,
TRBFLOC128E0791630,Love Island (LP Version),Eumir Deodato,148.277,-13.114,397.66159,,,,,,,,,,,,
TRBFLOH128F42630E3,You Are Everything,Regina Belle,135.985,-7.991,225.33179,,,,,,,,,,,,
TRBFLQW128F1483D44,Wo Ai Ni_ Zai Jian!,Sammi Cheng,98.485,-10.75,255.76444,,,,,,,,,,,,
TRBFLSD128F42A0F4C,A Piece Of My Heart,Gang Of Four,143.606,-11.796,196.49261,,,,,,,,,,,,
TRBFLZD12903CE8824,Nostalgia for Infinity,Jonn Serrie,144.354,-18.626,781.60934,,,,,,,,,,,,
TRBFMAS128E078F352,Marvel Hill,The Cardigans,105.919,-8.022,255.39873,,,,,,,,,,,,
TRBFMAZ128F92F3A2A,Let's Get High (Yves Larock Radio Edit w Rap),Anane,84.682,-5.554,225.07057,,,,,,,,,,,,
TRBFMBC128F4280A31,Raindrops Keep Falling On My Head,David Arkenstone,91.888,-15.737,236.09424,,,,,,,,,,,,
TRBFMCF128F42885AC,Live Then Lay,Naughty By Nature featuring Phiness,107.936,-9.742,241.24036,,,,,,,,,,,,
TRBFMCN128F423625D,Got The Blues,Blind Lemon Jefferson,101.676,-19.239,175.15057,,,,,,,,,,,,
TRBFMDY128F426E9B4,Turn Yourn Radio On,Andy Griffith,160.623,-11.579,151.32689,,,,,,,,,,,,
TRBFMFO128F421BFD4,Serenata,Tranzas,126.956,-6.682,204.85179,,,,,,,,,,,,
TRBFMGE12903CDECE5,Donnez-nous des jardins,Pierre Perret,108.241,-10.987,238.10567,,,,,,,,,,,,
TRBFMGQ128F931E0A0,Love Is What We Make It,Kenny Rogers,156.507,-15.835,258.89914,,,,,,,,,,,,
TRBFMIU12903CB8536,So Long (Originally Performed by Abba),The Meatmen,149.79,-5.712,211.3824,,,,,,,,,,,,
TRBFMKO128F426EB91,Mr. Crump,Mum,83.341,-7.665,242.18077,,,,,,,,,,,,
TRBFMMC12903CF6047,Brown Eyed Girl,The Sonics_ Charlie & The Tunas,130.382,-10.207,243.1473,,,,,,,,,,,,
TRBFMTO128F9322AE7,Start Me Up,The Rolling Stones,130.372,-3.237,242.20689,,,,,,,,,,,,
TRBFMVM128F9361E39,C'est pour vous que je chante,Les Hou-Lops,99.214,-8.675,177.50159,,,,,,,,,,,,
TRBFMWC128F4281F9B,New Round And Round,Casey Bill Weldon,107.957,-18.742,183.71873,,,,,,,,,,,,
TRBFMWE128F933A55F,Lucky Fellow - Original,Leroy Hutson,97.691,-13.629,291.49995,,,,,,,,,,,,
TRBFMZP128F1490058,Mi Vida Se Pinto De Gris,Yndio,107.741,-6.419,162.61179,,,,,,,,,,,,
TRBFNBC12903CA9800,Good Morning Captain,The Black Crowes,130.692,-12.024,202.91873,,,,,,,,,,,,
TRBFNBZ128EF34EF11,Jumke,Sukshinder Shinda,91.513,-6.607,303.882,,,,,,,,,,,,
TRBFNDW128F9359ECE,Coffee Blues,Mississippi John Hurt,111.722,-12.818,198.76526,,,,,,,,,,,,
TRBFNEE128F425C676,Human Being,The New York Dolls,154.763,-10.193,344.45016,,,,,,,,,,,,
TRBFNFN128F1473A51,No Love To Give (LP Version),The Rascals,78.19,-15.529,168.56771,,,,,,,,,,,,
TRBFNGV12903D0F07F,Words- Till the mornin' comes Mix,Liquid Spill,140.133,-8.948,376.16281,,,,,,,,,,,,
TRBFNLX128F4249752,Please Love Me,B.B. King,103.859,-6.555,170.68363,,,,,,,,,,,,
TRBFNMG128F4278109,Reefer Head Woman,Aerosmith,94.423,-12.328,241.8673,,,,,,,,,,,,
TRBFNMW12903CBF3CE,Ain't She Sweet,The Beatles / Tony Sheridan,159.437,-7.455,130.95138,,,,,,,,,,,,
TRBFNOL128F930AA0B,Bside,Various Production,151.992,-16.775,239.90812,,,,,,,,,,,,
TRBFNOR128F933B0F5,Twist Y Gritos (Twist & Shout),Los Fabulosos Cadillacs,149.767,-4.468,151.92771,,,,,,,,,,,,
TRBFNSL128F42776F9,Immigrant Song (Album Version),Led Zeppelin,150.569,-10.544,145.05751,,,,,,,,,,,,
TRBFNWA128F9324891,The Power Of,Nora,74.074,-7.168,198.63465,,,,,,,,,,,,
TRBFNYS128EF3412E8,Festival Of Holi,Brian Tyler,122.653,-13.85,128.54812,,,,,,,,,,,,
TRBFNZQ128F4249CCA,Having A Little Talk With Jesus,Brenda Lee,93.033,-9.334,133.69424,,,,,,,,,,,,
TRBFNZT128F429201E,Kuolema Tekee Taiteilijan,Nightwish,139.482,-12.967,238.54975,,,,,,,,,,,,
TRBFOBX128F92F9031,Tennessee Central Number Nine,Pee Wee King,127.924,-13.098,162.21995,,,,,,,,,,,,
TRBFODQ128F9338635,Don't Stop,Scweez,105.037,-8.11,204.32934,,,,,,,,,,,,
TRBFOEA128F425D2DB,Soda Pop,John Fogerty,105.131,-7.333,354.35057,,,,,,,,,,,,
TRBFOEB128F9305372,It Must Be Everywhere (Complete Version),Nazz,167.829,-9.889,151.562,,,,,,,,,,,,
TRBFOGL128F92C3AFA,Mon Legionnaire,Marcel Azzola,73.526,-21.14,323.39546,,,,,,,,,,,,
TRBFOIB128F427DC1C,You Were There,Fläskkvartetten / Daniel Bellqvist,60.956,-12.844,258.16771,,,,,,,,,,,,
TRBFOIY128F93414D1,BOOM!!!,Albin Myers,127.84,-8.571,425.61261,,,,,,,,,,,,
TRBFOKS12903CA0692,Other Side of You,DJ Harry,133.343,-6.152,327.47057,,,,,,,,,,,,
TRBFOLO12903CB2676,Kissing Game,2XL,102.949,-4.958,230.37342,,,,,,,,,,,,
TRBFOLR12903CBE719,Un Minuto Contigo (One Moment),Edmundo Ros,127.443,-22.153,135.88853,,,,,,,,,,,,
TRBFOQI128F93428AC,¡Hola_ Pequeño Ser!,Pescado Rabioso,111.011,-12.977,579.44771,,,,,,,,,,,,
TRBFOVT128F4242079,Everyday Struggle (Bonus),Agency 1.9.9.4,135.095,-8.806,168.12363,,,,,,,,,,,,
TRBFOZC128F14874A1,Everybody's Someone (Gateway Mix),Leann Rimes & Brian McFadden,137.87,-5.872,224.83546,,,,,,,,,,,,
TRBFPCL128F1481F2A,Man Smart Woman Smarter,Robert Palmer,157.788,-11.472,181.73342,,,,,,,,,,,,
TRBFPEP128F14ADD52,Gloria (In The Name Of Love Album Version),Audio Adrenaline,144.987,-4.035,285.83138,,,,,,,,,,,,
TRBFPJD128F933B5C3,Two of a Kind,Frost,154.753,-5.981,271.882,,,,,,,,,,,,
TRBFPMG128F148F505,Shen Lai,Dylan Kuo,155.726,-5.105,186.22649,,,,,,,,,,,,
TRBFPMP12903CAF2C3,The Preacher,The Bronx Horns,123.768,-8.559,265.61261,,,,,,,,,,,,
TRBFPNE128F92E40CB,Principe Nino,Gonzalo Rubalcaba,142.839,-12.101,374.49098,,,,,,,,,,,,
TRBFPRF128F92FB507,Blues All Around My Bed,Precious Bryant,179.081,-11.301,154.30485,,,,,,,,,,,,
TRBFPRL128F14569B9,Paper Thin,Leona Naess,120.36,-12.793,645.38077,,,,,,,,,,,,
TRBFPRL128F9316B53,Another Day Another Night,Klubbingman feat. Beatrix Delgado,142.956,-4.95,209.29261,,,,,,,,,,,,
TRBFPVQ128F428B0D2,Carolan's Concerto,The Chieftains,175.711,-14.344,185.86077,,,,,,,,,,,,
TRBFPYV128F421FA78,Gangsta Lean (Gangstapella),D.R.S.,165.168,-22.258,237.16526,,,,,,,,,,,,
TRBFPZP128F4260621,Cafe deClouet,Galactic,102.841,-30.249,21.39383,,,,,,,,,,,,
TRBFQGP128F42948DA,Hired Security,The Harvard Lampoon Comedians,151.215,-10.447,77.21751,,,,,,,,,,,,
TRBFQHY128F4242356,Slipping Away/Here Is Kazmeyer,Information Society,90.011,-13.573,251.61098,,,,,,,,,,,,
TRBFQII128F930D519,The Unidentified Flying Object,Perrey And Kingsley,140.638,-12.12,119.64036,,,,,,,,,,,,
TRBFQMK128F92FF85E,Comfort Creek,Barbara Fairchild,186.423,-10.576,178.36363,,,,,,,,,,,,
TRBFQOC128F9313B77,Cierra Los Ojos Y Juntos Recordemos - Original,Yolandita Monge,110.599,-15.632,214.49098,,,,,,,,,,,,
TRBFQPI128F4280CDA,Love Is Gone (Eddie Thoneick's Liberte Mix),David Guetta - Joachim Garraud - Chris Willis,85.351,-9.173,432.90077,,,,,,,,,,,,
TRBFQQY128F4249C56,Destroy Everything (Album Version),Hatebreed,110.016,-3.08,209.05751,,,,,,,,,,,,
TRBFQTF128F933EDCA,The Gre(A)t Depression,Anti-Flag,146.141,-5.032,188.55138,,,,,,,,,,,,
TRBFQZS12903CC9965,See You in the Morning,Pam Thum,141.175,-11.178,291.02975,,,,,,,,,,,,
TRBFRFR128E0781C86,Automatic,Less Than Jake,133.05,-4.285,125.28281,,,,,,,,,,,,
TRBFRMV128F42214A6,I Don't Wanna be a War Hero,Anti-Flag,106.065,-6.459,99.00363,,,,,,,,,,,,
TRBFRNA128F4263D74,Bestio Tergum Degero Pt. 3,Pelt,87.46,-14.223,116.58404,,,,,,,,,,,,
TRBFRNE128F42368B1,Kick_ Push II (Album Version),Lupe Fiasco,85.015,-4.237,251.68934,,,,,,,,,,,,
TRBFRNS128F4274F9A,Snapshot Samurai,Her Majesty's Finest,139.878,-4.762,147.98322,,,,,,,,,,,,
TRBFRNX128F9306093,True Love,Tyrone Taylor,174.33,-7.06,290.16771,,,,,,,,,,,,
TRBFRPF128F423F642,Introitus: Requiem: Dies Irae,Kuijken Kwartet,135.759,-20.868,125.93587,,,,,,,,,,,,
TRBFRPH128F42593D2,You're My First Lady,T.G. Sheppard,157.968,-18.261,210.75546,,,,,,,,,,,,
TRBFRQJ128F4261793,Christmas Won't be the Same Without Johnny,Dr. Elmo,98.508,-16.709,152.37179,,,,,,,,,,,,
TRBFRYD128F425E521,Nocturne For Piano No. 5 In B Flat Major_ Op. 37,David Jalbert,90.19,-25.698,508.02893,,,,,,,,,,,,
TRBFRYS128F1468FA5,Ma Préférence (Live),Julien Clerc,97.007,-12.623,266.29179,,,,,,,,,,,,
TRBFRZI128F427E827,Hold On,The Jason Bonham Band,142.26,-8.013,260.51873,,,,,,,,,,,,
TRBFRZX128F9341EAE,We Got What You Want,Busta Rhymes,176.83,-5.349,231.49669,,,,,,,,,,,,
TRBFSAI128F92F4AC0,East Bay Bounce,Paul Taylor,100.058,-4.73,249.83465,,,,,,,,,,,,
TRBFSEX128F9300418,Teska (Teska),Greek Gypsy Musicians,158.419,-11.277,214.72608,,,,,,,,,,,,
TRBFSKB128F145C5B1,Forever,VHS Or Beta,123.847,-5.82,343.562,,,,,,,,,,,,
TRBFSNP128F14572B5,One Night Alone,Vixen,129.846,-12.818,229.642,,,,,,,,,,,,
TRBFSPA128F9340CDC,Infant Dreams,Bill Douglas,108.948,-33.364,147.17342,,,,,,,,,,,,
TRBFSPK128F92F3A22,Why,Kol Simcha,156.27,-24.568,548.38812,,,,,,,,,,,,
TRBFSPZ12903CB5230,All The Way,Joey McIntyre,202.693,-19.928,173.322,,,,,,,,,,,,
TRBFTFY12903CEDB2F,Mom,Josh Mullins,81.827,-13.675,162.01098,,,,,,,,,,,,
TRBFTGO128F92CF831,Ballroom Floor,Dennis Brown,88.384,-8.588,218.46159,,,,,,,,,,,,
TRBFTHM12903CCC8FD,Goodnight Irene,Kingston Trio,142.763,-13.196,165.48526,,,,,,,,,,,,
TRBFTJP128F426AC3F,Music In Dreamland,Be Bop Deluxe,126.729,-11.969,285.1522,,,,,,,,,,,,
TRBFTWM128F932535D,Ole Con Ole,Peret,144.072,-10.903,170.91873,,,,,,,,,,,,
TRBFTZS128F425EAAB,Touch Your Button Carnival Jam,Wyclef Jean featuring will.i.am and Melissa Jiménez;Wyclef Jean featuring Machel Montano_ Daniela Mercury_ Black Alex_ and Djakout Mizik,129.703,-3.894,809.58649,,,,,,,,,,,,
TRBFUDB128F429C1B8,90er,Headliners,170.041,-4.281,347.79383,,,,,,,,,,,,
TRBFULU128F1486D18,Itinerario,Clementina De Jesus,212.401,-9.735,181.39383,,,,,,,,,,,,
TRBFUMI128F42B5731,Stephanie Says,The Velvet Underground,112.48,-15.591,170.89261,,,,,,,,,,,,
TRBFUNY128C7196B7D,Music And Politics,The Disposable Heroes Of Hiphoprisy,108.616,-18.454,241.52771,,,,,,,,,,,,
TRBFUPH128F426310A,Free (lp),Big Audio Dynamite,122.077,-12.019,209.97179,,,,,,,,,,,,
TRBFUPZ128F145DB81,Más Y Más,Mazz,106.847,-13.327,251.61098,,,,,,,,,,,,
TRBFURI128F1455498,Under The Weather,KT Tunstall,142.121,-9.911,216.5024,,,,,,,,,,,,
TRBFUSW128F92D0357,Say Goodbye,Barry Manilow,120.08,-7.518,247.24853,,,,,,,,,,,,
TRBFUTW128F93112E3,Fleur De Paris,Jean Marc Thibault,136.577,-14.406,138.94485,,,,,,,,,,,,
TRBFUUY128F426D21B,Jahuu_ Gandiva laulaa!,Sabda Brahma,119.987,-9.651,349.51791,,,,,,,,,,,,
TRBFUXQ128F145B135,After All The Love Is Gone,Alias,120.093,-10.223,256.67873,,,,,,,,,,,,
TRBFVAA128F423C356,Wake Up Call (Album Version),The Prodigy,115.236,-2.029,296.38485,,,,,,,,,,,,
TRBFVAS128F93576F0,Where Are You?,Arthur Tracy,81.858,-17.193,188.86485,,,,,,,,,,,,
TRBFVDB128F423EA48,Carita De Rosa,Gertrudis,208.002,-5.92,233.27302,,,,,,,,,,,,
TRBFVEM128F147508C,Zambele (1997 Digital Remaster),Clara Nunes,171.505,-10.363,193.48853,,,,,,,,,,,,
TRBFVEP128F42621E3,World Comes Tumblin' Down,The Distillers,178.142,-5.008,188.21179,,,,,,,,,,,,
TRBFVEP12903CF345D,Big World,David Saylor,102.99,-8.852,217.65179,,,,,,,,,,,,
TRBFVKF128F92C8724,LOVESICK - Obsession in ¾ Time,Philippe Sarde,167.559,-18.226,172.30322,,,,,,,,,,,,
TRBFVMO128F14537D3,All Alone (Live),Gorillaz,148,-7.36,219.37587,,,,,,,,,,,,
TRBFVOP12903CF0DFA,Jesus Is the Lord,Andrae Crouch,85.989,-11.714,352.86159,,,,,,,,,,,,
TRBFVRE12903CC70CA,Pobre diabla (Directo 09),Carlos Baute,122.645,-4.548,236.77342,,,,,,,,,,,,
TRBFVTI12903CFD630,The Object Of My Affection,Russ Morgan,100.341,-14.728,197.38077,,,,,,,,,,,,
TRBFVZI128F147FCAF,Please Come Out Tonight,Phil Collins,89.921,-15.018,346.5922,,,,,,,,,,,,
TRBFVZZ128F92FD7B5,Llegaste Tú,Huey Dunbar,98.998,-5.951,249.52118,,,,,,,,,,,,
TRBFWCC128F93017D3,Celluloid Heroes,Bon Jovi / Ray Davies,130.281,-5.158,336.84853,,,,,,,,,,,,
TRBFWFX128E079531B,First Day (Album version),Timo Maas,124.995,-5.797,232.38485,,,,,,,,,,,,
TRBFWGM128F4243B40,Jole Brun,Harry Choates,152.709,-16.188,138.1873,,,,,,,,,,,,
TRBFWSP128F92F29B4,Bed Of Roses,Warrant,123.245,-6.228,244.08771,,,,,,,,,,,,
TRBFWSU12903CC36BE,Wives ( LP Version ),Bill Cosby,109.516,-13.915,157.43955,,,,,,,,,,,,
TRBFWTU128F4220AC5,Credits,Pete Miser,95.761,-8.236,32.96608,,,,,,,,,,,,
TRBFWVA128F42265AD,Bonita,Barbara Lusch,121.379,-14.048,263.81016,,,,,,,,,,,,
TRBFWWA128F425BD1E,Indo,Studio,100.648,-18.786,568.99873,,,,,,,,,,,,
TRBFWWX128F933936C,Losing track,You Should Go Ahead,143.513,-3.137,234.78812,,,,,,,,,,,,
TRBFWXD128E0780DBB,Every You Every Me (Infected By The Scourge Of The Earth),Placebo,136.957,-6.519,237.94893,,,,,,,,,,,,
TRBFWYX128F145F889,Fly Talkin',Lil Wayne,123.881,-3.887,98.16771,,,,,,,,,,,,
TRBFWZM128F4223E44,Youll Rue The Day,Spade Cooley,102.846,-26.646,181.31546,,,,,,,,,,,,
TRBFXLH12903CBAFAD,Two of a Kind_ Workin' on a Full House,Hushabye Baby,248.079,-16.386,224.05179,,,,,,,,,,,,
TRBFXLM128F424794B,L'Ardechoise Aux Cheveux Blanc,Alain Turban,137.495,-9.86,211.53914,,,,,,,,,,,,
TRBFXMJ12903CB50F6,Freaxxx,brokeNCYDE,119.612,-11.588,214.9873,,,,,,,,,,,,
TRBFXOQ128F426A061,Loud & Clear (featuring Defari_ King T & Butch Cassidy),Xzibit,96.57,-6.065,213.78567,,,,,,,,,,,,
TRBFXQM128F92FFAFB,Pokrusa,Lili Ivanova,139.603,-10.027,256.83546,,,,,,,,,,,,
TRBFXQT128F148D15B,Writes Of Winter,Jimmy Page,81.982,-9.727,207.72526,,,,,,,,,,,,
TRBFXSF128EF361A07,Pedazo De Idiota,Mercedes Castro,151.984,-5.154,189.46567,,,,,,,,,,,,
TRBFXVN128E078CF62,Bro. Bill  (LP Version),Cactus,126.537,-9.013,310.64771,,,,,,,,,,,,
TRBFXVP128F42304C4,Don't Mess With the IRS,Dr. Elmo,170.474,-8.312,159.32036,,,,,,,,,,,,
TRBFYFA128F14A0E53,Dancing With Tears In My Eyes 2004 (Nova Mix (Club Version)),Novaspace,139.991,-7.915,389.61587,,,,,,,,,,,,
TRBFYIZ128EF34C3C7,Fear Factor (Shiny Happy Jihad),Joe Rogan,58.165,-9.689,183.97995,,,,,,,,,,,,
TRBFYJE128F14A8ABF,Man No Sober (LP Version),Steel Pulse,153.264,-10.762,266.05669,,,,,,,,,,,,
TRBFYJT128F9346CA4,Sudenkorento -Life On Mars-,Hector,120.833,-6.752,223.13751,,,,,,,,,,,,
TRBFYKT128F428AFF7,Like I Never Loved Before,Phil Vassar,131.458,-8.387,265.24689,,,,,,,,,,,,
TRBFYPB128F9340C24,Brivdiena,Intars Busulis,140.076,-6.447,206.31465,,,,,,,,,,,,
TRBFYPH12903CF00EA,Titan,The Bongo Man,85.915,-7.596,447.58159,,,,,,,,,,,,
TRBFYQM12903CA9186,I Don't Love You Anymore,George Jones,134.132,-11.341,143.0722,,,,,,,,,,,,
TRBFYQS128F92E83A0,Show Some Love Where Is The Love feat. MackaB,Carroll Thompson,171.991,-8.091,425.19465,,,,,,,,,,,,
TRBFYXK128F92F2B56,Inti Guauqui,Jorge Alfano,32.239,-24.991,275.82649,,,,,,,,,,,,
TRBFYZQ128F932CC82,Dying Under A Binary Star,Crematorium,84.913,-5.428,198.26893,,,,,,,,,,,,
TRBFZCS128F4244983,It Gwine Dreada,The Twinkle Brothers,120.538,-12.828,194.63791,,,,,,,,,,,,
TRBFZEO128F425AFAA,Sunday In Marin,Chris Camozzi,168.069,-9.75,276.40118,,,,,,,,,,,,
TRBFZMK12903D0E7BE,Hurry Up And Come,Cocoa Tea,160.022,-5.75,225.54077,,,,,,,,,,,,
TRBFZPR128F145EAB9,Quan Tou Tang,Miriam Yeung,90.027,-7.963,258.5073,,,,,,,,,,,,
TRBFZRA128F427030C,Da Da Da Da,Tha Liks,93.328,-4.603,294.13832,,,,,,,,,,,,
TRBFZRF128F92DCD89,When There's A Will_ There's A Way,Jimmy Johnson,182.542,-12.293,203.44118,,,,,,,,,,,,
TRBFZRR12903CE48D1,Marrakech,Juan Carmona; Ricardo Larroze,115.231,-9.464,234.05669,,,,,,,,,,,,
TRBFZTR12903D0255C,Mua rakastan,Murskahumppa,132.368,-8.37,121.57342,,,,,,,,,,,,
TRBFZVG128F424770A,TU MIRADA,Antonio Koudele,96.621,-9.633,297.06404,,,,,,,,,,,,
TRBGACK12903CD5CF5,Ma vie n'est pas la tienne (album),Najoua Belyzel,112.965,-7.881,237.71383,,,,,,,,,,,,
TRBGADW128F427E133,Judge Harsh Blues (Tk. 1),Furry Lewis,123.111,-15.39,151.97995,,,,,,,,,,,,
TRBGADY128F148435D,Carolyn & Barnabas,Dark Shadows,158.389,-22.356,79.80363,,,,,,,,,,,,
TRBGASN128F427BF8F,I'm Glad,Jennifer Lopez,93.95,-5.229,224.39138,,,,,,,,,,,,
TRBGAUG128F428378E,Singing  Bowls_Saxophone & Voice,Jane Winther,76.009,-21.207,329.42975,,,,,,,,,,,,
TRBGAUU128F93382E0,Chanson Populaire,Vincent Baguian,88.24,-8.131,167.65342,,,,,,,,,,,,
TRBGAVN128F424142C,"Theme From ""Come September"" (LP Version)",Bobby Darin,108.462,-15.437,155.6371,,,,,,,,,,,,
TRBGAWQ128F9305F25,Famous One,Seventh Day Slumber,118.62,-5.742,265.82159,,,,,,,,,,,,
TRBGAXJ12903CB10B1,One Love,David Rose & His Orchestra,84.688,-16.877,179.98322,,,,,,,,,,,,
TRBGBBC128F4281E56,So Say I,Mr Brown,140.252,-6.024,147.1473,,,,,,,,,,,,
TRBGBDH12903CE9EA8,Big Trouble Upstairs,Pitch Black,118.926,-12.195,283.32363,,,,,,,,,,,,
TRBGBDZ12903CA0B18,Siempre,Reptil,120,-7.009,220.3424,,,,,,,,,,,,
TRBGBEE12903CBD301,One Thing,YZ,89.995,-12.836,267.59791,,,,,,,,,,,,
TRBGBGH128F14A23E5,Sometimes,Les Rythmes Digitales feat. Nik Kershaw,123.829,-4.249,297.45587,,,,,,,,,,,,
TRBGBGO128F4264203,Talk Of The Town,Firehouse,119.423,-7.352,278.12526,,,,,,,,,,,,
TRBGBIK128F4294A67,Denk,Samy Deluxe,164.041,-5.129,237.19138,,,,,,,,,,,,
TRBGBIZ12903CB26BA,Electric Phase / Hot 'n' Ready / Pack It Up 'n' Go / Cherry / Out In The Street / Let It Roll / Too Hot To Handle,UFO,134.531,-14.402,1819.76771,,,,,,,,,,,,
TRBGBLG128F9333AA0,124 Stomp,Azukx,123.003,-11.933,438.90893,,,,,,,,,,,,
TRBGBLR128F4298AA9,You Can Make It (Album Version),Douglas Miller,105.958,-10.476,247.09179,,,,,,,,,,,,
TRBGBQC12903CD7B4F,The Story Of An Artist,Daniel Johnston,106.927,-12.162,296.54159,,,,,,,,,,,,
TRBGBSQ128F93673BD,Many Weapons Many Men,Criminal Class USA is Hush Hush Revolution,146.93,-4.861,174.18404,,,,,,,,,,,,
TRBGBTM12903CA6613,Será cuando regreses,Noemí,88.304,-10.984,178.23302,,,,,,,,,,,,
TRBGBUY128F422B413,Attic Room,Casiotone For The Painfully Alone,99.077,-7.549,188.94322,,,,,,,,,,,,
TRBGBWK128F4292BDC,A Movie Of A Placid Lake On A Moonless Night in September,Will Ackerman,92.331,-18.891,384.60036,,,,,,,,,,,,
TRBGBYN128F421991F,Te Vas Angel Mio,Michael Salgado,154.164,-7.031,212.63628,,,,,,,,,,,,
TRBGCAK128F425F3CC,Firestarter,The Prodigy,94.234,-6.504,225.09669,,,,,,,,,,,,
TRBGCJQ128F1453CB3,Rakkahin -Be My Love-,Virtuoso,123.869,-9.009,155.11465,,,,,,,,,,,,
TRBGCLK128F4237A50,Testify,Phil Collins,85.083,-5.295,392.82893,,,,,,,,,,,,
TRBGCSM12903C9D9CD,Kaliforn-Eye-A (Feat. Mike Muir),P.o.d,96.98,-4.96,267.80689,,,,,,,,,,,,
TRBGCUP12903CCFE38,Mohair Locker Room Pin-Up Boys,Adam Ant,82.048,-12.108,226.5073,,,,,,,,,,,,
TRBGCWM12903CF5BF7,Enslaved By Propaganda,Total Fucking Destruction,178.249,-5.021,132.17914,,,,,,,,,,,,
TRBGDBT12903CDD795,Stars (GROWTH Ultraviolence Mix),Ultraviolence,174.49,-3.264,271.12444,,,,,,,,,,,,
TRBGDCN12903CB8D6C,Rülpsen Sie Eine Hauptstadt,Tresenlesen,111.756,-9.31,513.61914,,,,,,,,,,,,
TRBGDCS12903C9E51C,Human Being (1972 demo),New York Dolls,131.348,-12.507,354.01098,,,,,,,,,,,,
TRBGDES128F4246FB0,Wouldn't Last a Weeg,The Weegs,87.735,-6.753,171.57179,,,,,,,,,,,,
TRBGDJY12903CEBF34,Tune In,Cutting Edge,83.066,-12.835,358.71302,,,,,,,,,,,,
TRBGDLJ128F428C6AA,All Hands On Deck part 2: Open Water [Album Version],Funeral For A Friend,90.098,-3.131,228.64934,,,,,,,,,,,,
TRBGDND128F9312B81,Doodlin',Kai Winding,112.222,-15.237,212.92363,,,,,,,,,,,,
TRBGDOU128F93341A2,Hermitage,Pat Metheny,103.562,-26.862,338.02404,,,,,,,,,,,,
TRBGDQS128F9341414,Open Arms,Gary Go,159.164,-4.182,217.86077,,,,,,,,,,,,
TRBGDRZ128F92F1D4D,Untitled,Brainchoke,99.654,-13.481,53.81179,,,,,,,,,,,,
TRBGDSJ128F931BB2B,The Magic Violin,Hot Club Of Cowtown,148.077,-9.68,163.10812,,,,,,,,,,,,
TRBGDXO128EF3531E8,I Will Call Upon the Lord,Bill Murk,149.972,-8.244,109.322,,,,,,,,,,,,
TRBGDXT128F1487E86,Stampede,He Is Legend,97.969,-6.808,207.12444,,,,,,,,,,,,
TRBGDYF128F4233ED0,Chira,Nikos Kalaintzis,100.441,-14.744,314.01751,,,,,,,,,,,,
TRBGEAZ12903CE8885,Booty Bounce,Mister Ries featuring Six Foe,149.988,-13.87,193.82812,,,,,,,,,,,,
TRBGEGB128F9345BD0,Come On Back Home,Cece Winans,95.997,-8.19,248.2673,,,,,,,,,,,,
TRBGEGG12903CDD71F,Earth Born,Kitaro,81.623,-30.712,173.45261,,,,,,,,,,,,
TRBGEGX128EF344507,Little Is Much When God Is In It (South African Homecoming Album Version),Gaither Vocal Band,103.979,-15.926,257.09669,,,,,,,,,,,,
TRBGEHK12903CEEFC0,Sannyasin,John Mayer,121.915,-16.739,38.3473,,,,,,,,,,,,
TRBGEIB128F930403D,Gheera Away,Ragheb Alama,94.709,-5.05,200.64608,,,,,,,,,,,,
TRBGEIP12903CE8853,E. Warren,DJ Omega,155.01,-10.873,260.80608,,,,,,,,,,,,
TRBGELF128E07915B8,My Harlem Lullaby (Album Version),Mase,133.827,-6.428,234.31791,,,,,,,,,,,,
TRBGELM128F424EDA2,Life's Railway To Heaven,PATSY CLINE & WILLIE NELSON,98.988,-6.939,175.41179,,,,,,,,,,,,
TRBGERR12903CB8EE9,Shining,Swans Of Avon,109.994,-5.996,228.41424,,,,,,,,,,,,
TRBGEUJ128F42B06B8,I Wish I Was A Punk Rocker (With Flowers In My Hair),Sandi Thom,121.982,-4.163,425.19465,,,,,,,,,,,,
TRBGEZA128F4286D23,Hello Space Boy,Behemoth,156.758,-4.159,209.05751,,,,,,,,,,,,
TRBGEZL12903CCC7E2,Dance of the Blue Devils,Les Brown,95.073,-17.087,183.87546,,,,,,,,,,,,
TRBGFAX128F4275F56,La Bruja Chafa,Bobby Pulido,179.318,-9.039,182.80444,,,,,,,,,,,,
TRBGFAX128F4291A66,The Sound From There,Norman Howard,53.354,-21.69,417.48853,,,,,,,,,,,,
TRBGFJP12903CED260,Sing Me Softly of the Blues,Richard Galliano_ Jean-Charles Capon_ Gilles Perrin,103.69,-19.34,347.6371,,,,,,,,,,,,
TRBGFKJ12903CC575F,Splitting The Seconds,Nightswimmer,119.885,-10.78,279.19628,,,,,,,,,,,,
TRBGFLG128F1465AFD,Shout For Joy  (Celtic Psalms Album Version),Eden's Bridge,90.121,-13.316,170.73587,,,,,,,,,,,,
TRBGFNK128F1495B8B,La Valse De La Cour (BOF Mayerling),Francis Lai,63.991,-10.976,183.92771,,,,,,,,,,,,
TRBGFOD128F423F43E,Best In LA,Marc Shaiman,69.919,-25.359,81.18812,,,,,,,,,,,,
TRBGFUW12903CA0E6B,Goin' To The River,Alice Cooper,140.456,-10.992,210.54649,,,,,,,,,,,,
TRBGFXC12903D01967,Locked Away,The Gathering,91.003,-7.913,203.49342,,,,,,,,,,,,
TRBGFXJ12903CAC91E,Min Xechnas (Forse),Dakis,137.289,-10.836,186.87955,,,,,,,,,,,,
TRBGFYI128F424742D,Here We Go Again,H-Town,99.81,-9.911,238.94159,,,,,,,,,,,,
TRBGGBF128F425E4D1,Rumour (Abstract Hip Hop Mix),bel canto,106.936,-17.795,78.49751,,,,,,,,,,,,
TRBGGFE128E0785AC0,Coral Fang (Album Version),The Distillers,95.075,-3.698,129.59302,,,,,,,,,,,,
TRBGGLA128F149C2EB,The Urban Gospel,Shade Sheist / N.U.N.E. / King Arthur,89.912,-7.673,262.3473,,,,,,,,,,,,
TRBGGOS128F9307FC5,The Second One,Remy Shand,177.963,-6.188,250.77506,,,,,,,,,,,,
TRBGGOT128F932DC65,18 De Noviembre,Maracaibo 15,181.002,-8.002,171.98975,,,,,,,,,,,,
TRBGGRK128F422CA7F,Laakista humppa,Elakelaiset,116.338,-2.421,67.3171,,,,,,,,,,,,
TRBGGRU12903CAAA2D,He Don't Care (He's Stoned),Dan Hicks,72.357,-32.535,159.9473,,,,,,,,,,,,
TRBGGTE128F424ECBC,One More Time (Kennedy Center Homecoming Version),The Katinas,80.945,-10.599,159.26812,,,,,,,,,,,,
TRBGGUL128F42ADE30,Ela Edo Kardia Mou,Irini Merkouri,155.979,-6.252,228.33587,,,,,,,,,,,,
TRBGGWQ128F42A88CF,Rich Girl,Daryl Hall & John Oates,178.825,-5.745,216.34567,,,,,,,,,,,,
TRBGGYE128F42B63AB,See What Tomorrow Brings,Arc Angels,125.787,-10.118,386.79465,,,,,,,,,,,,
TRBGHBW12903CDCF83,Hindsight,Call To Preserve,208.167,-2.03,44.30322,,,,,,,,,,,,
TRBGHFZ128F146984C,New Love,Ziggy Marley And The Melody Makers,129.393,-13.817,261.27628,,,,,,,,,,,,
TRBGHHB128F1487CD2,I'm Your Money (12'' Extended Version) (2006 Digital Remaster),Heaven 17,122.267,-9.796,311.43138,,,,,,,,,,,,
TRBGHJG128F428ADB4,Lovely Day,Lit,135.021,-3.93,246.80444,,,,,,,,,,,,
TRBGHKE128F9343BDD,Com Una Flama,Ai Ai Ai,91.97,-12.896,253.98812,,,,,,,,,,,,
TRBGHKQ128F4264A88,Los Tres Glopes / The Three Beats (danza),Cachao,81.24,-17.346,84.94975,,,,,,,,,,,,
TRBGHND128E079438C,Anything For My Baby,Kiss,139.706,-6.609,154.40934,,,,,,,,,,,,
TRBGHNM12903CC6797,Fields Of Athenry,The Shamrock Singers,114.276,-17.805,273.29261,,,,,,,,,,,,
TRBGHRA128F42B90E6,Explode,The Cardigans,124.013,-6.848,274.05016,,,,,,,,,,,,
TRBGHVM128F146B47A,Tango,Charly Garcia,126.948,-10.257,162.71628,,,,,,,,,,,,
TRBGHYG12903CEAC9C,When It Stings,Pictures of Then,163.959,-6.865,182.83057,,,,,,,,,,,,
TRBGHZA128F9340CE7,I See The Light (2002 Digital Remaster),Music Explosion,124.595,-11.459,155.11465,,,,,,,,,,,,
TRBGIAQ128F1483BFE,My Baby (Feat. Kanye West),Janet Jackson Featuring Kanye West,191.406,-6.946,257.14893,,,,,,,,,,,,
TRBGICJ128F427BA9A,Beni Aglatma,Mustafa Sandal,85,-11.772,202.9971,,,,,,,,,,,,
TRBGIDU128F4241A2E,The Last Man On Earth,Schoolyard Heroes,117.58,-12.826,202.00444,,,,,,,,,,,,
TRBGIKK128EF35DF32,The Flight of the serpentarius,Bruno Sanfilippo,146.008,-23.779,291.082,,,,,,,,,,,,
TRBGIPU128F4290454,Focus,DJ Isaac,172.371,-5.839,497.13587,,,,,,,,,,,,
TRBGISC128F9339F08,Life,Ill Harmonics,88.464,-15.686,71.99302,,,,,,,,,,,,
TRBGISL128F9342049,Another Lover,The Last Vegas,179.001,-3.492,237.11302,,,,,,,,,,,,
TRBGITG128F422F3FB,No Such Thing As Control (Album Version),Beneath The Sky,84.159,-3.996,275.9571,,,,,,,,,,,,
TRBGITL12903CF2662,Fear The Sea,The Gathering,131.502,-5.817,348.44689,,,,,,,,,,,,
TRBGIZH128F4252D9E,2 + 2 = 5,Radiohead,149.492,-5.636,198.47791,,,,,,,,,,,,
TRBGJCT128F933A606,100 Club 1996 ''We Love You Beatles'' - Live,Sex Pistols,190.333,-11.229,88.73751,,,,,,,,,,,,
TRBGJDW128F4292EDB,Karma,Alicia Keys,113.485,-6.155,255.99955,,,,,,,,,,,,
TRBGJDX12903CEC5C5,deine liebe,[kaleidoskop],144.463,-6.083,320.522,,,,,,,,,,,,
TRBGJFN128F429AB79,Vankina vapauden,Markus,97.103,-10.819,189.36118,,,,,,,,,,,,
TRBGJGI128F427CA73,To Pouli,Angela Dimitriou,111.661,-6.072,78.70649,,,,,,,,,,,,
TRBGJIZ128F92E42BC,Heartbreaker,Free,165.904,-11.68,229.56363,,,,,,,,,,,,
TRBGJMS12903CE5583,Pete's Crusade,Light Of The World,120.444,-13.546,247.74485,,,,,,,,,,,,
TRBGJOG12903CC3E93,Yo Quiero Contigo,Baby Rasta & Gringo,122.701,-8.383,167.36608,,,,,,,,,,,,
TRBGJOH128F932C0C4,Baby_ It's Gonna Cost You,Frenchy,85.515,-9.241,197.90322,,,,,,,,,,,,
TRBGJTK128F93417F6,Goody Goody,Charlie Byrd Trio,173.828,-19.664,232.93342,,,,,,,,,,,,
TRBGJXW128F42AE7D8,Sou Vazo Diskola,Natassa Theodoridou,139.423,-5.993,209.99791,,,,,,,,,,,,
TRBGJYR128F42371AB,Money Blues,Joanna Connor,92.471,-5.955,243.66975,,,,,,,,,,,,
TRBGJYY128F930DAEE,This Is A Stick Up,Ghetto Mafia,90.049,-9.383,286.37995,,,,,,,,,,,,
TRBGJZN12903D0D2FC,Emerald,Bedrock,129.988,-14.442,501.86404,,,,,,,,,,,,
TRBGKBZ128F931569B,Zeno Beach,Radio Birdman,197.631,-5.469,174.28853,,,,,,,,,,,,
TRBGKEY128F424AB37,Meteores mouvement de Chroniques de la lumier,Francis Dhomont,65.097,-17.91,391.49669,,,,,,,,,,,,
TRBGKGR128F92EE206,Telegrama,Zeca Baleiro,80.062,-10.202,364.72118,,,,,,,,,,,,
TRBGKHZ128F931C32E,Molten,Digital Mystikz,143.01,-6.304,299.49342,,,,,,,,,,,,
TRBGKJP128F9342D57,It Only Takes A Moment (Album Version),Eddie Cano,125.303,-14.714,176.16934,,,,,,,,,,,,
TRBGKJU128E079851F,The Road Goes On Forever,The Highwaymen,111.532,-9.851,282.33098,,,,,,,,,,,,
TRBGKLM128F425CF97,Phrase,Papa Wemba,170.966,-8.196,308.74077,,,,,,,,,,,,
TRBGKLU128F14901F6,The Daddy,Mario Rosenstock,116.052,-12.617,277.75955,,,,,,,,,,,,
TRBGKMB128F146E125,Medicine,Bobaflex,104.08,-4.515,151.43138,,,,,,,,,,,,
TRBGKOU128F148C6C6,Don't Waste My Time,John Mayall,209.955,-12.098,193.12281,,,,,,,,,,,,
TRBGKRS128F934AC0A,Love You to Pieces,Lizzy Borden,90.131,-4.118,232.98567,,,,,,,,,,,,
TRBGKTM128F9315B5E,Sachmagehtsnoch,Dendemann,106.023,-6.131,221.98812,,,,,,,,,,,,
TRBGKYA12903CF573B,Take That!,Richard Smith,101.013,-5.97,263.13098,,,,,,,,,,,,
TRBGKZD12903D13D23,From A Jack To A King,Ned Miller,99.312,-7.068,128.26077,,,,,,,,,,,,
TRBGLAD128F9343692,L'Amour Existe Encore,Lara Fabian,106.01,-7.336,229.72036,,,,,,,,,,,,
TRBGLBW12903D03B68,Les Dépenaillés,Klimperei,133.96,-6.566,110.10567,,,,,,,,,,,,
TRBGLCC128F427FE7D,Heut' Nacht,Spliff,107.965,-18.576,264.41098,,,,,,,,,,,,
TRBGLFD12903CD3D43,Diamond Eyes (Album Version),Deftones,153.713,-4.365,188.26404,,,,,,,,,,,,
TRBGLNE12903CEFC0E,Una dolce melodia,Franco_ Valeriana,112.181,-7.462,205.50485,,,,,,,,,,,,
TRBGLQN128F92E2637,The Witching Hour,John Mayall,172.909,-5.549,262.79138,,,,,,,,,,,,
TRBGLRQ12903CA86EE,Love Me,Jars Of Clay,128.018,-4.888,191.81669,,,,,,,,,,,,
TRBGLRU128F42A1F00,Leather Prowler,Liars,143.748,-10.578,265.09016,,,,,,,,,,,,
TRBGLST128F934DAF2,Put Down Your Weapons,Yami Bolo,85.811,-9.07,219.402,,,,,,,,,,,,
TRBGLSW12903CE3D8A,Underarms,Grandmaster Flash,117.535,-15.494,190.17098,,,,,,,,,,,,
TRBGLUT128F429F177,Te Necesito,Angelica Maria,81.649,-10.182,160.83546,,,,,,,,,,,,
TRBGMAW128F4231326,Terraplane Blues,Scott Ainslie,103.829,-11.703,208.1171,,,,,,,,,,,,
TRBGMAZ12903CC3707,L'idole des femmes,Pierre Perret,112.032,-8.649,143.46404,,,,,,,,,,,,
TRBGMHU128EF356CB8,The Harbour,Dario Marianelli,126.615,-22.074,227.99628,,,,,,,,,,,,
TRBGMIX128F9303ED6,All Or Nothing  (Wonderful World Album Version),Chris Eaton,100.811,-12.178,287.65995,,,,,,,,,,,,
TRBGMJB128F92E5936,Toda Mi Vida,Jay Pérez,201.21,-6.645,201.32526,,,,,,,,,,,,
TRBGMJD128F4266852,La Rosa,Bobby Pulido,196.681,-8.429,187.97669,,,,,,,,,,,,
TRBGMJF128F425E8EA,End Of The Beginning,30 Seconds To Mars,98.507,-5.64,277.28934,,,,,,,,,,,,
TRBGMKO128F933A55B,Dio Nisia,Giorgos Sabanis,116.024,-9.305,247.66649,,,,,,,,,,,,
TRBGMMC12903CEFD3C,Lift Jesus Up,The Jackson Southernaires,103.916,-8.922,235.36281,,,,,,,,,,,,
TRBGMNM128F932D140,Jubilation T. Cornpone,Shelly Manne,125.693,-16.39,190.74567,,,,,,,,,,,,
TRBGMOG128F92D75BD,Kicking And Screaming,Funeral For A Friend,134.009,-3.862,205.16526,,,,,,,,,,,,
TRBGMUA128F92E9A1C,Slow And Low,RUN-DMC,163.881,-7.663,266.21342,,,,,,,,,,,,
TRBGMWD12903D0F674,Lookin' for My Baby,Little Milton,110.3,-11.798,175.82975,,,,,,,,,,,,
TRBGMWQ12903CC23CD,Life's Blood,Eighteen Visions,109.44,-6.076,171.12771,,,,,,,,,,,,
TRBGMXY128F92FC2B2,Black Connect 3,Camp Lo,111.81,-10.481,267.17995,,,,,,,,,,,,
TRBGMZJ128F4264AA6,The Way Of Love (West Coast Diaries Vol. 1 Album Version),Charlie Peacock,114.216,-10.459,227.60444,,,,,,,,,,,,
TRBGNAF128F4253180,Leaving The Docks,Zbigniew Preisner,120.234,-25.221,87.45751,,,,,,,,,,,,
TRBGNAF128F9339532,Noche De Paz,SUMO,105.434,-5.454,127.05914,,,,,,,,,,,,
TRBGNBC128F423DCD8,Village Dance,Vana,146.606,-9.527,227.082,,,,,,,,,,,,
TRBGNCL128F428F56F,4 In The Morning,Gwen Stefani,124.517,-6.805,294.19057,,,,,,,,,,,,
TRBGNGY128F14738B8,Cajun Baby (LP Version),Commander Cody And His Lost Planet Airmen,166.531,-3.471,161.88036,,,,,,,,,,,,
TRBGNHU128F4220469,Midnight Jump,Sunnyland Slim,186.511,-18.679,246.04689,,,,,,,,,,,,
TRBGNLG128F930F891,Marching,The Zebras,151.199,-6.583,131.68281,,,,,,,,,,,,
TRBGNLU128F4221FF2,Que Suene Mi Campana,Sonora Carruseles,80.672,-5.878,264.07138,,,,,,,,,,,,
TRBGNNC128F148D427,For My People,EPMD,186.393,-10.553,188.31628,,,,,,,,,,,,
TRBGNPE128E078EC14,Just Don't Give A Fuck,Eminem,90.18,-2.198,242.62485,,,,,,,,,,,,
TRBGNPF128F930AB9B,Floating,Moist,104.989,-20.869,302.28853,,,,,,,,,,,,
TRBGNPH128F14AD17E,1001 Robots,Marco Beltrami,79.86,-18.41,256.39138,,,,,,,,,,,,
TRBGNQC128F428A9D1,You Don't Belong,Bad Religion,166.864,-4.716,169.87383,,,,,,,,,,,,
TRBGNUG128F92D43E2,Ring The Alarm,Naughty By Nature,142.82,-6.774,236.95628,,,,,,,,,,,,
TRBGNUV128F426D20F,Respect This Hustle (Explicit Album Version),T.I.,87.525,-4.919,266.84036,,,,,,,,,,,,
TRBGNVA128F92F6C7A,Meeran Sad Laeen Je Toon,Faiz Ali Faiz,89.3,-12.798,878.75873,,,,,,,,,,,,
TRBGOAU128F4255BDA,Again (Instrumental),Janet Jackson,130.229,-17.938,232.202,,,,,,,,,,,,
TRBGODE128E0785BC8,Come On (Sessions@AOL Version),Ben Jelen,136.217,-12.301,219.61098,,,,,,,,,,,,
TRBGOGV128F146D34D,Forget Me Knots (Bailey Remix),Roni Size,87.351,-5.456,397.08689,,,,,,,,,,,,
TRBGOOR12903CC5261,Tear It Up (LP Version),Michael McDonald,170.192,-8.358,267.83302,,,,,,,,,,,,
TRBGOPC128F4231959,Voyage to eternal Life,Astarte,128.518,-5.408,568.78975,,,,,,,,,,,,
TRBGOQJ128F4263E27,Radioland,The Cate Brothers,113.557,-9.958,273.8673,,,,,,,,,,,,
TRBGOVC128F934435E,If I Couldn't Hold Back The Dawn,Carl Smith,134.539,-22.359,156.55138,,,,,,,,,,,,
TRBGOWY12903D0E2A0,The Benevolent Path,Vulture Industries,100.078,-3.738,379.29751,,,,,,,,,,,,
TRBGPAX12903CEC037,Down South Blues,Sleepy John Estes,78.498,-18.335,188.26404,,,,,,,,,,,,
TRBGPCC128F428FF02,Looking In Your Eyes,Suicidal Tendencies,166.09,-9.966,167.78404,,,,,,,,,,,,
TRBGPGF128F4259319,Doin' It,Professor Longhair,143.29,-13.715,242.31138,,,,,,,,,,,,
TRBGPHG12903CE6CC3,The Law Gonna Step On You (1931),Bo Carter,116.083,-15.925,162.24608,,,,,,,,,,,,
TRBGPHO128F4254D34,It Came Upon A Midnight Clear,Cristy Lane,120.227,-7.954,142.70649,,,,,,,,,,,,
TRBGPJP128E078ED20,Crazy,Aerosmith,232.709,-4.43,318.61506,,,,,,,,,,,,
TRBGPQQ128F427ADDD,Bitches For Breakfast,Vodka Collins,151.357,-8.977,119.30077,,,,,,,,,,,,
TRBGPSV12903CA9C25,Rude Bwoy Love (feat. Dj Fly_ Dj Traxx_ T.Williams),Nicky B_ Naëlle,173.974,-5.794,251.55873,,,,,,,,,,,,
TRBGPWE128F421CCB4,All For The Sake Of The Song,Roger Creager,80.975,-9.776,277.55057,,,,,,,,,,,,
TRBGPWO128F930B503,Red Barchetta (feat. James LaBrie_ James Murphey_ Sean Malone_ Sean Reinert & David Townson),Steve Morse,154.113,-5.097,342.09914,,,,,,,,,,,,
TRBGPXH128F428C912,Chiove,Rita Chiarelli,99.381,-16.107,228.38812,,,,,,,,,,,,
TRBGPYK128F42796E1,Des Vôtres,Fredericks_ Goldman_ Jones,153.939,-9.985,344.21506,,,,,,,,,,,,
TRBGPZX128F4285105,Apagon,Estopa,146.051,-7.541,185.83465,,,,,,,,,,,,
TRBGQAB128E07877E4,Parallel Universe (Album Version),Red Hot Chili Peppers,124.915,-2.976,269.34812,,,,,,,,,,,,
TRBGQAO128EF35A1AD,Lullaby [With Ladysmith Black Mambazo] (Album Version),Josh Groban,91.087,-15.95,152.0322,,,,,,,,,,,,
TRBGQER12903CAAF1A,Danny,Billie Jo Spears,64.996,-10.963,124.9171,,,,,,,,,,,,
TRBGQFB128F427FD09,Magiki Vradia,Irini Merkouri,109.974,-6.321,230.21669,,,,,,,,,,,,
TRBGQFF128F42BAE97,Walk On The Wild Side,Jesse Malin,88.011,-8.14,238.52363,,,,,,,,,,,,
TRBGQGL128F92D5186,Elsa,Monique Morelli,180.854,-12.957,196.44036,,,,,,,,,,,,
TRBGQIX128F934E7F4,Little Sunflower,Alexander Zonjic,113.41,-7.742,259.21261,,,,,,,,,,,,
TRBGQKE128F425EDC9,Dangerously In Love Medley,Beyoncé,109.522,-5.584,419.70893,,,,,,,,,,,,
TRBGQTD128F42658D8,Army,Tunsi,84.606,-13.537,12.72118,,,,,,,,,,,,
TRBGQWH128F933C413,The Court,Zbigniew Preisner,35.351,-31.708,63.63383,,,,,,,,,,,,
TRBGRAL128F42480F9,Dance Of Romance,Knack,110.462,-7.742,215.64036,,,,,,,,,,,,
TRBGRAN128F9339A1B,Creep Live Version,Maximilian Hecker,70.784,-13.527,330.63138,,,,,,,,,,,,
TRBGRFB128F145DA2E,It Takes A Village (To Raise A Nut) (Live),Tim Wilson,92.755,-8.073,154.27873,,,,,,,,,,,,
TRBGRGB128F4289283,Over The River,Bitty McLean,127.601,-10.172,216.21506,,,,,,,,,,,,
TRBGRGT12903CC5019,11th Street,Open Hand,156.581,-4.842,278.56934,,,,,,,,,,,,
TRBGRIM128F424E1D3,Tre sonetti di Petrarca: III. I' vidi in terra angelici costumi - sonnet 156,Dennis O'Neill,66.807,-27.905,377.75628,,,,,,,,,,,,
TRBGRIP128F147FCA6,Everyday,Phil Collins,94.705,-9.808,343.43138,,,,,,,,,,,,
TRBGRKJ128F4261513,Too Far From The Tree,Angela Lashley,97.79,-14.85,196.17914,,,,,,,,,,,,
TRBGRLS12903CD13B4,Nostalgia,Emilio Tuero,140.354,-14.079,194.24608,,,,,,,,,,,,
TRBGRNH12903CF9685,Baby's Got A Habit,Joe Lynn Turner,122.414,-6.545,239.35955,,,,,,,,,,,,
TRBGRQE128F9353A29,The Climb/Paranoia,The Pharcyde,161.853,-5.178,247.11791,,,,,,,,,,,,
TRBGRSI128F92C9D4E,Amour noir N 7,Michèle Bernard,64.958,-14.293,136.98567,,,,,,,,,,,,
TRBGRVF12903C9F806,Stop!,Joe Bonamassa,85.401,-9.159,356.04853,,,,,,,,,,,,
TRBGRWH128F92E3551,Need,Tyrone Wells,159.9,-7.162,204.59057,,,,,,,,,,,,
TRBGRXO128F4282115,Collide,Howie Day,180.073,-12.316,277.002,,,,,,,,,,,,
TRBGSAQ128F1470B41,Tercer Mundo,Fito Paez,97.865,-7.107,284.26404,,,,,,,,,,,,
TRBGSBH128F93090D9,Watched By An Angel,Bob Carlisle,85.979,-7.484,274.54649,,,,,,,,,,,,
TRBGSCJ128F92F6D47,I'll Be Around,Frank Ifield,109.402,-9.64,151.71873,,,,,,,,,,,,
TRBGSCR128F92FE2AE,Keep Hope Alive,The Crystal Method,188.018,-9.276,341.08036,,,,,,,,,,,,
TRBGSGY128F149BE49,Getting Old Sucks (Album Version),Bill Engvall,80.162,-12.451,132.96281,,,,,,,,,,,,
TRBGSIG12903CA502C,Blow-Up (Outtake),Tomorrow,156.957,-10.445,113.26649,,,,,,,,,,,,
TRBGSJO128F93406CE,Carre Cutia,Hélio Ziskind,118.027,-12.802,148.50567,,,,,,,,,,,,
TRBGSJX128F92F863D,Still a Fool,Groundhogs,126.57,-13.806,1023.86893,,,,,,,,,,,,
TRBGSMY128F428D6BE,La Medalla,Los Chunguitos,103.886,-5.55,215.32689,,,,,,,,,,,,
TRBGSTS12903CD3528,The Wedding,Brian Dullaghan,99.863,-14.908,147.80036,,,,,,,,,,,,
TRBGSVD12903CDA8B8,Viralo Al Reves,Johnny Pacheco,107.329,-10.401,334.52363,,,,,,,,,,,,
TRBGSVO12903CFE3AE,Glow,King Swamp,172.054,-14.656,341.002,,,,,,,,,,,,
TRBGTAB12903CF8B83,Accept Me,Harvey Averne,81.311,-15.321,168.93342,,,,,,,,,,,,
TRBGTCB128F42548C2,"Piano Sonata No. 29 in B flat major Op. 106  ""Hammerklavier"" (2005 Digital Remaster): II.     Scherzo (Assai vivace) - Presto",Solomon,68.742,-21.835,150.56934,,,,,,,,,,,,
TRBGTHM128F933DBB1,For All We Know,Glen Ricks,174.856,-10.635,215.74485,,,,,,,,,,,,
TRBGTLW128EF34095C,Rick's Cafe,Christie Hennessy,143.844,-10.23,246.15138,,,,,,,,,,,,
TRBGTNZ128F1481BBD,Palavras,Nana Caymmi,99.133,-11.638,233.24689,,,,,,,,,,,,
TRBGTPK128F429E5D5,Coma,Aesop Rock,86.918,-8.025,236.64281,,,,,,,,,,,,
TRBGTPL128E0783C11,Me Duele,Joe Lopez,161.979,-7.434,199.36608,,,,,,,,,,,,
TRBGTZD128EF34B6C3,Nothing To Hold Me,Jesus Jones,66.246,-13.419,201.16853,,,,,,,,,,,,
TRBGUER128F422A0E6,Somewhere In Between,The Jackson Southernaires,90.846,-11.685,338.12853,,,,,,,,,,,,
TRBGUHQ128F933699C,Novakane,Black Sheep,88.264,-4.931,247.30077,,,,,,,,,,,,
TRBGUHX128F4279757,God In My Bed,K's Choice,87.679,-14.469,183.09179,,,,,,,,,,,,
TRBGUII12903CBF930,It Could Never Be You,Bonita,87.784,-10.656,288.57424,,,,,,,,,,,,
TRBGUKE128F42776B6,Alma_ Corazón Y Vida,Dyango,112.35,-6.785,248.16281,,,,,,,,,,,,
TRBGULP128F422F290,Defend You (Album Version),Silverstein,197.722,-2.14,208.16934,,,,,,,,,,,,
TRBGULR128F145DA35,Dale Darrell Waltrip Richard Petty Rusty Awesome Bill Irvin Gordon Earnhardt Smith...Johnson_ Jr. (Live),Tim Wilson,169.428,-6.059,123.58485,,,,,,,,,,,,
TRBGUPV128F427BCBA,St Patrick's An Dro,Carlos Nuñez,162.442,-8.295,213.89016,,,,,,,,,,,,
TRBGURA128F9316E7E,Holli Holi Nach Kuriye,Malkit Singh,56.886,-10.743,430.94159,,,,,,,,,,,,
TRBGUSS128F92F94BB,Looking For A Kiss,Sex Pistols,133.6,-6.617,190.74567,,,,,,,,,,,,
TRBGUTI128E07872F0,In My Hood (Explicit Album Version),Fabolous,90.086,-4.636,319.92118,,,,,,,,,,,,
TRBGUUE128F1494FB6,Baal's Hymn,David Bowie,141.816,-10.502,243.06893,,,,,,,,,,,,
TRBGUUF128F9334B97,No Hay Manera,El Gran Combo De Puerto Rico,192.417,-7.537,271.64689,,,,,,,,,,,,
TRBGVDI128F1495B59,Advice,Ann Nesby / Jamecia Bennett,110.058,-2.871,340.79302,,,,,,,,,,,,
TRBGVOJ12903CDA92E,Yo Soy Abacua,Bobby Valentin,126.202,-9.054,177.50159,,,,,,,,,,,,
TRBGVSE128EF3686B6,Let The Drummer Have Some,fIREHOSE,76.354,-21.439,61.83138,,,,,,,,,,,,
TRBGVWB12903CE31A6,The Darkness (Komor Kommando Mix),Zombie Girl,120.103,-7.479,256.73098,,,,,,,,,,,,
TRBGWAT12903CF15AF,Glisse,Fred Merpol,151.973,-21.061,117.13261,,,,,,,,,,,,
TRBGWEG12903CFF7EE,You Gotta Be Safe,Twenty 4 Seven,139.91,-9.049,223.18975,,,,,,,,,,,,
TRBGWEJ128F1460BEF,Kan Hai De Ri Zi,Hacken Lee,138.033,-9.607,221.962,,,,,,,,,,,,
TRBGWGD128F42418B2,When Rules Change,Life In Your Way,90.356,-4.62,198.05995,,,,,,,,,,,,
TRBGWIK128F9331981,Milkman_ Keep Those Bottles Quiet,The King Sisters,75.467,-14.706,129.35791,,,,,,,,,,,,
TRBGWJB128F4275C7B,Psalm 27,Wilks,85.981,-6.496,163.99628,,,,,,,,,,,,
TRBGWQG128F92FB42D,Take The Time,Michael Stanley Band,182.721,-8.928,335.09832,,,,,,,,,,,,
TRBGWQX12903CDA5C1,Rancho Moreno,Mar Azul,147.003,-3.519,165.11955,,,,,,,,,,,,
TRBGWRL128F9301CB9,Together We Stand (Album Version),The Winans,135.909,-8.705,300.59057,,,,,,,,,,,,
TRBGWRN128F92F1E46,Cet Air Étrange (Take 1 - Abbey Road Rough Mix),Étienne Daho,140.119,-6.897,237.50485,,,,,,,,,,,,
TRBGWSQ12903CBAD4D,Young Urbans,Punk'd Royal,96.123,-5.031,276.37506,,,,,,,,,,,,
TRBGWSR128F4286574,I Don't Like You,"Buzzov¬""en",96.384,-6.282,333.58322,,,,,,,,,,,,
TRBGWVI128E0788AE7,Hold On,22-20s,133.325,-6.806,317.46567,,,,,,,,,,,,
TRBGWVU12903CBFBB6,Believe In What I Say,Cookies,125.971,-5.583,193.69751,,,,,,,,,,,,
TRBGWWM12903CCE627,Mykel And Carli,Weezer,104.115,-6.088,172.14649,,,,,,,,,,,,
TRBGWYD128F932F422,She's Got A Brain (Leli / Zimmerman),Cutting Edge,120.02,-9.805,256.33914,,,,,,,,,,,,
TRBGXBG128F4258B52,Upon This Rock (Fire And Ice Version),STEVE CAMP,136.274,-11.508,220.89098,,,,,,,,,,,,
TRBGXBT128EF34EB68,Momentum,Elvira,124.028,-8.094,291.89179,,,,,,,,,,,,
TRBGXCK12903CEFAE3,6th Chakra: Keynote A - Chakra Suite (Solo Electric Piano Plus Synths),Steven Halpern,205.204,-20.879,223.73832,,,,,,,,,,,,
TRBGXGG128F4278990,So Far So Bad So What?,Melt Banana,137.645,-3.959,27.89832,,,,,,,,,,,,
TRBGXHJ128F93302C7,Listen,FFH,61.117,-15.135,218.22649,,,,,,,,,,,,
TRBGXHN12903CF4736,Fifi,Angels,70.116,-6.394,235.17995,,,,,,,,,,,,
TRBGXHS128F426B568,Je Suis Une Cigarette,M,93.395,-16.105,215.95383,,,,,,,,,,,,
TRBGXJO12903CE888B,Hydraulic Pimp,Non Stop DJs,123.975,-7.379,222.24934,,,,,,,,,,,,
TRBGXQP128F4290B22,Lost,Roger Sanchez,127.999,-15.542,589.87057,,,,,,,,,,,,
TRBGXSP12903CD05DA,When I Think About Love,Guy Forsyth,95.229,-10.954,261.8771,,,,,,,,,,,,
TRBGXTO128F9307677,Speechless,Mish Mash,124.043,-7.963,211.90485,,,,,,,,,,,,
TRBGXTS128F9308E62,Merry-Go-Round,Helen Hobson,107.537,-24.633,176.97914,,,,,,,,,,,,
TRBGXWM128F428E59A,Nieve,Los Chichos,85.055,-9.588,199.96689,,,,,,,,,,,,
TRBGXYD12903CBA5D0,Up on the House Top,The Jordanaires & Orion,203.792,-15.002,86.09914,,,,,,,,,,,,
TRBGXZU128F4255D4F,Dos Mujeres,Alfredo Gutiérrez,94.937,-9.486,171.80689,,,,,,,,,,,,
TRBGXZY12903CB6A2E,Sincerely_,Hard Romantic,69.018,-23.374,149.21098,,,,,,,,,,,,
TRBGYBT128F428C80B,This Is My Life,Rita Chiarelli,89.919,-11.482,252.682,,,,,,,,,,,,
TRBGYCS128F4277187,A Void Of Lifeless Dreams,Limbonic Art,100.209,-3.961,293.04118,,,,,,,,,,,,
TRBGYDZ12903D075D4,All Creatures Of Our God And King,Patty Griffin,56.184,-14.966,256.39138,,,,,,,,,,,,
TRBGYFJ128F92D0254,Hi De Ho,Bobby Darin,183.566,-7.157,352.20853,,,,,,,,,,,,
TRBGYFN128F42BC746,I Will Bless Your Name,Daryl Coley Featuring the New Generation Singers Reunion Choir,151.164,-7.023,274.93832,,,,,,,,,,,,
TRBGYGQ128F428B0B0,Fast Eddie,Mario Rosenstock,121.797,-12.657,136.46322,,,,,,,,,,,,
TRBGYHC12903D0626A,Endless Light,Erik Berglund,262.828,-11.534,1815.2224,,,,,,,,,,,,
TRBGYKY128F42668F2,Hold On To Freedom,Lee Michaels,89.818,-12.935,299.4673,,,,,,,,,,,,
TRBGYLV128F4285763,Playgirl's Love,The Five Stairsteps,129.293,-7.692,132.70159,,,,,,,,,,,,
TRBGYQN128F42BAA17,War,Trick Trick / Obie Trice,180.02,-6.858,266.78812,,,,,,,,,,,,
TRBGYSS128F1487760,Sofrimento De Quem Ama (1997 Digital Remaster),Clara Nunes,101.854,-10.679,176.90077,,,,,,,,,,,,
TRBGYTF128F422F519,La Maquina Del Sabor,Fruko Y Sus Tesos,109.896,-5,264.61995,,,,,,,,,,,,
TRBGYVK128F426A0D6,Make A Move On Me,Joey Negro,128.319,-6.983,535.69261,,,,,,,,,,,,
TRBGZBM128F14928A3,Wichita Lineman (LP Version),Young-Holt Unlimited,98.072,-12.77,243.66975,,,,,,,,,,,,
TRBGZED128F425DF76,Primal Forces,Megadrums,72.677,-25.521,342.88281,,,,,,,,,,,,
TRBGZFI12903CA54B6,Power Shower,Caspa,93.382,-6.852,272.32608,,,,,,,,,,,,
TRBGZKO128F92DB016,Zephyrus,Bloc Party,160.26,-9.237,247.97995,,,,,,,,,,,,
TRBGZLM128F4221E63,Fucked,Less Than Jake,192.239,-12.558,82.65098,,,,,,,,,,,,
TRBGZQQ128EF354F69,Ladies And Thugs,DJ Quik,94.393,-4.753,227.57832,,,,,,,,,,,,
TRBGZQZ128F427E394,The Same Man (For Matthew),Rachel Loy,72.211,-8.863,199.8624,,,,,,,,,,,,
TRBGZRQ12903CFAAA4,Let Me Be the One,Hank Locklin,116.279,-12.804,150.282,,,,,,,,,,,,
TRBGZRZ128F42668B2,Endless Winter,Earth,121.847,-8.575,525.47873,,,,,,,,,,,,
TRBGZUR128F92FD8ED,Take It For Granted,Atomic Rooster,119.981,-13.832,249.93914,,,,,,,,,,,,
TRBGZYP128F4222C37,Nothing (Album Version),unloco,126.113,-5.653,163.86567,,,,,,,,,,,,
TRBHAAD128F9341700,Latin Flute,Deodato,88.627,-11.47,287.34649,,,,,,,,,,,,
TRBHAAK128F92E27BF,Jean Dominique Intro,Wyclef Jean,142.666,-12.919,68.49261,,,,,,,,,,,,
TRBHABK128F92F2A3D,Beginning Of The End,Cockney Rejects,165.621,-5.569,250.01751,,,,,,,,,,,,
TRBHADL128F931E5F1,Tonight,Swami,91.988,-6.066,259.91791,,,,,,,,,,,,
TRBHAFV128F425D48E,These Old Eyes Have Seen It All,George Jones,104.346,-15.497,232.51546,,,,,,,,,,,,
TRBHAGD128F423C388,Nite Life (Sound Factory Version),Kim English,84.015,-8.304,387.26485,,,,,,,,,,,,
TRBHAHN128F932D09E,"The Killing Of Dumbledore (""Harry Potter & The Half-Blood Prince"")",Nicholas Hooper,93.633,-29.51,214.90893,,,,,,,,,,,,
TRBHAOY128F92E6E29,Skinny Woman (Gravel Road Woman),David Evans,103.546,-8.243,173.26975,,,,,,,,,,,,
TRBHAUR128F147481A,Shameful (LP Version),Atreyu,161.033,-3.161,209.42322,,,,,,,,,,,,
TRBHBEB128F92CC0C6,When I Left Home,Champion Jack Dupree,105.291,-13.757,183.95383,,,,,,,,,,,,
TRBHBGB128F931E4CF,Fall in Philadelphia,Hall & Oates,153.802,-11.314,170.29179,,,,,,,,,,,,
TRBHBIT128F4292E42,I've Been Trying,Archie Bell and The Drells,100.922,-14.477,193.95873,,,,,,,,,,,,
TRBHBJS128F14A4E42,Southern Jukebox Music (Live) (2001 Digital Remaster),Penguin Café Orchestra,124.513,-17.448,293.72036,,,,,,,,,,,,
TRBHBNV128F930A40B,Juana Democracia / Calipso Del Tlc,Los Nakos,201.459,-11.596,286.77179,,,,,,,,,,,,
TRBHBWW128F1475058,Hala_ Tumba And Timbal,Airto Moreira,164.33,-12.589,312.99873,,,,,,,,,,,,
TRBHCAV128F428C58A,Two Ruffles & Flourishes / General's March,US Coast Guard Band,56.216,-13.287,31.29424,,,,,,,,,,,,
TRBHCKD128F145BD11,Peace And Quiet Time,Gonzalo Rubalcaba,85.06,-27.621,477.49179,,,,,,,,,,,,
TRBHCMQ128F92E0447,Stuff Like That,James Last,126.184,-9.9,101.642,,,,,,,,,,,,
TRBHCQA128F149F192,She Runs,Jimmy Wayne,117.142,-6.424,202.08281,,,,,,,,,,,,
TRBHCQF128F933B1E2,Irreplaceable,Toby Love,128.998,-5.052,255.05914,,,,,,,,,,,,
TRBHCQS128F4291D02,Porcelaine,Benabar,140.407,-6.711,235.02322,,,,,,,,,,,,
TRBHCVC128F930CF55,Funny,Streetwize,79.076,-8.067,307.33016,,,,,,,,,,,,
TRBHCVQ12903CF8E90,Two Lights [Bonus Track],Joe Lynn Turner,111.942,-6.821,304.66567,,,,,,,,,,,,
TRBHCXP128F146D63B,Are You The One?,The Presets,132.946,-11.403,281.0771,,,,,,,,,,,,
TRBHCXR128F92E7D0E,Cheer,Descendents,187.176,-12.289,183.90159,,,,,,,,,,,,
TRBHDBH128F92E7FA1,Le Récit De Cassard,Maurice Larcange,136.786,-10.908,199.54893,,,,,,,,,,,,
TRBHDGB128F4235137,Viimeiset hitaat,Kaija Koo,115.671,-13.012,192.23465,,,,,,,,,,,,
TRBHDGL128F42324A7,Programmed to Consume,Abysmal Dawn,126.428,-6.405,261.43302,,,,,,,,,,,,
TRBHDIU128F92E49B7,Javalon,Constance Demby,85.155,-8.273,259.36934,,,,,,,,,,,,
TRBHDIZ128F9313AB3,Wear Your Love Like Heaven / Workin' On A Groovy Thing (Medley) (1997 Digital Remaster),David Rose,109.059,-13.176,292.80608,,,,,,,,,,,,
TRBHDJD128F4227A54,1 - 800 - Quiereme - Remix,Luisito Rosario,153.251,-6.572,302.602,,,,,,,,,,,,
TRBHDJS128F42603F9,Don Carlo (2000 Digital Remaster): Tu che le vanità (Elisabetta),Montserrat Caballé/Orchestra of the Royal Opera House_ Covent Garden/Carlo Maria Giulini,71.609,-22.06,168.56771,,,,,,,,,,,,
TRBHDLD128F146A756,Junk,Photek,115.014,-6.282,327.88853,,,,,,,,,,,,
TRBHDNB128F92D43C9,Where To Hide?,Monomonkey,155.906,-5.128,222.30159,,,,,,,,,,,,
TRBHDNO12903CB6C4C,All Dressed Up,Aram Shelton,113.031,-9.479,540.52526,,,,,,,,,,,,
TRBHDOC128F14ABE80,Auf die Fresse_ fertig_ los,ÄI-TIEM,140.084,-13.277,166.03383,,,,,,,,,,,,
TRBHDRQ128F933CAB3,Apostasie,Konexion,91.008,-4.491,405.78567,,,,,,,,,,,,
TRBHDSI128F9331867,The Things You Do,Slum Village,89.957,-5.216,152.86812,,,,,,,,,,,,
TRBHDSW128F42ABC12,Heaven And Hell (Part II),Vangelis,88.341,-15.357,1280.88771,,,,,,,,,,,,
TRBHDTL128F1468F7D,Dancing The Night Away,The Motors,149.629,-9.897,393.61261,,,,,,,,,,,,
TRBHDYA128F4280E77,Marine's hymn,The Sun Harbor's Chorus-Documentary Recordings,124.393,-15.81,110.94159,,,,,,,,,,,,
TRBHEBY128F148CF2B,Concede,Sister Hazel,142.893,-6.322,235.65016,,,,,,,,,,,,
TRBHECY128F930A474,Freezin' From The Inside Out,John Sebastian,71.952,-13.452,284.00281,,,,,,,,,,,,
TRBHEHF128F428385A,Amazing,George Michael,128.407,-6.694,266.94485,,,,,,,,,,,,
TRBHEJE12903CBEE90,La Pieuvre,Lara,125.1,-11.017,206.602,,,,,,,,,,,,
TRBHEKQ12903CF2B6A,Escape From The Underrealm,Tilman Sillescu,120.381,-10.844,123.24526,,,,,,,,,,,,
TRBHEMP128F932DA55,Djungelstadt,Sonic Subjunkies,143.267,-6.31,266.34404,,,,,,,,,,,,
TRBHEOR128F429D1B0,I Can Dig It,The Box Tops,93.773,-11.669,142.36689,,,,,,,,,,,,
TRBHEOU12903CBF12B,You Make Our Shack A Mansion,Grandpa Jones,114.546,-11.446,158.27546,,,,,,,,,,,,
TRBHEQT12903CA76CD,Peanuts,Little Joe & The Thrillers,138.876,-7.217,143.67302,,,,,,,,,,,,
TRBHEQU128F932B874,Maga Dog/ Skanky Dog (Album),Peter Tosh & Winston Scotland,143.85,-13.002,328.4371,,,,,,,,,,,,
TRBHEQY128F4275F54,Mi Corazón Y Mi Mente,Bobby Pulido,160.67,-8.974,207.98649,,,,,,,,,,,,
TRBHESQ128F931BF15,Bleeds In Blue (Album Version),Home Town Hero,156.202,-2.863,187.76771,,,,,,,,,,,,
TRBHEUX128F425020D,Gaffo's Ball,Sharon Shannon,234.334,-10.001,191.92118,,,,,,,,,,,,
TRBHEVE128F932E1FA,Slatke male maloletnice,Beogradski Sindikat,100.017,-7.763,415.50322,,,,,,,,,,,,
TRBHEVR128F4263CE0,Don't Treat Me Bad,Firehouse,109.993,-7.178,258.2722,,,,,,,,,,,,
TRBHEYH12903CB0887,Boy & Girl (Feat. Fiona Daniel),Serpentine,97.536,-5.927,248.08444,,,,,,,,,,,,
TRBHEZF128F932BD68,I've Been Working on the Railroad,Laurie Berkner,171.743,-15.304,115.82649,,,,,,,,,,,,
TRBHFAQ128E0791ADA,Time / Confusion,Arthur Brown,71.077,-11.547,297.03791,,,,,,,,,,,,
TRBHFBL128F14537D2,Dirty Harry (Single Edit),Gorillaz,96.179,-8.21,230.47791,,,,,,,,,,,,
TRBHFBW128F930A995,None Missing,Birdapres,150.087,-7.459,234.57914,,,,,,,,,,,,
TRBHFDA128F4270728,Slow Hand (LP Version),Conway Twitty,106.407,-12.813,175.51628,,,,,,,,,,,,
TRBHFFG128F9330743,All Purpose Experiment,Controlled Dissonance,0,-20.105,424.85506,,,,,,,,,,,,
TRBHFIF12903CF66F4,My Old Man Boogie,The Reverend Peyton's Big Damn Band,118.167,-6.988,179.46077,,,,,,,,,,,,
TRBHFQE128F932CD48,A Soldiers Intro,(hed) p.e.,106.681,-19.408,12.95628,,,,,,,,,,,,
TRBHFTL128F933AF4E,Feelings Gone (feat. Sam Sparro) (Joachim Garraud Remix),Basement Jaxx,197.011,-4.523,521.79546,,,,,,,,,,,,
TRBHFUS12903CA4F1C,Night Time Blues,Ma Rainey,85.506,-16.358,179.61751,,,,,,,,,,,,
TRBHFVD128F4248837,Music For The Head,Porcupine Tree,44.816,-25.745,162.06322,,,,,,,,,,,,
TRBHFWZ128F42A2196,Sadness,Mavado,135.733,-5.318,255.16363,,,,,,,,,,,,
TRBHFXV128F92FC754,Trybal,Stargarden,131.85,-19.877,423.70567,,,,,,,,,,,,
TRBHFZP12903CE88C3,Fuck You,Mister Ries,160.006,-14.365,180.13995,,,,,,,,,,,,
TRBHGBU12903CAA37F,( Gone With the Wind) Bonnies Fatal Pony Ride,Max Steiner,99.219,-13.629,163.39546,,,,,,,,,,,,
TRBHGDD128F1486C2E,Buckle Down (2002 Digital Remaster),Red Hot Chili Peppers,110.875,-5.735,203.96363,,,,,,,,,,,,
TRBHGIV128F4269827,My Ship Is Comin' In,Walter Jackson,74.55,-11.21,189.6224,,,,,,,,,,,,
TRBHGJL128F93368A7,Number One Girl,Glen Washington,161.961,-7.485,237.19138,,,,,,,,,,,,
TRBHGKH128F427FB11,Lo Siento En Mi Corazón,Luis Alberto Spinetta,113.096,-20.009,191.60771,,,,,,,,,,,,
TRBHGRU12903CE2C48,Fractured Quantum,Ace Frehley,89.965,-10.519,379.32363,,,,,,,,,,,,
TRBHGTD12903CF47E5,Filosofia Pura,Gal Costa / Maria Bethânia,73.411,-8.753,231.70567,,,,,,,,,,,,
TRBHGUK128E078E031,Yellow Brown,Jesus Jones,195.824,-14.897,203.65016,,,,,,,,,,,,
TRBHGVH128F148AD73,Free Love,Long Beach Dub Allstars,150.573,-1.869,205.11302,,,,,,,,,,,,
TRBHGWF128F92C8358,Good Friend,James Horner,129.237,-29.407,197.38077,,,,,,,,,,,,
TRBHGWP128E0793AD8,De Do Do Do_ De Da Da Da,The Police,147.599,-10.362,249.18159,,,,,,,,,,,,
TRBHHAC128F92D8379,House Of Sin,Leeroy Stagger,75.487,-14.809,304.22159,,,,,,,,,,,,
TRBHHCI12903CAEEB5,Fruity Woman,Doc Pomus,81.626,-9.675,153.73016,,,,,,,,,,,,
TRBHHCS128F427F936,Ain't Gonna Do That No More,Blind Blake,101.918,-23.707,212.00934,,,,,,,,,,,,
TRBHHCU128F148AF19,I Love The Life I'm Living,Slim Harpo,93.77,-14.234,153.67791,,,,,,,,,,,,
TRBHHDU128F92FD6B5,Rude!/Drum Solo,Humble Pie,126.83,-12.391,974.99383,,,,,,,,,,,,
TRBHHFG128F93353FE,Mi Lindo Amor,Jay Pérez,102.155,-7.163,181.62893,,,,,,,,,,,,
TRBHHGM12903CFD7C3,On The Road Again,The Sonics,154.246,-10.173,108.14649,,,,,,,,,,,,
TRBHHHC128F428428E,25 Variations And Fugue On A Theme By G.F. Handel For Piano_ Op. 24: Variation XXII,Solomon,82.799,-30.089,48.29995,,,,,,,,,,,,
TRBHHMI128F426779C,78 Stimulator,Stimulator,123.044,-5.279,213.55057,,,,,,,,,,,,
TRBHHNH128F92F6070,Rebuliço,Gabriel Grossi,200.249,-6.595,179.01669,,,,,,,,,,,,
TRBHHRC128F427F353,It Must Be Me,X (Australia),63.641,-11.378,90.8273,,,,,,,,,,,,
TRBHHRZ128F425C477,"Medley : ""Traces"" (Live)",Jean-Jacques Goldman,139.286,-10.91,558.44526,,,,,,,,,,,,
TRBHHUB12903D09FEA,Skiff For The Suits,Arsonists Get All The Girls,166.409,-3.287,218.48771,,,,,,,,,,,,
TRBHHUC128F4294C6F,City Headache,Scott Matthews,173.945,-16.253,299.72853,,,,,,,,,,,,
TRBHHUF12903CAA46B,Times Like These [Live From Red Rocks],Jack Johnson,141.257,-9.514,157.07383,,,,,,,,,,,,
TRBHHWQ128F93321AB,Stone a Pig,Bongzilla,102.739,-9.929,422.55628,,,,,,,,,,,,
TRBHHZF12903CBE8ED,Tranceplant,Organ Donors,146.01,-5.035,368.22159,,,,,,,,,,,,
TRBHIDP128F147DE7D,"Messiaen : Et exspecto resurrectionem mortuorum : IV ""Ils ressusciteront_ glorieux_ avec un nom nouveau",Pierre Boulez,152.986,-16.958,530.70322,,,,,,,,,,,,
TRBHIIQ128F424AB61,Freak,Stephen Pearcy,130.28,-2.456,216.63302,,,,,,,,,,,,
TRBHIJC128F92E55E2,Rock Island Blues,Furry Lewis,146.422,-18.712,166.94812,,,,,,,,,,,,
TRBHIMC128F427680F,Tirador (Carlos Jean Remix),Hevia,124.998,-5.811,258.89914,,,,,,,,,,,,
TRBHIOA12903CD824F,Con La Misma Tijera,Los Originales De San Juan,229.221,-7.445,196.93669,,,,,,,,,,,,
TRBHIPK128F92FFCF3,Des voiliers (Sur un poème de Claude Nougaro),Richard Galliano,124.798,-16.8,549.38077,,,,,,,,,,,,
TRBHIPU12903CC380E,Wait And Bleed [Demo],Slipknot,178.427,-4.035,154.27873,,,,,,,,,,,,
TRBHIRB128F1452ACC,No Ordinary Love (Remastered LP Version),Deftones,166.03,-6.893,334.75873,,,,,,,,,,,,
TRBHIVF128E078DB92,Ocean Size (Album Version),Goldfinger,86.778,-6.119,174.31465,,,,,,,,,,,,
TRBHIZF12903CC27D1,One Of These Days,Mike Bloomfield,104.53,-27.749,153.91302,,,,,,,,,,,,
TRBHJAY128F14A9061,Dead End Street,Foghat,137.804,-5.693,300.14649,,,,,,,,,,,,
TRBHJFG128F426C8EA,En La Tierra Caliente,Tam Tam Go!,135.151,-5.301,231.60118,,,,,,,,,,,,
TRBHJJH128F9327C91,Got You Moving,DJ DLG feat. MC Flipside,128.007,-5.98,377.62567,,,,,,,,,,,,
TRBHJJP128F145EA12,Threadbare Gypsy Soul,Pat Green,97.683,-7.867,295.75791,,,,,,,,,,,,
TRBHJLA128F92EC039,Bluesanova,Daddy Dog,88.861,-8.227,196.96281,,,,,,,,,,,,
TRBHJLT128F1460832,Cherry,UFO,132.43,-11.982,213.31546,,,,,,,,,,,,
TRBHJPQ128E078ED8F,Everybody's Gonna Be Happy,Queens Of The Stone Age,88.889,-2.321,155.61098,,,,,,,,,,,,
TRBHJTF12903CF6774,valid,Riamiwo,63.972,-11.321,303.72526,,,,,,,,,,,,
TRBHJUJ128F92EBE24,All Things Must Pass (2009 Digital Remaster),George Harrison,122.341,-6.466,226.40281,,,,,,,,,,,,
TRBHJXG12903D15879,Manhã de Carnaval (Morning of the Carnaval) (Cantando As Músicas do Film Orfeo do Carnaval),João Gilberto,91.493,-14.963,153.70404,,,,,,,,,,,,
TRBHJZO128F4215FC5,I'm Just Raw (prod Dan the Automator) Main,Lyrics Born,170.047,-4.655,239.0722,,,,,,,,,,,,
TRBHJZX128F1495DAE,Lil Brother (LP Version),King Curtis,103.579,-9.952,294.26893,,,,,,,,,,,,
TRBHKAN128F42639DE,The Kid's Last Night (heaven is in the mountain),Abner Burnette,90.92,-15.962,425.37751,,,,,,,,,,,,
TRBHKCL128F425A036,Shoot The Dog,George Michael,223.617,-7.255,308.76689,,,,,,,,,,,,
TRBHKDM128F145BD15,Giant Steps,Gonzalo Rubalcaba,106.932,-21.781,598.62159,,,,,,,,,,,,
TRBHKJC128F1465B49,Praz Him (Broken Album Version),Darwin Hobbs,103.003,-4.485,212.50567,,,,,,,,,,,,
TRBHKKB128F427CD98,I'll Be Home When I Can,Charlie Louvin,40.258,-20.077,227.52608,,,,,,,,,,,,
TRBHKKJ128F427A3B1,Midnight Lovers,Wyclef Jean,195.208,-13.558,7.13098,,,,,,,,,,,,
TRBHKKK128F427E9FF,Better Life,3 Doors Down,151.8,-4.995,203.2322,,,,,,,,,,,,
TRBHKLV12903CB3CA7,Serenata de un gaitero,Gran Coquivacoa_ Neguito Borjas,91.965,-8.943,345.33832,,,,,,,,,,,,
TRBHKLV12903CEA0A0,Constructing the Absence,Sub Swara,94.648,-9.822,343.35302,,,,,,,,,,,,
TRBHKMT12903CE4757,House Full Of Bullets,Joe Satriani,98.428,-8.531,415.4771,,,,,,,,,,,,
TRBHKQV12903CDBB98,Confiar Es Perder,Los Jaigüey,121.996,-6.394,293.92934,,,,,,,,,,,,
TRBHKRZ128EF33DB4A,Tainted Love feat. Tatz,NG3,106.019,-3.304,240.50893,,,,,,,,,,,,
TRBHKRZ128F932D08F,"Of Love & War (""Harry Potter & The Half-Blood Prince"")",Nicholas Hooper,155.659,-19.015,77.60934,,,,,,,,,,,,
TRBHKSA128F92FDBEA,Ida Red,Bob Willis,125.309,-9.599,146.72934,,,,,,,,,,,,
TRBHKSC128F429AB74,The Aba Daba Honeymoon,Kitty Kallen,95.471,-12.632,137.1424,,,,,,,,,,,,
TRBHKUE128F429215D,The Song Remains The Same (2007 Remastered Album Version),Led Zeppelin,143.239,-8.852,330.78812,,,,,,,,,,,,
TRBHKVE12903CAAEB4,Requiem Mass in D Minor_ K. 626: VIII. Lacrimosa dies illae,Vienna Concert House Orchestra_ Wiener Sängerknaben_ Ferdinand Grossmann,41.634,-21.039,178.65098,,,,,,,,,,,,
TRBHKXX128F4252D02,Everything In Its Right Place,Radiohead,122.831,-11.637,249.93914,,,,,,,,,,,,
TRBHKYJ128F429A0A8,Eat Or Get Ate,Tum Tum,144.412,-3.048,231.33995,,,,,,,,,,,,
TRBHKYX128F9338977,Curse Of Sound (Dub Mix),Vuneny,133.297,-7.966,263.41832,,,,,,,,,,,,
TRBHLBL128F42823F5,Pray The I Miss,Hinge,137.741,-32.987,39.00036,,,,,,,,,,,,
TRBHLBL12903D0137C,Josy,Nicolas Bacchus,133.812,-8.121,215.01342,,,,,,,,,,,,
TRBHLBZ128F9300586,Unwanted,Avril Lavigne,162.025,-4.377,260.44036,,,,,,,,,,,,
TRBHLDJ12903CDFB0E,Percussio Livre,Grupo Batuque,148.975,-11.403,388.96281,,,,,,,,,,,,
TRBHLDQ128F423EF10,Blue Orchid,The White Stripes,152.785,-9.385,160.31302,,,,,,,,,,,,
TRBHLES128F92F672E,Campane,Livio Minafra,137.754,-20.974,409.73016,,,,,,,,,,,,
TRBHLEZ128F427E5AF,Ethiopian Anthem,Ras Michael and the Sons of Negus,162.618,-8.258,243.98322,,,,,,,,,,,,
TRBHLGE128F42A64E5,Everything Man (Album Version),Talib Kweli,89.658,-9.577,196.33587,,,,,,,,,,,,
TRBHLIH128F1473B78,Could This Be Love,Leroy Hutson,117.001,-14.822,188.49914,,,,,,,,,,,,
TRBHLIH128F92FE649,These Foolish Things,Fixx_ The,83.413,-18.063,276.4273,,,,,,,,,,,,
TRBHLRS128F92E9D69,Second Hand Rose,Roy Drusky,133.838,-18.865,144.16934,,,,,,,,,,,,
TRBHLTT128F425C30D,Never Gonna Give You Up,Musical Youth,85.776,-8.972,183.01342,,,,,,,,,,,,
TRBHLUB128F423E9BD,Eduardo,Sapo,166.002,-6.866,195.91791,,,,,,,,,,,,
TRBHLUF128F428E1F8,Elizabeth Story_ et al._ Honeybabe_ Your Papa Cares For You,Elizabeth Cotten,127.387,-17.763,476.18567,,,,,,,,,,,,
TRBHLXQ128E07856AC,Why Can't This Be Love (Remastered Version),Van Halen,88.471,-5.571,228.33587,,,,,,,,,,,,
TRBHLYC128F92F31BB,Peppermint Patty (LP Version),Vince Guaraldi,139.768,-13.394,160.1824,,,,,,,,,,,,
TRBHMCT128F932C2C2,Separate Ways,Agnostic Front,87.872,-3.495,158.32771,,,,,,,,,,,,
TRBHMFA128F148DC24,Playing James Mason,Mel Blanc,70.608,-13.025,912.97914,,,,,,,,,,,,
TRBHMHM12903CD9C85,Mon dieu,Josélito,100.229,-11.34,139.78077,,,,,,,,,,,,
TRBHMJS128F9359728,Virtuous Woman,Warrior King,147.97,-6.582,223.29424,,,,,,,,,,,,
TRBHMLU128F429C194,Sag es sag es feat. Neo,Samy Deluxe,94.31,-6.022,282.38322,,,,,,,,,,,,
TRBHMMC128F424991B,Lado A Lado (Bomba Carnaval Mix),Fulanito,126.855,-6.276,247.14404,,,,,,,,,,,,
TRBHMNU128F93499B4,Ballin' (Radio),Big Rich,93.976,-10.665,274.23302,,,,,,,,,,,,
TRBHMOE128F92DF68C,I Can't Be Your Man,Porter Wagoner,109.079,-12.847,13.26975,,,,,,,,,,,,
TRBHMSR128F4278EBB,Hua Yu Ai Li Si,Miriam Yeung,88.02,-11.126,228.362,,,,,,,,,,,,
TRBHMVE128F931A430,Narrative #2,Michael Bloomfield,195.462,-19.907,10.65751,,,,,,,,,,,,
TRBHMXM128F4259A13,Rock Me,Santana,136.915,-9.68,93.80526,,,,,,,,,,,,
TRBHMYW128F93086FE,Happy Safari,Bert Kaempfert,139.186,-15.94,169.89995,,,,,,,,,,,,
TRBHMZS128F42658FF,Money Didn't Change Me,Three 6 Mafia,155.08,-5.718,190.74567,,,,,,,,,,,,
TRBHNCL12903CB6CAA,Evigne,Dobet Gnahoré,108.153,-12.378,251.79383,,,,,,,,,,,,
TRBHNCW128F9334F3D,Healing,Blessid Union Of Souls,155.982,-9.931,238.94159,,,,,,,,,,,,
TRBHNEU128F426E873,Flesh And Blood,Mary Black,120.172,-8.997,245.73342,,,,,,,,,,,,
TRBHNHZ128F42A6BEF,Bubble Music,Cam'Ron,161.739,-3.387,231.94077,,,,,,,,,,,,
TRBHNJY128F4253FDC,The Last Thing I Need,Big Mike Griffin,86.164,-7.875,232.82893,,,,,,,,,,,,
TRBHNQO128F4257526,Getting Closer,Cocoa Tea,110.706,-8.081,243.17342,,,,,,,,,,,,
TRBHNSO128F4243330,Total Vision,David Tao,161.986,-19.252,194.32444,,,,,,,,,,,,
TRBHNSS128F4228E6E,Head Gone/Wine Up Uh Self (Album Version),Elephant Man,80.521,-7.473,233.58649,,,,,,,,,,,,
TRBHNUB12903CC2475,Tough Guy,Open Hand,144.002,-6.09,187.76771,,,,,,,,,,,,
TRBHNUD128EF35D3D2,Bury Me,Ashes to Ashes,164.972,-8.892,235.2322,,,,,,,,,,,,
TRBHNVI128F92F0EC7,I Remember/Great Is Thy Faithfulness,Kathy Troccoli with Aaron Jeoffrey,65.901,-13.52,417.72363,,,,,,,,,,,,
TRBHOBW128F429504D,When Me A Move,Capleton,102.399,-14.472,223.39873,,,,,,,,,,,,
TRBHOEV128F4279182,Corazon Clandestino,Fito Paez,162.38,-14.585,175.25506,,,,,,,,,,,,
TRBHOMC128F427AEC5,Sicilienne (by Francis Poulenc),Laura Leon,84.462,-26.045,92.13342,,,,,,,,,,,,
TRBHONF12903D00664,De belles,Théophil,122.99,-10.007,248.58077,,,,,,,,,,,,
TRBHORD128F423DEF9,Thrones And Dominions (Album),Earth,81.302,-20.288,861.83138,,,,,,,,,,,,
TRBHORY128F148D422,I'm Mad,EPMD,109.062,-10.031,222.14485,,,,,,,,,,,,
TRBHOTH128F149A01B,Tristeza (Brazilian Blues),Luiz Bonfa / Oscar Castro Neves / Lalo Schifrin,86.71,-21.091,186.67057,,,,,,,,,,,,
TRBHOXO128F932A739,With a Little Dub From My Friends (feat. Luciano and U Roy),Easy Star All-Stars,183.048,-9.311,196.23138,,,,,,,,,,,,
TRBHOXV128F92FBB72,Molly Darling,Eddy Arnold,120.423,-16.968,183.50975,,,,,,,,,,,,
TRBHOYJ128F4292B75,Sweet Remedy,Jennifer Brown,144.026,-9.654,259.23873,,,,,,,,,,,,
TRBHOYO12903C9C917,4 Minutes [Featuring Justin Timberlake and Timbaland] [Bob Sinclar Space Funk Remix],Madonna,104.821,-4.876,339.35628,,,,,,,,,,,,
TRBHPGG128F428C972,Loud Up!!,The Mad Capsule Markets,170.94,-4.279,161.01832,,,,,,,,,,,,
TRBHPJL128F9305DCA,Fishing Blues,Jim Kweskin_ The Jug Band,147.057,-7.883,202.1873,,,,,,,,,,,,
TRBHPLS12903CB0FE6,Everybody,Goose,130.052,-1.814,276.13995,,,,,,,,,,,,
TRBHPVP128E0785A51,Control It (Album Version),Static-X,144.017,-3.261,185.10322,,,,,,,,,,,,
TRBHQAU128F9316C04,Scream On Em,The Game,169.672,-4.595,260.10077,,,,,,,,,,,,
TRBHQBF128F429FA6D,New D.B.A. Blues,Josh White,88.313,-17.148,181.39383,,,,,,,,,,,,
TRBHQBT128F932AFAD,Winds of Change,The Insects,90.217,-7.332,226.40281,,,,,,,,,,,,
TRBHQBW12903CAC57B,Beyond The Reef,The King Sisters,73.581,-25.452,176.03873,,,,,,,,,,,,
TRBHQDN128F4276D66,Primordial Breath,Eluveitie,94.996,-2.731,259.02975,,,,,,,,,,,,
TRBHQGW128F42334DB,The Whole World Looking At Me (Explicit LP Version),Busta Rhymes,169.951,-7.399,206.34077,,,,,,,,,,,,
TRBHQHE128F4230865,Then Came You,Boogie Pimps,85.325,-7.269,333.89669,,,,,,,,,,,,
TRBHQHN128F148A1B3,Green Mind,Dinosaur Jr,135.314,-5.899,298.57914,,,,,,,,,,,,
TRBHQJJ128F931FAC1,6 A.M. Funk,Disco D,135.426,-8.253,235.07546,,,,,,,,,,,,
TRBHQMU128EF34F6BE,Call Me Lightning,Flamin' Groovies,94.15,-10.179,207.28118,,,,,,,,,,,,
TRBHQQF128F92D6BE4,Walk In The Light,The American Boychoir,103.027,-22.965,241.8673,,,,,,,,,,,,
TRBHQQY128F931BBFA,Steel Guitar Rag,Alvino Rey And His Orchestra,165.142,-11.956,156.05506,,,,,,,,,,,,
TRBHQUM128F9309DE1,Michael A Grammar,Broadcast,85.744,-9.664,237.00853,,,,,,,,,,,,
TRBHQXZ128F42408ED,The Arctic Ocean (Album Version),Sinch,131.915,-5.551,232.202,,,,,,,,,,,,
TRBHRGA128F4268884,Eleanor,Low Millions,112.897,-6.016,193.38404,,,,,,,,,,,,
TRBHRGD12903CA7A58,Bad Man Story,Beenie Man,98.071,-1.997,179.51302,,,,,,,,,,,,
TRBHRGS128F92E535F,Chasing Windmills,Heavy D,40.027,-5.435,206.99383,,,,,,,,,,,,
TRBHRGW128F92FFEFF,Child Support,DJ Nasty,149.984,-7.114,221.09995,,,,,,,,,,,,
TRBHRKE12903CFC929,Turn It Up,Devine and emilyPLAY,137.976,-3.506,375.48363,,,,,,,,,,,,
TRBHRKO128F42479B1,The Drug Suite,Stew,96.598,-17.647,569.20771,,,,,,,,,,,,
TRBHRLC128F14AE627,Job's Defiance,Don Francisco,98.8,-15.175,266.52689,,,,,,,,,,,,
TRBHRLX128F93466B9,Rolo Le Baroudeur,Julien Clerc,193.426,-12.682,207.20281,,,,,,,,,,,,
TRBHRME128F42537E5,Final Solution,Blanks77,148.264,-9.652,121.02485,,,,,,,,,,,,
TRBHRNN128F92DFCE7,(eskomolto),Pagan Wanderer Lu,108.829,-9.771,131.44771,,,,,,,,,,,,
TRBHROF128F4219E60,Linoleum (live),NOFX,191.063,-6.6,135.52281,,,,,,,,,,,,
TRBHRUL12903CCDF09,Was wollen wir noch mehr?,Die Fantastischen Vier,95.863,-7.43,316.55138,,,,,,,,,,,,
TRBHRXT128F427F7AD,Il N'Etait Pas Sentimental,Line Renaud,100.869,-11.616,140.56444,,,,,,,,,,,,
TRBHSDN128F4274E9F,Mein Herz kann man nicht kaufen,Gall_ France,131.612,-9.18,162.79465,,,,,,,,,,,,
TRBHSHC12903CBE83E,Funky Medley,Jeff Scott Soto,119.291,-5.221,771.89179,,,,,,,,,,,,
TRBHSJB128F42689BA,I Will Hear (Psalm 85),John Michael Talbot,100.455,-15.355,283.27138,,,,,,,,,,,,
TRBHSJB12903CB81AA,It's Surprising What the Lord Can Do,The Del McCoury Band,208.567,-8.473,171.67628,,,,,,,,,,,,
TRBHSJU12903CE888A,Hoes & Discos,Non Stop DJs,150.958,-9.868,237.92281,,,,,,,,,,,,
TRBHSJX128F42BAE98,Harmony,Jesse Malin,139.009,-6.393,165.40689,,,,,,,,,,,,
TRBHSMF128F4285B9C,If This Is The End,Jeff Scott Soto,105.837,-8.061,281.70404,,,,,,,,,,,,
TRBHSOA12903CCC4B2,Spider's Nest Blues,Memphis Jug Band,94.853,-27.737,184.52853,,,,,,,,,,,,
TRBHSPA12903CBC3F5,Angel In Hell,Doug MacLeod,169.797,-13.443,359.52281,,,,,,,,,,,,
TRBHSRB128F429F827,Hotel,Cassidy featuring R. Kelly,182.456,-9.181,247.24853,,,,,,,,,,,,
TRBHSVR128F9324499,Quiet Nights Of Quiet Stars [Corcovado] [The Frank Sinatra Collection],Frank Sinatra,107.597,-18.197,166.05995,,,,,,,,,,,,
TRBHSWH12903D07A35,Tour De France Étape 3 (2009 Digital Remaster),Kraftwerk,140.042,-13.971,236.2771,,,,,,,,,,,,
TRBHSYZ12903CCDE42,Climax ft St. Cyr,K.A.L.I.,96.037,-10.477,216.29342,,,,,,,,,,,,
TRBHTJJ128F4271122,Èay! Que Pena,Los Chunguitos,157.67,-13.086,170.50077,,,,,,,,,,,,
TRBHTKF128F92CC5D2,Cannibal (Dance Mix),Reel Big Fish,165.552,-5.172,253.09995,,,,,,,,,,,,
TRBHTOO128F4265DFC,Kathe Mera Kathe Nihta (2005 Digital Remaster),Dakis,93.017,-10.308,215.7971,,,,,,,,,,,,
TRBHTOR128F428CADE,Sugar Coated Sour,The Dillinger Escape Plan,71.707,-4.527,144.01261,,,,,,,,,,,,
TRBHTRS128F92F4EDA,Let's Start All Over,The Cate Brothers,112.522,-12.85,150.17751,,,,,,,,,,,,
TRBHTSP128F9307CC3,In Di Car Back (Album Version),Mavado,127.937,-7.467,184.76363,,,,,,,,,,,,
TRBHTSW12903CC2628,Harald: Trinkhalleluja,Bülent Ceylan,227.247,-13.916,348.29016,,,,,,,,,,,,
TRBHTUI12903CB00F3,Ferrous Carbonate Mass,Kali,110.889,-7.309,207.882,,,,,,,,,,,,
TRBHTWC128F1488B7B,Il Y A Une Question (Live),Cali,99.993,-6.032,328.14975,,,,,,,,,,,,
TRBHUBB128E0782209,No Reply (Demo),Buzzcocks,177.551,-7.324,135.23546,,,,,,,,,,,,
TRBHUCN128F932E8D7,Unsafe Sextet/Gilded Hearts of Booklovers,Busdriver,164.946,-6.818,311.11791,,,,,,,,,,,,
TRBHUDB128F429A663,Slipping Away,Vivian,177.972,-4.919,192.44363,,,,,,,,,,,,
TRBHUEU12903CB049A,Coward,Hoods,158.016,-6.103,81.6322,,,,,,,,,,,,
TRBHUHD128F9321DA8,All Night Worker,Dave Alvin,89.21,-10.455,255.89506,,,,,,,,,,,,
TRBHUMZ128F427C822,Lonely Shooting Stars,Sandy Lam,136.021,-10.034,270.00118,,,,,,,,,,,,
TRBHUOU128F423625E,Long Lonesome Blues,Blind Lemon Jefferson,100.329,-24.106,178.38975,,,,,,,,,,,,
TRBHUPK12903CA5C21,Test 72,Mush,0,-17.865,397.00853,,,,,,,,,,,,
TRBHUPU128F4230F81,Haunt Me (Album Version),Wednesday 13,130.683,-3.545,275.48689,,,,,,,,,,,,
TRBHUQK128F14ACB31,Nature Boy,Quadro Nuevo,123.006,-9.498,133.98159,,,,,,,,,,,,
TRBHUQW12903CA89A7,Intro / Stay All Night_ Stay A Little Longer,Hawkshaw Hawkins,117.696,-9.902,71.1571,,,,,,,,,,,,
TRBHUUZ128F425C46F,Entre Gris Clair Et Gris Foncé (Live),Jean-Jacques Goldman,150.407,-10.787,434.49424,,,,,,,,,,,,
TRBHUVB128F148ADB8,Where You Think You're Goin'?,Darryl Worley,124.693,-9.344,226.2722,,,,,,,,,,,,
TRBHUZJ128F930C29C,Thriller (Album),Singing Melody,209.956,-7.327,251.11465,,,,,,,,,,,,
TRBHVJH12903CE8978,At the Club,DJ X-Change featuring DJ Omega,160.067,-6.854,147.06893,,,,,,,,,,,,
TRBHVLH128F92F2369,When Horsepower Meant What It Said,Sandi Thom,210.253,-8.688,183.35302,,,,,,,,,,,,
TRBHVRD128F93232B7,Body,Dj Kali,133.891,-4.988,347.61098,,,,,,,,,,,,
TRBHVSG128F934CF32,El Tirabuzón,Tito Rodriguez,169.822,-12.665,138.44853,,,,,,,,,,,,
TRBHVSO128F92EFA78,Let Me In,The Fabulous Thunderbirds,118.02,-6.923,154.53995,,,,,,,,,,,,
TRBHVTI128F934DAA4,He Took A Cab To Neptune,Art Ensemble Of Chicago,183.94,-15.73,384.54812,,,,,,,,,,,,
TRBHWBQ12903CD4338,Be Elevator,Virus,155.091,-6.56,529.03138,,,,,,,,,,,,
TRBHWFN128F149E95B,She Hui Ge (Movie 2nd Song - Love Undercover 3),Fiona Sit,84.017,-11.389,205.24363,,,,,,,,,,,,
TRBHWIB128F932E5C1,A Guy What Takes His Time En Anglais,Marlene Dietrich,81.674,-12.442,167.02649,,,,,,,,,,,,
TRBHWOM128F9322A72,Is It Clean (Ethereal - Progressive),The Gone Jackals,119.526,-14.87,220.83873,,,,,,,,,,,,
TRBHWQX128F92F9C79,I Talk To The Trees,Danny Williams,96.112,-10.908,190.27546,,,,,,,,,,,,
TRBHWRM12903CD3111,This is How It Goes (Timmy Trumpet Remix),Goldfish,128.004,-8.14,432.14322,,,,,,,,,,,,
TRBHWSJ128F42A6CB3,Yksinäisin,Solistiyhtye Suomi,134.48,-9.4,164.98893,,,,,,,,,,,,
TRBHWTF128F92EA841,New Kind Of Mambo,Big Maybelle,145.105,-8.052,156.96934,,,,,,,,,,,,
TRBHWUC128E0784FF1,So Still (Album Version),Danny Wright,182.589,-19.97,238.91546,,,,,,,,,,,,
TRBHWVU12903CD4350,Aulis Gerlander,Jope Ruonansuu,124.985,-5.062,150.7522,,,,,,,,,,,,
TRBHWYD128F146A6FA,Amor De Lejos,Lara & Reyes,109.509,-7.82,319.84281,,,,,,,,,,,,
TRBHXCE128F92F0953,Now Is A Needy Time,David Evans,133.18,-8.815,239.15057,,,,,,,,,,,,
TRBHXIS128F930BCED,Les Psys,Les Malpolis,169.333,-7.943,156.02893,,,,,,,,,,,,
TRBHXNG128F423C6B7,I'm Alive (BT & Sasha Mix),Seal,128.45,-6.223,828.05506,,,,,,,,,,,,
TRBHXRQ128F42A713F,Peaches (Fear of Theydon remix),Dub Pistols feat. Rodney P & Terry Hall,121.983,-6.139,323.57832,,,,,,,,,,,,
TRBHXSQ12903D0967F,Thrill Pistol,Tigertailz,134.056,-6.334,309.18485,,,,,,,,,,,,
TRBHXUG128EF343575,Walking Miracle,Vanessa Bell Armstrong,122.511,-6.269,224.65261,,,,,,,,,,,,
TRBHXUX12903C9A5B2,Je me sens bien pasta fagioli,Chatelaine,135.344,-8.374,150.17751,,,,,,,,,,,,
TRBHXWT128F42931A9,Dieter's Theme,Klaus Badelt,119.831,-12.939,203.15383,,,,,,,,,,,,
TRBHYAU128F9334703,Army Of Me (Album Version),Chimaira,90.021,-4.372,260.64934,,,,,,,,,,,,
TRBHYBJ128C7196D75,I Know You Got Soul,Eric B. & Rakim,94.499,-12.314,282.04363,,,,,,,,,,,,
TRBHYBZ128F4231376,I'm Against It/Horse Feathers,The Marx Brothers,157.932,-17.126,188.3424,,,,,,,,,,,,
TRBHYFI128F426C713,Boogaloo Wow,Mongo Santamaria,119.336,-9.698,229.51138,,,,,,,,,,,,
TRBHYGY128F93264CD,Einleitung,Kurt Tepperwein,61.618,-14.431,33.67138,,,,,,,,,,,,
TRBHYIK128F92E210B,Falling Down [Live Acoustic],Muse,103.995,-13.016,312.05832,,,,,,,,,,,,
TRBHYNZ128F424619D,Les Reves D´enfants,Monty,133.787,-9.675,195.60444,,,,,,,,,,,,
TRBHYQH12903CF770E,Békási táncdallamok,Muzsikas,98.246,-2.937,351.50322,,,,,,,,,,,,
TRBHYQL12903CEC0C1,When They Ring The Bells Of Heaven,The Perrys,120.047,-9.058,109.81832,,,,,,,,,,,,
TRBHYTA128F93425AC,Ayudame Freud,Ricardo Arjona,143.676,-11.533,403.25179,,,,,,,,,,,,
TRBHYTM128F93247D6,La danse des petits amis,Oui Oui,125.093,-5.546,174.15791,,,,,,,,,,,,
TRBHYWQ128F4231A3E,Because Of You (Album Version),Unwritten Law,103.142,-4.26,183.74485,,,,,,,,,,,,
TRBHYYH128F42390AC,Will You Be There? (Live Version),Cindy Morgan,71.478,-14.966,101.58975,,,,,,,,,,,,
TRBHZAA128F4271AE9,20.000 Seconds,K's Choice,103.801,-15.284,144.14322,,,,,,,,,,,,
TRBHZAC12903CF573E,Pastel,Richard Smith,176.014,-7.44,277.002,,,,,,,,,,,,
TRBHZFS128F93004F3,Cedar and Clay (World),R. Carlos Nakai,99.933,-27.755,230.37342,,,,,,,,,,,,
TRBHZGF128F93576EF,Red Sails In The Sunset,Arthur Tracy,104,-19.397,180.32281,,,,,,,,,,,,
TRBHZIX128F421A258,Smoke In The Air (A Cappella),C.L. Smooth,100.552,-13.91,185.18159,,,,,,,,,,,,
TRBHZLI128F931CEF3,Qu Ni De Hun Li,Candy Lo,124.019,-8.374,202.57914,,,,,,,,,,,,
TRBHZNF128F14989FE,(The Best Part Of) Breakin' Up,The Ronettes,106.671,-6.172,182.83057,,,,,,,,,,,,
TRBHZRN128F92EFF91,Kapitel 4,Oliver Kalkofe,258.677,-14.165,549.3024,,,,,,,,,,,,
TRBHZUN12903CA60F7,IRM,Charlotte Gainsbourg,120.148,-8.005,154.95791,,,,,,,,,,,,
TRBHZYO128E07862BE,Look Thru My Eyes,DMX,95.752,-8.668,230.50404,,,,,,,,,,,,
TRBIACJ128F93087A9,I Got My Discharge Papers,Big Joe Turner,84.907,-11.261,159.16363,,,,,,,,,,,,
TRBIACM128F930021A,The Bells Of Rhymney,Roger McGuinn,83.897,-16.326,264.69832,,,,,,,,,,,,
TRBIAGO128F42640FB,Hootchie Cootchie Man,Rocky Hill,93.162,-6.295,339.51302,,,,,,,,,,,,
TRBIAHA128F42A4C9B,This Is Not A Love Song,Public Image Ltd,127.369,-10.347,251.50649,,,,,,,,,,,,
TRBIAKX128EF35D3BA,Mind On,Ashes to Ashes,120.986,-9.988,191.92118,,,,,,,,,,,,
TRBIANJ128F423A53A,You are the summer,Gloria,84.978,-6.47,218.122,,,,,,,,,,,,
TRBIANT128F425C487,Je Marche Seul (Version Longue),Jean-Jacques Goldman,133.058,-6.663,358.60853,,,,,,,,,,,,
TRBIAQT128F426B9E0,De Tha Kano Piso,Konstantinos Galanos,126.941,-4.767,219.71546,,,,,,,,,,,,
TRBIAVI128F424A89C,Pack Your Bags (Remix by Ralphi Rosario),Leana,130.923,-5.705,228.15302,,,,,,,,,,,,
TRBIAVP12903CEDA19,I Know A Place,Joe Bonamassa,75.064,-7.355,258.7424,,,,,,,,,,,,
TRBIAVU128EF3493BA,The Letter That Johnny Walker Read,Asleep At The Wheel,122.166,-9.02,238.21016,,,,,,,,,,,,
TRBIBAQ128F93279F5,Crazy Circles,Bad Company,194.283,-8.958,211.1473,,,,,,,,,,,,
TRBIBFY128F932C0E3,Fica ma mi,Nichols,167.941,-5.609,214.46485,,,,,,,,,,,,
TRBIBGN128F42ADC66,The Meantime,Phantom Planet,122.488,-4.507,209.34485,,,,,,,,,,,,
TRBIBKA128F42947BF,Die Meisten,Samy Deluxe,85.865,-7.557,235.98975,,,,,,,,,,,,
TRBIBKU128F422A0E3,No Coward Soldier,The Jackson Southernaires,115.434,-11.718,273.162,,,,,,,,,,,,
TRBIBLJ12903CCF436,Papa Don't Preach,Madonna,121.948,-3.579,269.58322,,,,,,,,,,,,
TRBIBLK128F4264240,Thats life,Sane Band,148.071,-15.751,262.53016,,,,,,,,,,,,
TRBIBOJ128F14618D4,Hard Hitters,Dilated Peoples Featuring Black Thought,87.326,-5.265,236.72118,,,,,,,,,,,,
TRBIBSK128F92E5624,Saca La Botella,Sonora Santanera,94.257,-8.215,150.72608,,,,,,,,,,,,
TRBIBSN128F92FBA64,Akhan Nay Sharab,Pardesi,90.811,-12.781,263.52281,,,,,,,,,,,,
TRBIBSS128F14A205E,Two Elegiac Melodies Op. 34: 2. The Last Spring,Sir Neville Marriner,61.634,-21.254,296.80281,,,,,,,,,,,,
TRBIBTE128E078E882,Start!,The Jam,144.424,-12.793,147.64363,,,,,,,,,,,,
TRBIBTU128F92FDC9D,Fortress,Tim Exile,110,-6.555,369.57995,,,,,,,,,,,,
TRBIBVM128F4262E9D,Are You Happy (Album Version),Drop Dead_ Gorgeous,200.289,-3.973,96.10404,,,,,,,,,,,,
TRBICCR128F9352E4F,The Little Stack Of Barley / Cronin's Hornpipe,Séamus Ennis,162.356,-16.808,249.73016,,,,,,,,,,,,
TRBICDG12903CBBAC6,Gutes Mädchen,Hassan Annouri,96.043,-7.409,259.26485,,,,,,,,,,,,
TRBICEA128F93668AA,Spend the Night featuring Rock Money and Paul Law,Tech N9ne,106.644,-3.8,260.38812,,,,,,,,,,,,
TRBICFZ128F429F9E1,Maybe You'll Love Me Too,Jazz Gillum,98.563,-16.83,191.86893,,,,,,,,,,,,
TRBICGT128E0792473,Patience,Guns N' Roses,122.838,-5.454,402.36363,,,,,,,,,,,,
TRBICHF128F92E42FA,Violet Heart Box,Willie Isz,83.573,-6.988,338.72934,,,,,,,,,,,,
TRBICJM128F1490DE4,The World Is Waiting For The Sunrise,Bob Crosby,119.763,-10.713,173.73995,,,,,,,,,,,,
TRBICPL128F9303BB0,In Your Dreams,Justo Almario,216.557,-8.864,243.43465,,,,,,,,,,,,
TRBICQR128F9322603,Let it go Interlude,PMD,70.123,-20.656,44.2771,,,,,,,,,,,,
TRBICRP128F42882BB,Follow The Light,Dungeon Family,117.004,-7.228,264.6722,,,,,,,,,,,,
TRBICVB128F9326B65,Night Falls (The Weight Of It),Strata,125.562,-3.892,201.27302,,,,,,,,,,,,
TRBICWB12903C9D763,Cocoricó (Abertura),Hélio Ziskind,200.617,-7.063,60.70812,,,,,,,,,,,,
TRBICWI128F4234787,It Hurts Me Too,Jeremy Spencer,92.433,-11.992,289.77587,,,,,,,,,,,,
TRBICXY128F428A9C8,I Woke Up One Morning And I Could Hardly See,Sonny Terry / Brownie McGhee,100.82,-17.431,343.84934,,,,,,,,,,,,
TRBIDFH128F1464397,Rhapsody In Blue (2003 Digital Remaster),Semprini,137.687,-18.993,517.0673,,,,,,,,,,,,
TRBIDGE128F9333791,Lucindy,Curt Bois,91.568,-22.377,153.52118,,,,,,,,,,,,
TRBIDKS128F92CA8AD,Mort,Monique Morelli,122.976,-16.558,136.07138,,,,,,,,,,,,
TRBIDPO128F423508A,Sebastian,Daylight Torn,135.91,-6.742,225.07057,,,,,,,,,,,,
TRBIDRG128F92FC6E5,Gabriel's Oboe (La Mision),Carlos Nuñez,131.986,-10.375,179.64363,,,,,,,,,,,,
TRBIDUD128F92FA11C,My Little Blue One,Cowboy Mouth,85.268,-9.043,164.57098,,,,,,,,,,,,
TRBIDUK128F42806A4,No Matter How She Done It,Tampa Red,109.961,-12.518,178.25914,,,,,,,,,,,,
TRBIDWY128F92E7BD9,Vulture 4,DJ Slugo,74.985,-11.704,193.04444,,,,,,,,,,,,
TRBIDYF128F42680C4,The Star-Spangled Banner (1998 Digital Remaster),Felix Slatkin/Concert Arts Symphonic Band,92.499,-16.154,108.35546,,,,,,,,,,,,
TRBIECT128F933810B,Come On Home,Michael English,123.29,-10.614,189.88363,,,,,,,,,,,,
TRBIEGC128F93317E6,Alone Together (Live Acoustic),John Wesley,150.986,-13.554,166.03383,,,,,,,,,,,,
TRBIEHQ12903CB66CE,Brasil pandeiro,Mart'nália,96.978,-7.956,242.59873,,,,,,,,,,,,
TRBIEIZ128F148D778,Diamonds From Sierra Leone,Kanye West,81.53,-5.597,247.64036,,,,,,,,,,,,
TRBIEJU12903CE6489,On The Edge Of Forever,Mannheim Steamroller,109.831,-19.196,277.65506,,,,,,,,,,,,
TRBIELT128F93381E6,Rapaz De Bem,Sivuca,181.239,-17.45,185.73016,,,,,,,,,,,,
TRBIEOB128F9345157,Soy Un Poco De Ti - Original,Yolandita Monge,114.325,-11.095,181.49832,,,,,,,,,,,,
TRBIERO12903CC4BF5,La Bambola,Los Iracundos,125.717,-10.857,149.36771,,,,,,,,,,,,
TRBIEUG128F9318813,Is This Legal,The Lord Henry,142.991,-5.168,239.59465,,,,,,,,,,,,
TRBIEUL128F4268D07,The Drama (intro),X-Ecutioners featuring Big Pun,115.498,-14.843,65.72363,,,,,,,,,,,,
TRBIEVL128F9352A51,Track BALLERINA GIRL,Antonio Koudele,88.12,-14.773,195.5522,,,,,,,,,,,,
TRBIEXO128F429233D,Near You,Floyd Cramer,83.724,-16.438,117.4722,,,,,,,,,,,,
TRBIEZY128F426C432,Break Em,Ultra X,101.458,-7.846,209.13587,,,,,,,,,,,,
TRBIFAU128F9328EC4,Sunshine Anchorman Medley,Jonathan Edwards / Will Ferrell,83.985,-8.863,159.58159,,,,,,,,,,,,
TRBIFGK128F92F23A2,A Dustland Fairytale,The Killers,134.734,-4.808,225.12281,,,,,,,,,,,,
TRBIFGL12903D0C8BE,Dr Kaotica,Organ Donors,134.07,-3.277,455.44444,,,,,,,,,,,,
TRBIFNO128F42702FB,Intro,Tha Liks,97.067,-12.577,43.2322,,,,,,,,,,,,
TRBIFOK128EF362D20,I'm That Type Of Ni**a,The Pharcyde,104.357,-6.823,315.97669,,,,,,,,,,,,
TRBIFPI12903CEAFB6,Somebody Sweet,John D. Loudermilk,87.714,-10.955,113.81506,,,,,,,,,,,,
TRBIFPX12903CCF859,Just My Imagination,Cornell Campbell,88.843,-8.85,166.55628,,,,,,,,,,,,
TRBIFUD128F1495AE2,Young Riders,Hot Boys,93.859,-6.221,227.94404,,,,,,,,,,,,
TRBIFUV12903D07374,Lovin' You,Minnie Riperton,122.832,-13.895,224.67873,,,,,,,,,,,,
TRBIFWB128F1460D8C,Merry-Go-Round,Mötley Crüe,121.691,-7.606,201.40363,,,,,,,,,,,,
TRBIFZX128F9342AAE,Long Way 2 Go [Friscia & Lamboy Club],Cassie,82.005,-5.007,490.86649,,,,,,,,,,,,
TRBIGAK128F424C305,Caught - Special Way,Freedom,163.136,-12.231,245.49832,,,,,,,,,,,,
TRBIGFQ128F933EBEE,Monkey Faced Woman,Otis Spann,89.518,-24.81,298.55302,,,,,,,,,,,,
TRBIGGV12903CABC77,Strange Way To Save The World,4Him,120.077,-12.922,270.28853,,,,,,,,,,,,
TRBIGJN128F4222B19,La Panadera,Pedro Laza Y Sus Pelayeros,83.469,-7.5,157.93587,,,,,,,,,,,,
TRBIGLR128F92E87DD,Second Chance,The Sterns,188.481,-4.553,162.82077,,,,,,,,,,,,
TRBIGOC12903CC4FDF,Class Clown/Good Old Days (Reprise),Owsley,95.787,-8.022,348.02893,,,,,,,,,,,,
TRBIGRU128F145B139,Standing In The Darkness,Alias,140.449,-10.377,274.15465,,,,,,,,,,,,
TRBIGRY128F42597B3,All About Our Love,Sade,161.991,-8.211,160.62649,,,,,,,,,,,,
TRBIGRZ128E0792329,Gammer Gerten's Needle,Deep Blue Something,158.244,-7.335,199.3922,,,,,,,,,,,,
TRBIGTG128F92EDBAC,Baby_ I'm Your Man,Kevin Max,88.002,-6.968,219.01016,,,,,,,,,,,,
TRBIGUJ128F92D674F,Leave My Kitten Alone,Little Willie John,105.653,-10.978,147.25179,,,,,,,,,,,,
TRBIGXB12903CBFE1F,That's Not the Way Love's Supposed to Be,Tora Tora,110.494,-11.476,248.16281,,,,,,,,,,,,
TRBIHAU128F425C317,Does It Float,Dinosaur Jr.,185.452,-5.233,198.53016,,,,,,,,,,,,
TRBIHGD128F92E8D12,Why can't we live together,Sin Plomo,127.955,-9.539,444.49914,,,,,,,,,,,,
TRBIHHY128F9306343,The Storm,Lloyd Spiegel,113.397,-8.635,188.70812,,,,,,,,,,,,
TRBIHKE128F9309555,My Way (Alternate Studio Version),The Sex Pistols,89.607,-8.016,176.5873,,,,,,,,,,,,
TRBIHKT128F4290554,Give U My Heart,Toni Braxton Featuring Babyface,103.832,-4.225,240.61342,,,,,,,,,,,,
TRBIHMZ128F42B7CF3,Along Comes Mary,Cal Tjader,143.764,-16.603,199.75791,,,,,,,,,,,,
TRBIHOC12903CE371C,Die Romantic [Live],Aiden,125.653,-7.561,241.03138,,,,,,,,,,,,
TRBIHQM128F92F83BA,Daybreak,Winterlight,99.998,-7.437,328.6722,,,,,,,,,,,,
TRBIHVW128F4233965,Crayon Sharpener,themselves,167.885,-13.017,271.43791,,,,,,,,,,,,
TRBIIAL128F4252C04,"Then He Said_ ""Sing",Ivan Parker,91.964,-9.826,207.90812,,,,,,,,,,,,
TRBIICD128F14553D8,Le Precipice,Daara J,91.005,-7.727,261.61587,,,,,,,,,,,,
TRBIIEU128F9307C88,Don't Let Her Pull You Down,New Found Glory,192.07,-3.301,208.27383,,,,,,,,,,,,
TRBIIJX128F933AB7D,La Mona Jacinta,María Elena Walsh,131.552,-12.517,150.09914,,,,,,,,,,,,
TRBIIJY12903CE4755,Ten Thousand Angels,Mindy McCready,100.881,-6.156,231.83628,,,,,,,,,,,,
TRBIIOT128F423C594,Leaders Of Men,Joy Division,150.04,-6.021,141.08689,,,,,,,,,,,,
TRBIISJ128F14AE61C,Overture (Genesis & Job),Don Francisco,68.537,-16.294,311.2224,,,,,,,,,,,,
TRBIIUC128F931B59E,Mohawk Hunt,Kaskaad,87.507,-6.239,414.9024,,,,,,,,,,,,
TRBIIXI128F9344121,Zindegi,Chantal Chamandy,84.96,-7.489,256.15628,,,,,,,,,,,,
TRBIJES12903CF5B12,Harboring An Apparition,Mouth Of The Architect,124.562,-8.316,475.21914,,,,,,,,,,,,
TRBIJFB128F92ED124,One the road (to Damnation),It Dies Today,98.377,-4.027,179.40853,,,,,,,,,,,,
TRBIJFO128F42990C5,Dark End Of The Street,Diamanda Galas,162.133,-12.673,162.95138,,,,,,,,,,,,
TRBIJIA128F425F57D,The Forgotten Lands,David Arkenstone,141.975,-14.881,314.5922,,,,,,,,,,,,
TRBIJIP128F9334953,Munster Song (Best of 2009),Mario Rosenstock,90.05,-8.065,187.14077,,,,,,,,,,,,
TRBIJKN12903CBF11B,Down In Dixie,Grandpa Jones,119.271,-11.756,141.73995,,,,,,,,,,,,
TRBIJLT12903CE7070,God Don't Never Change,Blind Willie Johnson,95.677,-16.159,172.25098,,,,,,,,,,,,
TRBIJMU12903CF892B,The Hanged Man,Moonspell,140.185,-8.087,386.19383,,,,,,,,,,,,
TRBIJNF128F14815A7,The Wonderful World Of The Young,Danny Williams,77.072,-14.517,168.01914,,,,,,,,,,,,
TRBIJNK128F93093EC,Sentimental Man,Winston Reedy,118.123,-12.087,193.72363,,,,,,,,,,,,
TRBIJRN128F425F3DD,Zydeco In D-Minor,"Myrick ""Freeze"" Guillory",137.663,-12.574,300.82567,,,,,,,,,,,,
TRBIJYB128F14AE326,Shattered Life,Seventh Day Slumber,150.575,-5.324,209.73669,,,,,,,,,,,,
